domain,group_id,group_kind,eligible_for_cumulative_raw,protected_reason,selection_unit,score_basis,isomorphic_scope,root_channels_before,selectable_units_before,selected_unit_count,prune_first_mean_score,prune_first_max_score,all_unit_score_mean,all_unit_score_std,isomorphic_scope_rank,isomorphic_scope_size,isomorphic_queue_index
NGN2,DG001,GENERIC,False,stem remains protected,output_channel,GroupTaylorImportance_mean_mean,Isomorphic_<class 'torch.nn.modules.conv.Conv2d'>_out_<class 'torch.nn.modules.conv.Conv2d'>_out<class 'torch.nn.modules.conv.Conv2d'>_out_<class 'torch.nn.modules.batchnorm.BatchNorm2d'>_out<class 'torch.nn.modules.batchnorm.BatchNorm2d'>_out_<class 'torch_pruning.ops._ElementWiseOp'>_out<class 'torch_pruning.ops._ElementWiseOp'>_in_<class 'torch.nn.modules.conv.Conv2d'>_in,16,16,6,0.32686805725097656,0.482076495885849,1.0,1.322863221168518,,,
NGN2,DG002,GENERIC,True,,output_channel,GroupTaylorImportance_mean_mean,Isomorphic_<class 'torch.nn.modules.conv.Conv2d'>_out_<class 'torch.nn.modules.conv.Conv2d'>_out<class 'torch.nn.modules.conv.Conv2d'>_out_<class 'torch.nn.modules.batchnorm.BatchNorm2d'>_out<class 'torch.nn.modules.batchnorm.BatchNorm2d'>_out_<class 'torch_pruning.ops._ElementWiseOp'>_out<class 'torch_pruning.ops._ElementWiseOp'>_in_<class 'torch.nn.modules.conv.Conv2d'>_in,32,32,12,0.5094130635261536,0.6201876997947693,1.0,0.7974156737327576,8,19,38
NGN2,DG003,GENERIC,True,,output_channel,GroupTaylorImportance_mean_mean,Isomorphic_<class 'torch.nn.modules.conv.Conv2d'>_out_<class 'torch.nn.modules.conv.Conv2d'>_out<class 'torch.nn.modules.conv.Conv2d'>_out_<class 'torch.nn.modules.batchnorm.BatchNorm2d'>_out<class 'torch.nn.modules.batchnorm.BatchNorm2d'>_out_<class 'torch_pruning.ops._ElementWiseOp'>_out<class 'torch_pruning.ops._ElementWiseOp'>_out_<class 'torch_pruning.ops._ConcatOp'>_out<class 'torch_pruning.ops._ElementWiseOp'>_out_<class 'torch_pruning.ops._ElementWiseOp'>_out<class 'torch_pruning.ops._ElementWiseOp'>_out_<class 'torch_pruning.ops._ConcatOp'>_out<class 'torch_pruning.ops._ConcatOp'>_in_<class 'torch.nn.modules.conv.Conv2d'>_in<class 'torch_pruning.ops._ConcatOp'>_in_<class 'torch.nn.modules.conv.Conv2d'>_in,256,256,96,0.6469913721084595,0.7674180865287781,1.0,0.574881374835968,2,2,18
NGN2,DG004,GENERIC,True,,output_channel,GroupTaylorImportance_mean_mean,Isomorphic_<class 'torch.nn.modules.conv.Conv2d'>_out_<class 'torch.nn.modules.conv.Conv2d'>_out<class 'torch.nn.modules.conv.Conv2d'>_out_<class 'torch.nn.modules.batchnorm.BatchNorm2d'>_out<class 'torch.nn.modules.batchnorm.BatchNorm2d'>_out_<class 'torch_pruning.ops._ElementWiseOp'>_out<class 'torch_pruning.ops._ElementWiseOp'>_in_<class 'torch.nn.modules.conv.Conv2d'>_in,256,256,96,0.8092933297157288,0.9490451216697693,1.0,0.20265422761440277,19,19,49
NGN2,DG005,GENERIC,True,,output_channel,GroupTaylorImportance_mean_mean,Isomorphic_<class 'torch.nn.modules.conv.Conv2d'>_out_<class 'torch.nn.modules.conv.Conv2d'>_out<class 'torch.nn.modules.conv.Conv2d'>_out_<class 'torch.nn.modules.batchnorm.BatchNorm2d'>_out<class 'torch.nn.modules.batchnorm.BatchNorm2d'>_out_<class 'torch_pruning.ops._ElementWiseOp'>_out<class 'torch_pruning.ops._ElementWiseOp'>_out_<class 'torch_pruning.ops._ConcatOp'>_out<class 'torch_pruning.ops._ElementWiseOp'>_out_<class 'torch_pruning.ops._ElementWiseOp'>_out<class 'torch_pruning.ops._ElementWiseOp'>_out_<class 'torch_pruning.ops._ConcatOp'>_out<class 'torch_pruning.ops._ConcatOp'>_in_<class 'torch.nn.modules.conv.Conv2d'>_in<class 'torch_pruning.ops._ConcatOp'>_in_<class 'torch.nn.modules.conv.Conv2d'>_in,128,128,48,0.5936703085899353,0.7200166583061218,1.0,0.4836917519569397,1,2,10
NGN2,DG006,GENERIC,True,,output_channel,GroupTaylorImportance_mean_mean,Isomorphic_<class 'torch.nn.modules.conv.Conv2d'>_out_<class 'torch.nn.modules.conv.Conv2d'>_out<class 'torch.nn.modules.conv.Conv2d'>_out_<class 'torch.nn.modules.batchnorm.BatchNorm2d'>_out<class 'torch.nn.modules.batchnorm.BatchNorm2d'>_out_<class 'torch_pruning.ops._ElementWiseOp'>_out<class 'torch_pruning.ops._ElementWiseOp'>_out_<class 'torch_pruning.ops._ElementWiseOp'>_out<class 'torch_pruning.ops._ElementWiseOp'>_in_<class 'torch.nn.modules.conv.Conv2d'>_in<class 'torch_pruning.ops._ElementWiseOp'>_out_<class 'torch_pruning.ops._ElementWiseOp'>_out<class 'torch_pruning.ops._ElementWiseOp'>_out_<class 'torch_pruning.ops._ElementWiseOp'>_out<class 'torch_pruning.ops._ElementWiseOp'>_in_<class 'torch.nn.modules.conv.Conv2d'>_in<class 'torch_pruning.ops._ElementWiseOp'>_out_<class 'torch_pruning.ops._ElementWiseOp'>_out<class 'torch_pruning.ops._ElementWiseOp'>_out_<class 'torch_pruning.ops._ConcatOp'>_out<class 'torch_pruning.ops._ConcatOp'>_in_<class 'torch.nn.modules.conv.Conv2d'>_in<class 'torch_pruning.ops._ElementWiseOp'>_out_<class 'torch.nn.modules.batchnorm.BatchNorm2d'>_out<class 'torch.nn.modules.batchnorm.BatchNorm2d'>_out_<class 'torch.nn.modules.conv.Conv2d'>_out<class 'torch_pruning.ops._ElementWiseOp'>_out_<class 'torch.nn.modules.batchnorm.BatchNorm2d'>_out<class 'torch.nn.modules.batchnorm.BatchNorm2d'>_out_<class 'torch.nn.modules.conv.Conv2d'>_out,32,32,12,0.7817995548248291,0.9189044833183289,0.9999999403953552,0.2088763415813446,5,5,31
NGN2,DG007,GENERIC,True,,output_channel,GroupTaylorImportance_mean_mean,Isomorphic_<class 'torch.nn.modules.conv.Conv2d'>_out_<class 'torch.nn.modules.conv.Conv2d'>_out<class 'torch.nn.modules.conv.Conv2d'>_out_<class 'torch.nn.modules.batchnorm.BatchNorm2d'>_out<class 'torch.nn.modules.batchnorm.BatchNorm2d'>_out_<class 'torch_pruning.ops._ElementWiseOp'>_out<class 'torch_pruning.ops._ElementWiseOp'>_out_<class 'torch_pruning.ops._ConcatOp'>_out<class 'torch_pruning.ops._ConcatOp'>_in_<class 'torch.nn.modules.conv.Conv2d'>_in,32,32,12,0.5437838435173035,0.7080262303352356,1.0,0.49227669835090637,4,7,26
NGN2,DG008,GENERIC,True,,output_channel,GroupTaylorImportance_mean_mean,Isomorphic_<class 'torch.nn.modules.conv.Conv2d'>_out_<class 'torch.nn.modules.conv.Conv2d'>_out<class 'torch.nn.modules.conv.Conv2d'>_out_<class 'torch.nn.modules.batchnorm.BatchNorm2d'>_out<class 'torch.nn.modules.batchnorm.BatchNorm2d'>_out_<class 'torch_pruning.ops._ElementWiseOp'>_out<class 'torch_pruning.ops._ElementWiseOp'>_in_<class 'torch.nn.modules.conv.Conv2d'>_in,32,32,12,0.665959358215332,0.8020860552787781,0.9999998807907104,0.3657948672771454,17,19,47
NGN2,DG009,GENERIC,True,,output_channel,GroupTaylorImportance_mean_mean,Isomorphic_<class 'torch.nn.modules.conv.Conv2d'>_out_<class 'torch.nn.modules.conv.Conv2d'>_out<class 'torch.nn.modules.conv.Conv2d'>_out_<class 'torch.nn.modules.batchnorm.BatchNorm2d'>_out<class 'torch.nn.modules.batchnorm.BatchNorm2d'>_out_<class 'torch_pruning.ops._ElementWiseOp'>_out<class 'torch_pruning.ops._ElementWiseOp'>_in_<class 'torch.nn.modules.conv.Conv2d'>_in,32,32,12,0.7192084193229675,0.8449583053588867,1.0,0.2833099365234375,18,19,48
NGN2,DG010,GENERIC,True,,output_channel,GroupTaylorImportance_mean_mean,Isomorphic_<class 'torch.nn.modules.conv.Conv2d'>_out_<class 'torch.nn.modules.conv.Conv2d'>_out<class 'torch.nn.modules.conv.Conv2d'>_out_<class 'torch.nn.modules.batchnorm.BatchNorm2d'>_out<class 'torch.nn.modules.batchnorm.BatchNorm2d'>_out_<class 'torch_pruning.ops._ElementWiseOp'>_out<class 'torch_pruning.ops._ElementWiseOp'>_in_<class 'torch.nn.modules.conv.Conv2d'>_in<class 'torch_pruning.ops._ElementWiseOp'>_in_<class 'torch.nn.modules.conv.Conv2d'>_in<class 'torch_pruning.ops._ElementWiseOp'>_out_<class 'torch.nn.modules.conv.Conv2d'>_out<class 'torch_pruning.ops._ElementWiseOp'>_in_<class 'torch.nn.modules.conv.Conv2d'>_in<class 'torch_pruning.ops._ElementWiseOp'>_out_<class 'torch.nn.modules.conv.Conv2d'>_out<class 'torch.nn.modules.conv.Conv2d'>_out_<class 'torch.nn.modules.batchnorm.BatchNorm2d'>_out<class 'torch.nn.modules.batchnorm.BatchNorm2d'>_out_<class 'torch_pruning.ops._ElementWiseOp'>_out<class 'torch_pruning.ops._ElementWiseOp'>_in_<class 'torch.nn.modules.conv.Conv2d'>_in<class 'torch.nn.modules.conv.Conv2d'>_out_<class 'torch.nn.modules.batchnorm.BatchNorm2d'>_out<class 'torch.nn.modules.batchnorm.BatchNorm2d'>_out_<class 'torch_pruning.ops._ElementWiseOp'>_out<class 'torch_pruning.ops._ElementWiseOp'>_in_<class 'torch.nn.modules.conv.Conv2d'>_in,64,64,24,0.63954758644104,0.7861948609352112,1.0,0.6141477227210999,2,2,15
NGN2,DG011,GENERIC,True,,output_channel,GroupTaylorImportance_mean_mean,Isomorphic_<class 'torch.nn.modules.conv.Conv2d'>_out_<class 'torch.nn.modules.conv.Conv2d'>_out<class 'torch.nn.modules.conv.Conv2d'>_out_<class 'torch.nn.modules.batchnorm.BatchNorm2d'>_out<class 'torch.nn.modules.batchnorm.BatchNorm2d'>_out_<class 'torch_pruning.ops._ElementWiseOp'>_out<class 'torch_pruning.ops._ElementWiseOp'>_out_<class 'torch_pruning.ops._ElementWiseOp'>_out<class 'torch_pruning.ops._ElementWiseOp'>_in_<class 'torch.nn.modules.conv.Conv2d'>_in<class 'torch_pruning.ops._ElementWiseOp'>_out_<class 'torch_pruning.ops._ElementWiseOp'>_out<class 'torch_pruning.ops._ElementWiseOp'>_out_<class 'torch_pruning.ops._ElementWiseOp'>_out<class 'torch_pruning.ops._ElementWiseOp'>_in_<class 'torch.nn.modules.conv.Conv2d'>_in<class 'torch_pruning.ops._ElementWiseOp'>_out_<class 'torch_pruning.ops._ElementWiseOp'>_out<class 'torch_pruning.ops._ElementWiseOp'>_out_<class 'torch_pruning.ops._ConcatOp'>_out<class 'torch_pruning.ops._ConcatOp'>_in_<class 'torch.nn.modules.conv.Conv2d'>_in<class 'torch_pruning.ops._ElementWiseOp'>_out_<class 'torch.nn.modules.batchnorm.BatchNorm2d'>_out<class 'torch.nn.modules.batchnorm.BatchNorm2d'>_out_<class 'torch.nn.modules.conv.Conv2d'>_out<class 'torch_pruning.ops._ElementWiseOp'>_out_<class 'torch.nn.modules.batchnorm.BatchNorm2d'>_out<class 'torch.nn.modules.batchnorm.BatchNorm2d'>_out_<class 'torch.nn.modules.conv.Conv2d'>_out,16,16,6,0.7535040974617004,0.7657822370529175,1.0,0.2847844958305359,4,5,27
NGN2,DG012,GENERIC,True,,output_channel,GroupTaylorImportance_mean_mean,Isomorphic_<class 'torch.nn.modules.conv.Conv2d'>_out_<class 'torch.nn.modules.conv.Conv2d'>_out<class 'torch.nn.modules.conv.Conv2d'>_out_<class 'torch.nn.modules.batchnorm.BatchNorm2d'>_out<class 'torch.nn.modules.batchnorm.BatchNorm2d'>_out_<class 'torch_pruning.ops._ElementWiseOp'>_out<class 'torch_pruning.ops._ElementWiseOp'>_out_<class 'torch_pruning.ops._ConcatOp'>_out<class 'torch_pruning.ops._ConcatOp'>_in_<class 'torch.nn.modules.conv.Conv2d'>_in,16,16,6,0.514419674873352,0.7721990942955017,0.9999998807907104,0.5481862425804138,3,7,22
NGN2,DG013,GENERIC,True,,output_channel,GroupTaylorImportance_mean_mean,Isomorphic_<class 'torch.nn.modules.conv.Conv2d'>_out_<class 'torch.nn.modules.conv.Conv2d'>_out<class 'torch.nn.modules.conv.Conv2d'>_out_<class 'torch.nn.modules.batchnorm.BatchNorm2d'>_out<class 'torch.nn.modules.batchnorm.BatchNorm2d'>_out_<class 'torch_pruning.ops._ElementWiseOp'>_out<class 'torch_pruning.ops._ElementWiseOp'>_in_<class 'torch.nn.modules.conv.Conv2d'>_in,16,16,6,0.6151955723762512,0.7490513920783997,0.9999998211860657,0.5174826979637146,13,19,43
NGN2,DG014,GENERIC,True,,output_channel,GroupTaylorImportance_mean_mean,Isomorphic_<class 'torch.nn.modules.conv.Conv2d'>_out_<class 'torch.nn.modules.conv.Conv2d'>_out<class 'torch.nn.modules.conv.Conv2d'>_out_<class 'torch.nn.modules.batchnorm.BatchNorm2d'>_out<class 'torch.nn.modules.batchnorm.BatchNorm2d'>_out_<class 'torch_pruning.ops._ElementWiseOp'>_out<class 'torch_pruning.ops._ElementWiseOp'>_in_<class 'torch.nn.modules.conv.Conv2d'>_in,16,16,6,0.6527552008628845,0.7110574245452881,0.9999998807907104,0.7533769607543945,16,19,46
NGN2,DG015,GENERIC,True,,output_channel,GroupTaylorImportance_mean_mean,Isomorphic_<class 'torch.nn.modules.conv.Conv2d'>_out_<class 'torch.nn.modules.conv.Conv2d'>_out<class 'torch.nn.modules.conv.Conv2d'>_out_<class 'torch.nn.modules.batchnorm.BatchNorm2d'>_out<class 'torch.nn.modules.batchnorm.BatchNorm2d'>_out_<class 'torch_pruning.ops._ElementWiseOp'>_out<class 'torch_pruning.ops._ElementWiseOp'>_out_<class 'torch_pruning.ops._ConcatOp'>_out<class 'torch_pruning.ops._ConcatOp'>_in_<class 'torch.nn.modules.conv.Conv2d'>_in,64,64,24,0.5081331729888916,0.6634762287139893,1.0,0.5930249691009521,2,7,17
NGN2,DG016,GENERIC,True,,output_channel,GroupTaylorImportance_mean_mean,Isomorphic_<class 'torch.nn.modules.conv.Conv2d'>_out_<class 'torch.nn.modules.conv.Conv2d'>_out<class 'torch.nn.modules.conv.Conv2d'>_out_<class 'torch.nn.modules.batchnorm.BatchNorm2d'>_out<class 'torch.nn.modules.batchnorm.BatchNorm2d'>_out_<class 'torch_pruning.ops._ElementWiseOp'>_out<class 'torch_pruning.ops._ElementWiseOp'>_in_<class 'torch.nn.modules.conv.Conv2d'>_in<class 'torch_pruning.ops._ElementWiseOp'>_in_<class 'torch.nn.modules.conv.Conv2d'>_in<class 'torch_pruning.ops._ElementWiseOp'>_out_<class 'torch.nn.modules.conv.Conv2d'>_out<class 'torch_pruning.ops._ElementWiseOp'>_in_<class 'torch.nn.modules.conv.Conv2d'>_in<class 'torch_pruning.ops._ElementWiseOp'>_out_<class 'torch.nn.modules.conv.Conv2d'>_out<class 'torch.nn.modules.conv.Conv2d'>_out_<class 'torch.nn.modules.batchnorm.BatchNorm2d'>_out<class 'torch.nn.modules.batchnorm.BatchNorm2d'>_out_<class 'torch_pruning.ops._ElementWiseOp'>_out<class 'torch_pruning.ops._ElementWiseOp'>_in_<class 'torch.nn.modules.conv.Conv2d'>_in<class 'torch.nn.modules.conv.Conv2d'>_out_<class 'torch.nn.modules.batchnorm.BatchNorm2d'>_out<class 'torch.nn.modules.batchnorm.BatchNorm2d'>_out_<class 'torch_pruning.ops._ElementWiseOp'>_out<class 'torch_pruning.ops._ElementWiseOp'>_in_<class 'torch.nn.modules.conv.Conv2d'>_in,128,128,48,0.4800369441509247,0.5972826480865479,1.0000001192092896,1.4091616868972778,1,2,6
NGN2,DG017,GENERIC,True,,output_channel,GroupTaylorImportance_mean_mean,Isomorphic_<class 'torch.nn.modules.conv.Conv2d'>_out_<class 'torch.nn.modules.conv.Conv2d'>_out<class 'torch.nn.modules.conv.Conv2d'>_out_<class 'torch.nn.modules.batchnorm.BatchNorm2d'>_out<class 'torch.nn.modules.batchnorm.BatchNorm2d'>_out_<class 'torch_pruning.ops._ElementWiseOp'>_out<class 'torch_pruning.ops._ElementWiseOp'>_out_<class 'torch_pruning.ops._ElementWiseOp'>_out<class 'torch_pruning.ops._ElementWiseOp'>_in_<class 'torch.nn.modules.conv.Conv2d'>_in<class 'torch_pruning.ops._ElementWiseOp'>_out_<class 'torch_pruning.ops._ElementWiseOp'>_out<class 'torch_pruning.ops._ElementWiseOp'>_out_<class 'torch_pruning.ops._ElementWiseOp'>_out<class 'torch_pruning.ops._ElementWiseOp'>_in_<class 'torch.nn.modules.conv.Conv2d'>_in<class 'torch_pruning.ops._ElementWiseOp'>_out_<class 'torch_pruning.ops._ElementWiseOp'>_out<class 'torch_pruning.ops._ElementWiseOp'>_out_<class 'torch_pruning.ops._ConcatOp'>_out<class 'torch_pruning.ops._ConcatOp'>_in_<class 'torch.nn.modules.conv.Conv2d'>_in<class 'torch_pruning.ops._ElementWiseOp'>_out_<class 'torch.nn.modules.batchnorm.BatchNorm2d'>_out<class 'torch.nn.modules.batchnorm.BatchNorm2d'>_out_<class 'torch.nn.modules.conv.Conv2d'>_out<class 'torch_pruning.ops._ElementWiseOp'>_out_<class 'torch.nn.modules.batchnorm.BatchNorm2d'>_out<class 'torch.nn.modules.batchnorm.BatchNorm2d'>_out_<class 'torch.nn.modules.conv.Conv2d'>_out,32,32,12,0.6930882334709167,0.7988818287849426,1.0,0.3716966509819031,2,5,19
NGN2,DG018,GENERIC,True,,output_channel,GroupTaylorImportance_mean_mean,Isomorphic_<class 'torch.nn.modules.conv.Conv2d'>_out_<class 'torch.nn.modules.conv.Conv2d'>_out<class 'torch.nn.modules.conv.Conv2d'>_out_<class 'torch.nn.modules.batchnorm.BatchNorm2d'>_out<class 'torch.nn.modules.batchnorm.BatchNorm2d'>_out_<class 'torch_pruning.ops._ElementWiseOp'>_out<class 'torch_pruning.ops._ElementWiseOp'>_out_<class 'torch_pruning.ops._ConcatOp'>_out<class 'torch_pruning.ops._ConcatOp'>_in_<class 'torch.nn.modules.conv.Conv2d'>_in,32,32,12,0.6368337273597717,0.8117033243179321,1.0,0.4051896035671234,6,7,34
NGN2,DG019,GENERIC,True,,output_channel,GroupTaylorImportance_mean_mean,Isomorphic_<class 'torch.nn.modules.conv.Conv2d'>_out_<class 'torch.nn.modules.conv.Conv2d'>_out<class 'torch.nn.modules.conv.Conv2d'>_out_<class 'torch.nn.modules.batchnorm.BatchNorm2d'>_out<class 'torch.nn.modules.batchnorm.BatchNorm2d'>_out_<class 'torch_pruning.ops._ElementWiseOp'>_out<class 'torch_pruning.ops._ElementWiseOp'>_in_<class 'torch.nn.modules.conv.Conv2d'>_in,32,32,12,0.5670939087867737,0.7424011826515198,1.0,0.5080320239067078,11,19,41
NGN2,DG020,GENERIC,False,excluded by the completed cumulative-collapse audit,output_channel,GroupTaylorImportance_mean_mean,Isomorphic_<class 'torch.nn.modules.conv.Conv2d'>_out_<class 'torch.nn.modules.conv.Conv2d'>_out<class 'torch.nn.modules.conv.Conv2d'>_out_<class 'torch.nn.modules.batchnorm.BatchNorm2d'>_out<class 'torch.nn.modules.batchnorm.BatchNorm2d'>_out_<class 'torch_pruning.ops._ElementWiseOp'>_out<class 'torch_pruning.ops._ElementWiseOp'>_in_<class 'torch.nn.modules.conv.Conv2d'>_in,32,32,12,0.5850405693054199,0.7441253066062927,1.0,0.4764493703842163,,,
NGN2,DG021,GENERIC,True,,output_channel,GroupTaylorImportance_mean_mean,Isomorphic_<class 'torch.nn.modules.conv.Conv2d'>_out_<class 'torch.nn.modules.conv.Conv2d'>_out<class 'torch.nn.modules.conv.Conv2d'>_out_<class 'torch.nn.modules.batchnorm.BatchNorm2d'>_out<class 'torch.nn.modules.batchnorm.BatchNorm2d'>_out_<class 'torch_pruning.ops._ElementWiseOp'>_out<class 'torch_pruning.ops._ElementWiseOp'>_in_<class 'torch.nn.modules.conv.Conv2d'>_in,64,64,24,0.4491410553455353,0.6059259176254272,0.9999998807907104,0.7332071661949158,4,19,25
NGN2,DG022,GENERIC,True,,output_channel,GroupTaylorImportance_mean_mean,Isomorphic_<class 'torch.nn.modules.conv.Conv2d'>_out_<class 'torch.nn.modules.conv.Conv2d'>_out<class 'torch.nn.modules.conv.Conv2d'>_out_<class 'torch.nn.modules.batchnorm.BatchNorm2d'>_out<class 'torch.nn.modules.batchnorm.BatchNorm2d'>_out_<class 'torch_pruning.ops._ElementWiseOp'>_out<class 'torch_pruning.ops._ElementWiseOp'>_in_<class 'torch.nn.modules.conv.Conv2d'>_in,8,8,3,0.44708701968193054,0.4700797200202942,1.0,0.6224314570426941,2,19,14
NGN2,DG023,GENERIC,True,,output_channel,GroupTaylorImportance_mean_mean,Isomorphic_<class 'torch.nn.modules.conv.Conv2d'>_out_<class 'torch.nn.modules.conv.Conv2d'>_out<class 'torch.nn.modules.conv.Conv2d'>_out_<class 'torch.nn.modules.batchnorm.BatchNorm2d'>_out<class 'torch.nn.modules.batchnorm.BatchNorm2d'>_out_<class 'torch_pruning.ops._ElementWiseOp'>_out<class 'torch_pruning.ops._ElementWiseOp'>_out_<class 'torch_pruning.ops._ConcatOp'>_out<class 'torch_pruning.ops._ConcatOp'>_in_<class 'torch.nn.modules.conv.Conv2d'>_in,128,128,48,0.3715303838253021,0.5983103513717651,1.0,0.8799374103546143,1,7,9
NGN2,DG024,GENERIC,True,,output_channel,GroupTaylorImportance_mean_mean,Isomorphic_<class 'torch.nn.modules.conv.Conv2d'>_out_<class 'torch.nn.modules.conv.Conv2d'>_out<class 'torch.nn.modules.conv.Conv2d'>_out_<class 'torch.nn.modules.batchnorm.BatchNorm2d'>_out<class 'torch.nn.modules.batchnorm.BatchNorm2d'>_out_<class 'torch_pruning.ops._ElementWiseOp'>_out<class 'torch_pruning.ops._ElementWiseOp'>_in_<class 'torch.nn.modules.conv.Conv2d'>_in<class 'torch_pruning.ops._ElementWiseOp'>_out_<class 'torch.nn.modules.conv.Conv2d'>_out<class 'torch_pruning.ops._ElementWiseOp'>_in_<class 'torch.nn.modules.conv.Conv2d'>_in<class 'torch_pruning.ops._ElementWiseOp'>_out_<class 'torch.nn.modules.conv.Conv2d'>_out<class 'torch.nn.modules.conv.Conv2d'>_out_<class 'torch.nn.modules.batchnorm.BatchNorm2d'>_out<class 'torch.nn.modules.batchnorm.BatchNorm2d'>_out_<class 'torch_pruning.ops._ElementWiseOp'>_out<class 'torch_pruning.ops._ElementWiseOp'>_in_<class 'torch.nn.modules.conv.Conv2d'>_in<class 'torch.nn.modules.conv.Conv2d'>_out_<class 'torch.nn.modules.batchnorm.BatchNorm2d'>_out<class 'torch.nn.modules.batchnorm.BatchNorm2d'>_out_<class 'torch_pruning.ops._ElementWiseOp'>_out<class 'torch_pruning.ops._ElementWiseOp'>_in_<class 'torch.nn.modules.conv.Conv2d'>_in,256,256,96,0.3408614695072174,0.45260345935821533,1.0,1.3121867179870605,1,1,7
NGN2,DG025,GENERIC,True,,output_channel,GroupTaylorImportance_mean_mean,Isomorphic_<class 'torch.nn.modules.conv.Conv2d'>_out_<class 'torch.nn.modules.conv.Conv2d'>_out<class 'torch.nn.modules.conv.Conv2d'>_out_<class 'torch.nn.modules.batchnorm.BatchNorm2d'>_out<class 'torch.nn.modules.batchnorm.BatchNorm2d'>_out_<class 'torch_pruning.ops._ElementWiseOp'>_out<class 'torch_pruning.ops._ElementWiseOp'>_in_<class 'torch.nn.modules.conv.Conv2d'>_in,64,64,24,0.5030222535133362,0.6649136543273926,1.0,0.5794255137443542,7,19,36
NGN2,DG026,GENERIC,True,,output_channel,GroupTaylorImportance_mean_mean,Isomorphic_<class 'torch.nn.modules.conv.Conv2d'>_out_<class 'torch.nn.modules.conv.Conv2d'>_out<class 'torch.nn.modules.conv.Conv2d'>_out_<class 'torch.nn.modules.batchnorm.BatchNorm2d'>_out<class 'torch.nn.modules.batchnorm.BatchNorm2d'>_out_<class 'torch_pruning.ops._ElementWiseOp'>_out<class 'torch_pruning.ops._ElementWiseOp'>_in_<class 'torch.nn.modules.conv.Conv2d'>_in,256,256,96,0.4416574537754059,0.5904501676559448,0.9999999403953552,0.8473706245422363,1,19,5
NGN2,DG027,GENERIC,True,,output_channel,GroupTaylorImportance_mean_mean,Isomorphic_<class 'torch.nn.modules.conv.Conv2d'>_out_<class 'torch.nn.modules.conv.Conv2d'>_out<class 'torch.nn.modules.conv.Conv2d'>_out_<class 'torch.nn.modules.batchnorm.BatchNorm2d'>_out<class 'torch.nn.modules.batchnorm.BatchNorm2d'>_out_<class 'torch_pruning.ops._ElementWiseOp'>_out<class 'torch_pruning.ops._ElementWiseOp'>_in_<class 'torch.nn.modules.conv.Conv2d'>_in,64,64,24,0.44793057441711426,0.5902170538902283,1.0,0.6779259443283081,3,19,21
NGN2,DG028,GENERIC,True,,output_channel,GroupTaylorImportance_mean_mean,Isomorphic_<class 'torch.nn.modules.conv.Conv2d'>_out_<class 'torch.nn.modules.conv.Conv2d'>_out<class 'torch.nn.modules.conv.Conv2d'>_out_<class 'torch.nn.modules.batchnorm.BatchNorm2d'>_out<class 'torch.nn.modules.batchnorm.BatchNorm2d'>_out_<class 'torch_pruning.ops._ElementWiseOp'>_out<class 'torch_pruning.ops._ElementWiseOp'>_in_<class 'torch.nn.modules.conv.Conv2d'>_in<class 'torch_pruning.ops._ElementWiseOp'>_out_<class 'torch_pruning.ops._ConcatOp'>_out<class 'torch_pruning.ops._ConcatOp'>_in_<class 'torch.nn.modules.conv.Conv2d'>_in,128,128,48,0.5755953192710876,0.7042596936225891,1.0,0.5174792408943176,1,2,8
NGN2,DG029,GENERIC,True,,output_channel,GroupTaylorImportance_mean_mean,Isomorphic_<class 'torch.nn.modules.conv.Conv2d'>_out_<class 'torch.nn.modules.conv.Conv2d'>_out<class 'torch.nn.modules.conv.Conv2d'>_out_<class 'torch.nn.modules.batchnorm.BatchNorm2d'>_out<class 'torch.nn.modules.batchnorm.BatchNorm2d'>_out_<class 'torch_pruning.ops._ElementWiseOp'>_out<class 'torch_pruning.ops._ElementWiseOp'>_in_<class 'torch.nn.modules.conv.Conv2d'>_in,16,16,6,0.45274925231933594,0.5979896783828735,1.0,0.5671722292900085,5,19,29
NGN2,DG030,GENERIC,True,,output_channel,GroupTaylorImportance_mean_mean,Isomorphic_<class 'torch.nn.modules.conv.Conv2d'>_out_<class 'torch.nn.modules.conv.Conv2d'>_out<class 'torch.nn.modules.conv.Conv2d'>_out_<class 'torch.nn.modules.batchnorm.BatchNorm2d'>_out<class 'torch.nn.modules.batchnorm.BatchNorm2d'>_out_<class 'torch_pruning.ops._ElementWiseOp'>_out<class 'torch_pruning.ops._ElementWiseOp'>_in_<class 'torch.nn.modules.conv.Conv2d'>_in,128,128,48,0.46058526635169983,0.5738977193832397,1.0,0.6568961143493652,6,19,33
NGN2,DG031,GENERIC,True,,output_channel,GroupTaylorImportance_mean_mean,Isomorphic_<class 'torch.nn.modules.conv.Conv2d'>_out_<class 'torch.nn.modules.conv.Conv2d'>_out<class 'torch.nn.modules.conv.Conv2d'>_out_<class 'torch.nn.modules.batchnorm.BatchNorm2d'>_out<class 'torch.nn.modules.batchnorm.BatchNorm2d'>_out_<class 'torch_pruning.ops._ElementWiseOp'>_out<class 'torch_pruning.ops._ElementWiseOp'>_in_<class 'torch.nn.modules.conv.Conv2d'>_in<class 'torch_pruning.ops._ElementWiseOp'>_out_<class 'torch_pruning.ops._ConcatOp'>_out<class 'torch_pruning.ops._ConcatOp'>_in_<class 'torch.nn.modules.conv.Conv2d'>_in,128,128,48,0.6048925518989563,0.7091798186302185,1.0,0.5351057052612305,2,2,16
NGN2,DG032,GENERIC,True,,output_channel,GroupTaylorImportance_mean_mean,Isomorphic_<class 'torch.nn.modules.conv.Conv2d'>_out_<class 'torch.nn.modules.conv.Conv2d'>_out<class 'torch.nn.modules.conv.Conv2d'>_out_<class 'torch.nn.modules.batchnorm.BatchNorm2d'>_out<class 'torch.nn.modules.batchnorm.BatchNorm2d'>_out_<class 'torch_pruning.ops._ElementWiseOp'>_out<class 'torch_pruning.ops._ElementWiseOp'>_out_<class 'torch_pruning.ops._ElementWiseOp'>_out<class 'torch_pruning.ops._ElementWiseOp'>_in_<class 'torch.nn.modules.conv.Conv2d'>_in<class 'torch_pruning.ops._ElementWiseOp'>_out_<class 'torch_pruning.ops._ElementWiseOp'>_out<class 'torch_pruning.ops._ElementWiseOp'>_out_<class 'torch_pruning.ops._ElementWiseOp'>_out<class 'torch_pruning.ops._ElementWiseOp'>_in_<class 'torch.nn.modules.conv.Conv2d'>_in<class 'torch_pruning.ops._ElementWiseOp'>_out_<class 'torch_pruning.ops._ElementWiseOp'>_out<class 'torch_pruning.ops._ElementWiseOp'>_out_<class 'torch_pruning.ops._ConcatOp'>_out<class 'torch_pruning.ops._ConcatOp'>_in_<class 'torch.nn.modules.conv.Conv2d'>_in<class 'torch_pruning.ops._ElementWiseOp'>_out_<class 'torch.nn.modules.batchnorm.BatchNorm2d'>_out<class 'torch.nn.modules.batchnorm.BatchNorm2d'>_out_<class 'torch.nn.modules.conv.Conv2d'>_out<class 'torch_pruning.ops._ElementWiseOp'>_out_<class 'torch.nn.modules.batchnorm.BatchNorm2d'>_out<class 'torch.nn.modules.batchnorm.BatchNorm2d'>_out_<class 'torch.nn.modules.conv.Conv2d'>_out,32,32,12,0.7498192191123962,0.9189093708992004,0.9999999403953552,0.23819412291049957,3,5,23
NGN2,DG033,GENERIC,True,,output_channel,GroupTaylorImportance_mean_mean,Isomorphic_<class 'torch.nn.modules.conv.Conv2d'>_out_<class 'torch.nn.modules.conv.Conv2d'>_out<class 'torch.nn.modules.conv.Conv2d'>_out_<class 'torch.nn.modules.batchnorm.BatchNorm2d'>_out<class 'torch.nn.modules.batchnorm.BatchNorm2d'>_out_<class 'torch_pruning.ops._ElementWiseOp'>_out<class 'torch_pruning.ops._ElementWiseOp'>_out_<class 'torch_pruning.ops._ConcatOp'>_out<class 'torch_pruning.ops._ConcatOp'>_in_<class 'torch.nn.modules.conv.Conv2d'>_in,32,32,12,0.5842409729957581,0.7802450656890869,1.0,0.45124855637550354,5,7,30
NGN2,DG034,GENERIC,True,,output_channel,GroupTaylorImportance_mean_mean,Isomorphic_<class 'torch.nn.modules.conv.Conv2d'>_out_<class 'torch.nn.modules.conv.Conv2d'>_out<class 'torch.nn.modules.conv.Conv2d'>_out_<class 'torch.nn.modules.batchnorm.BatchNorm2d'>_out<class 'torch.nn.modules.batchnorm.BatchNorm2d'>_out_<class 'torch_pruning.ops._ElementWiseOp'>_out<class 'torch_pruning.ops._ElementWiseOp'>_in_<class 'torch.nn.modules.conv.Conv2d'>_in,32,32,12,0.6497722864151001,0.8048598766326904,0.9999999403953552,0.378458172082901,15,19,45
NGN2,DG035,GENERIC,True,,output_channel,GroupTaylorImportance_mean_mean,Isomorphic_<class 'torch.nn.modules.conv.Conv2d'>_out_<class 'torch.nn.modules.conv.Conv2d'>_out<class 'torch.nn.modules.conv.Conv2d'>_out_<class 'torch.nn.modules.batchnorm.BatchNorm2d'>_out<class 'torch.nn.modules.batchnorm.BatchNorm2d'>_out_<class 'torch_pruning.ops._ElementWiseOp'>_out<class 'torch_pruning.ops._ElementWiseOp'>_in_<class 'torch.nn.modules.conv.Conv2d'>_in,32,32,12,0.6158503890037537,0.7438780069351196,0.9999999403953552,0.4490429162979126,14,19,44
NGN2,DG036,GENERIC,True,,output_channel,GroupTaylorImportance_mean_mean,Isomorphic_<class 'torch.nn.modules.conv.Conv2d'>_out_<class 'torch.nn.modules.conv.Conv2d'>_out<class 'torch.nn.modules.conv.Conv2d'>_out_<class 'torch.nn.modules.batchnorm.BatchNorm2d'>_out<class 'torch.nn.modules.batchnorm.BatchNorm2d'>_out_<class 'torch_pruning.ops._ElementWiseOp'>_out<class 'torch_pruning.ops._ElementWiseOp'>_in_<class 'torch.nn.modules.conv.Conv2d'>_in,256,256,96,0.5264966487884521,0.6692628264427185,0.9999999403953552,0.6682756543159485,10,19,40
NGN2,DG037,GENERIC,True,,output_channel,GroupTaylorImportance_mean_mean,Isomorphic_<class 'torch.nn.modules.conv.Conv2d'>_out_<class 'torch.nn.modules.conv.Conv2d'>_out<class 'torch.nn.modules.conv.Conv2d'>_out_<class 'torch.nn.modules.batchnorm.BatchNorm2d'>_out<class 'torch.nn.modules.batchnorm.BatchNorm2d'>_out_<class 'torch_pruning.ops._ElementWiseOp'>_out<class 'torch_pruning.ops._ElementWiseOp'>_out_<class 'torch_pruning.ops._ElementWiseOp'>_out<class 'torch_pruning.ops._ElementWiseOp'>_in_<class 'torch.nn.modules.conv.Conv2d'>_in<class 'torch_pruning.ops._ElementWiseOp'>_out_<class 'torch_pruning.ops._ElementWiseOp'>_out<class 'torch_pruning.ops._ElementWiseOp'>_in_<class 'torch.nn.modules.conv.Conv2d'>_in<class 'torch_pruning.ops._ElementWiseOp'>_out_<class 'torch.nn.modules.batchnorm.BatchNorm2d'>_out<class 'torch.nn.modules.batchnorm.BatchNorm2d'>_out_<class 'torch.nn.modules.conv.Conv2d'>_out,256,256,96,0.5585618019104004,0.6692975163459778,1.0,0.6333417296409607,1,1,11
NGN2,DG038,GENERIC,True,,output_channel,GroupTaylorImportance_mean_mean,Isomorphic_<class 'torch.nn.modules.conv.Conv2d'>_out_<class 'torch.nn.modules.conv.Conv2d'>_out<class 'torch.nn.modules.conv.Conv2d'>_out_<class 'torch.nn.modules.batchnorm.BatchNorm2d'>_out<class 'torch.nn.modules.batchnorm.BatchNorm2d'>_out_<class 'torch_pruning.ops._ElementWiseOp'>_out<class 'torch_pruning.ops._ElementWiseOp'>_out_<class 'torch_pruning.ops._ElementWiseOp'>_out<class 'torch_pruning.ops._ElementWiseOp'>_in_<class 'torch.nn.modules.conv.Conv2d'>_in<class 'torch_pruning.ops._ElementWiseOp'>_out_<class 'torch_pruning.ops._ElementWiseOp'>_out<class 'torch_pruning.ops._ElementWiseOp'>_out_<class 'torch_pruning.ops._ElementWiseOp'>_out<class 'torch_pruning.ops._ElementWiseOp'>_in_<class 'torch.nn.modules.conv.Conv2d'>_in<class 'torch_pruning.ops._ElementWiseOp'>_out_<class 'torch_pruning.ops._ElementWiseOp'>_out<class 'torch_pruning.ops._ElementWiseOp'>_out_<class 'torch_pruning.ops._ConcatOp'>_out<class 'torch_pruning.ops._ConcatOp'>_in_<class 'torch.nn.modules.conv.Conv2d'>_in<class 'torch_pruning.ops._ElementWiseOp'>_out_<class 'torch.nn.modules.batchnorm.BatchNorm2d'>_out<class 'torch.nn.modules.batchnorm.BatchNorm2d'>_out_<class 'torch.nn.modules.conv.Conv2d'>_out<class 'torch_pruning.ops._ElementWiseOp'>_out_<class 'torch.nn.modules.batchnorm.BatchNorm2d'>_out<class 'torch.nn.modules.batchnorm.BatchNorm2d'>_out_<class 'torch.nn.modules.conv.Conv2d'>_out,64,64,24,0.6791626811027527,0.8279564380645752,1.0,0.40544652938842773,1,5,12
NGN2,DG039,GENERIC,True,,output_channel,GroupTaylorImportance_mean_mean,Isomorphic_<class 'torch.nn.modules.conv.Conv2d'>_out_<class 'torch.nn.modules.conv.Conv2d'>_out<class 'torch.nn.modules.conv.Conv2d'>_out_<class 'torch.nn.modules.batchnorm.BatchNorm2d'>_out<class 'torch.nn.modules.batchnorm.BatchNorm2d'>_out_<class 'torch_pruning.ops._ElementWiseOp'>_out<class 'torch_pruning.ops._ElementWiseOp'>_out_<class 'torch_pruning.ops._ConcatOp'>_out<class 'torch_pruning.ops._ConcatOp'>_in_<class 'torch.nn.modules.conv.Conv2d'>_in,64,64,24,0.6421855092048645,0.8551498055458069,1.0,0.367196261882782,7,7,37
NGN2,DG040,GENERIC,True,,output_channel,GroupTaylorImportance_mean_mean,Isomorphic_<class 'torch.nn.modules.conv.Conv2d'>_out_<class 'torch.nn.modules.conv.Conv2d'>_out<class 'torch.nn.modules.conv.Conv2d'>_out_<class 'torch.nn.modules.batchnorm.BatchNorm2d'>_out<class 'torch.nn.modules.batchnorm.BatchNorm2d'>_out_<class 'torch_pruning.ops._ElementWiseOp'>_out<class 'torch_pruning.ops._ElementWiseOp'>_in_<class 'torch.nn.modules.conv.Conv2d'>_in,64,64,24,0.5900197625160217,0.7216103076934814,0.9999999403953552,0.5160388350486755,12,19,42
NGN2,DG041,GENERIC,True,,output_channel,GroupTaylorImportance_mean_mean,Isomorphic_<class 'torch.nn.modules.conv.Conv2d'>_out_<class 'torch.nn.modules.conv.Conv2d'>_out<class 'torch.nn.modules.conv.Conv2d'>_out_<class 'torch.nn.modules.batchnorm.BatchNorm2d'>_out<class 'torch.nn.modules.batchnorm.BatchNorm2d'>_out_<class 'torch_pruning.ops._ElementWiseOp'>_out<class 'torch_pruning.ops._ElementWiseOp'>_in_<class 'torch.nn.modules.conv.Conv2d'>_in,64,64,24,0.5228675007820129,0.675308108329773,1.0,0.6863319277763367,9,19,39
NGN2,DG042,GENERIC,True,,output_channel,GroupTaylorImportance_mean_mean,Isomorphic_<class 'torch.nn.modules.conv.Conv2d'>_out_<class 'torch.nn.modules.conv.Conv2d'>_out<class 'torch.nn.modules.conv.Conv2d'>_out_<class 'torch.nn.modules.batchnorm.BatchNorm2d'>_out<class 'torch.nn.modules.batchnorm.BatchNorm2d'>_out_<class 'torch_pruning.ops._ConcatOp'>_out<class 'torch.nn.modules.batchnorm.BatchNorm2d'>_out_<class 'torch_pruning.ops._ElementWiseOp'>_out<class 'torch_pruning.ops._ElementWiseOp'>_out_<class 'torch_pruning.ops._ElementWiseOp'>_out<class 'torch_pruning.ops._ElementWiseOp'>_out_<class 'torch_pruning.ops._ElementWiseOp'>_out<class 'torch_pruning.ops._ConcatOp'>_in_<class 'torch.nn.modules.conv.Conv2d'>_in,128,128,48,0.7692901492118835,0.8704978227615356,1.0,0.26002416014671326,1,1,4
NGN2,CDG001,CUSTOM,True,,hidden_channel,coupled_cv1_abs_weight_times_mean_gradient,CUSTOM_<class 'ultralytics.nn.modules.block.C3k2'>_C3k2_NONATTENTION_LOGICAL_WIDTH_V1_hidden_channel,16,16,6,0.490879625082016,0.6258508563041687,0.9999998807907104,0.6360891461372375,1,7,3
NGN2,CDG002,CUSTOM,True,,hidden_channel,coupled_cv1_abs_weight_times_mean_gradient,CUSTOM_<class 'ultralytics.nn.modules.block.C3k2'>_C3k2_NONATTENTION_LOGICAL_WIDTH_V1_hidden_channel,32,32,12,0.5348008275032043,0.7051455974578857,1.0,0.5322884321212769,3,7,20
NGN2,CDG003,CUSTOM,True,,hidden_channel,coupled_cv1_abs_weight_times_mean_gradient,CUSTOM_<class 'ultralytics.nn.modules.block.C3k2'>_C3k2_NONATTENTION_LOGICAL_WIDTH_V1_hidden_channel,64,64,24,0.5445685982704163,0.6995869874954224,1.0000001192092896,0.5632736086845398,4,7,24
NGN2,CDG004,CUSTOM,True,,hidden_channel,coupled_cv1_abs_weight_times_mean_gradient,CUSTOM_<class 'ultralytics.nn.modules.block.C3k2'>_C3k2_NONATTENTION_LOGICAL_WIDTH_V1_hidden_channel,128,128,48,0.6074042916297913,0.7612671852111816,1.0,0.5467488169670105,5,7,28
NGN2,CDG005,CUSTOM,True,,paired_attention_unit,coupled_cv1_abs_weight_times_mean_gradient,CUSTOM_<class 'ultralytics.nn.modules.block.C2PSA'>_C2PSA_HEAD_AWARE_LOGICAL_WIDTH_V1_paired_attention_unit,128,64,24,0.6138157248497009,0.8163039088249207,1.0,0.4941859245300293,1,1,1
NGN2,CDG006,CUSTOM,True,,hidden_channel,coupled_cv1_abs_weight_times_mean_gradient,CUSTOM_<class 'ultralytics.nn.modules.block.C3k2'>_C3k2_NONATTENTION_LOGICAL_WIDTH_V1_hidden_channel,64,64,24,0.6249468922615051,0.824140191078186,0.9999998807907104,0.3872482180595398,6,7,32
NGN2,CDG007,CUSTOM,True,,hidden_channel,coupled_cv1_abs_weight_times_mean_gradient,CUSTOM_<class 'ultralytics.nn.modules.block.C3k2'>_C3k2_NONATTENTION_LOGICAL_WIDTH_V1_hidden_channel,32,32,12,0.6992075443267822,0.8376123309135437,0.9999999403953552,0.3131865859031677,7,7,35
NGN2,CDG008,CUSTOM,True,,hidden_channel,coupled_cv1_abs_weight_times_mean_gradient,CUSTOM_<class 'ultralytics.nn.modules.block.C3k2'>_C3k2_NONATTENTION_LOGICAL_WIDTH_V1_hidden_channel,64,64,24,0.5225723385810852,0.7174650430679321,1.0,0.5413481593132019,2,7,13
NGN2,CDG009,CUSTOM,True,,paired_attention_unit,coupled_cv1_abs_weight_times_mean_gradient,CUSTOM_<class 'ultralytics.nn.modules.block.C3k2'>_C3K2_ATTENTION_HEAD_AWARE_LOGICAL_WIDTH_V1_paired_attention_unit,128,64,24,0.5341426730155945,0.6865985989570618,1.0,0.68501877784729,1,1,2
