layer_id,layer_type,status,error,gen_layer_params,snow_layer_params,gen_params_reduction_percent,snow_params_reduction_percent,mean_params_reduction_percent,gen_baseline_map50_95,gen_replaced_map50_95,ad_gen_map50_95_signed,snow_baseline_map50_95,snow_replaced_map50_95,ad_snow_map50_95_signed,gen_replaced_model_mib,snow_replaced_model_mib,gen_model_path,snow_model_path,gen_saved_size_reduction_percent,snow_saved_size_reduction_percent
0,Conv,ok,,464,464,0.01850013356777468,0.018508767730920812,0.018504450649347748,0.6414207460892849,0.0,0.6414207460892849,0.1899135424242684,0.0,0.1899135424242684,5.197047233581543,5.191805839538574,/home/afm176/yolo_project/5_reproduction/stage2_results/layer_replacement_sweep_20260729_151557/saved_replaced_models/GEN_replace_L0_Conv.pt,/home/afm176/yolo_project/5_reproduction/stage2_results/layer_replacement_sweep_20260729_151557/saved_replaced_models/SNOW_replace_L0_Conv.pt,-1.188921301204909,-1.3011534257597304
1,Conv,ok,,4672,4672,0.18627720695828298,0.18636414404927162,0.1863206755037773,0.6414207460892849,0.0,0.6414207460892849,0.1899135424242684,0.0,0.1899135424242684,5.186488151550293,5.181246757507324,/home/afm176/yolo_project/5_reproduction/stage2_results/layer_replacement_sweep_20260729_151557/saved_replaced_models/GEN_replace_L1_Conv.pt,/home/afm176/yolo_project/5_reproduction/stage2_results/layer_replacement_sweep_20260729_151557/saved_replaced_models/SNOW_replace_L1_Conv.pt,-0.9833310741680855,-1.0951273874327838
2,C3k2,ok,,6640,6640,0.26474329071125835,0.2648668485631771,0.2648050696372177,0.6414207460892849,2.194164670138352e-08,0.6414207241476382,0.1899135424242684,0.0,0.1899135424242684,5.17465877532959,5.169400215148926,/home/afm176/yolo_project/5_reproduction/stage2_results/layer_replacement_sweep_20260729_151557/saved_replaced_models/GEN_replace_L2_C3k2.pt,/home/afm176/yolo_project/5_reproduction/stage2_results/layer_replacement_sweep_20260729_151557/saved_replaced_models/SNOW_replace_L2_C3k2.pt,-0.7530076297890435,-0.8639807609789065
3,Conv,ok,,36992,36992,1.4749072002998298,1.475595551513411,1.4752513759066204,0.6414207460892849,0.0,0.6414207460892849,0.1899135424242684,0.0,0.1899135424242684,5.124720573425293,5.119479179382324,/home/afm176/yolo_project/5_reproduction/stage2_results/layer_replacement_sweep_20260729_151557/saved_replaced_models/GEN_replace_L3_Conv.pt,/home/afm176/yolo_project/5_reproduction/stage2_results/layer_replacement_sweep_20260729_151557/saved_replaced_models/SNOW_replace_L3_Conv.pt,0.21931233485656776,0.11006539168207086
4,C3k2,ok,,26080,26080,1.0398350936369907,1.040320393151756,1.0400777433943733,0.6414207460892849,0.0,0.6414207460892849,0.1899135424242684,0.0,0.1899135424242684,5.13706111907959,5.131802558898926,/home/afm176/yolo_project/5_reproduction/stage2_results/layer_replacement_sweep_20260729_151557/saved_replaced_models/GEN_replace_L4_C3k2.pt,/home/afm176/yolo_project/5_reproduction/stage2_results/layer_replacement_sweep_20260729_151557/saved_replaced_models/SNOW_replace_L4_C3k2.pt,-0.020963815600124037,-0.13038515630029932
5,Conv,ok,,147712,147712,5.88942183095503,5.892170472133135,5.890796151544082,0.6414207460892849,0.009995022056009554,0.6314257240332753,0.1899135424242684,0.0005625,0.1893510424242684,4.913294792175293,4.908053398132324,/home/afm176/yolo_project/5_reproduction/stage2_results/layer_replacement_sweep_20260729_151557/saved_replaced_models/GEN_replace_L5_Conv.pt,/home/afm176/yolo_project/5_reproduction/stage2_results/layer_replacement_sweep_20260729_151557/saved_replaced_models/SNOW_replace_L5_Conv.pt,4.3358704068539975,4.235349766043589
6,C3k2,ok,,87040,87040,3.470369883058423,3.4719895329727315,3.471179708015577,0.6414207460892849,0.0003743635500697076,0.6410463825392152,0.1899135424242684,0.0,0.1899135424242684,5.006770133972168,5.001482963562012,/home/afm176/yolo_project/5_reproduction/stage2_results/layer_replacement_sweep_20260729_151557/saved_replaced_models/GEN_replace_L6_C3k2.pt,/home/afm176/yolo_project/5_reproduction/stage2_results/layer_replacement_sweep_20260729_151557/saved_replaced_models/SNOW_replace_L6_C3k2.pt,2.515862125311254,2.4123765974368068
7,Conv,ok,,295424,295424,11.77884366191006,11.78434094426627,11.781592303088164,0.6414207460892849,0.13301711730031124,0.5084036287889737,0.1899135424242684,0.019253328181293525,0.17066021424297487,4.631068229675293,4.625826835632324,/home/afm176/yolo_project/5_reproduction/stage2_results/layer_replacement_sweep_20260729_151557/saved_replaced_models/GEN_replace_L7_Conv.pt,/home/afm176/yolo_project/5_reproduction/stage2_results/layer_replacement_sweep_20260729_151557/saved_replaced_models/SNOW_replace_L7_Conv.pt,9.830952544531861,9.742080408955731
8,C3k2,ok,,346112,346112,13.799823770279376,13.806264260526863,13.80304401540312,0.6414207460892849,0.15122706356142646,0.49019368252785844,0.1899135424242684,0.07626943312501824,0.11364410929925015,4.510615348815918,4.505389213562012,/home/afm176/yolo_project/5_reproduction/stage2_results/layer_replacement_sweep_20260729_151557/saved_replaced_models/GEN_replace_L8_C3k2.pt,/home/afm176/yolo_project/5_reproduction/stage2_results/layer_replacement_sweep_20260729_151557/saved_replaced_models/SNOW_replace_L8_C3k2.pt,12.17622603041146,12.092027692936352
9,SPPF,ok,,164608,164608,6.563081867078136,6.566144910886666,6.564613388982401,0.6414207460892849,0.5400832558086374,0.10133749028064754,0.1899135424242684,0.1558421015730203,0.03407144085124808,4.876921653747559,4.871674537658691,/home/afm176/yolo_project/5_reproduction/stage2_results/layer_replacement_sweep_20260729_151557/saved_replaced_models/GEN_replace_L9_SPPF.pt,/home/afm176/yolo_project/5_reproduction/stage2_results/layer_replacement_sweep_20260729_151557/saved_replaced_models/SNOW_replace_L9_SPPF.pt,5.04407229081213,4.945164547295368
10,C2PSA,ok,,249728,249728,9.956899473304388,9.961546439455587,9.959222956379987,0.6414207460892849,0.021833558185143202,0.6195871879041417,0.1899135424242684,0.04580569005910101,0.14410785236516738,4.698542594909668,4.693327903747559,/home/afm176/yolo_project/5_reproduction/stage2_results/layer_replacement_sweep_20260729_151557/saved_replaced_models/GEN_replace_L10_C2PSA.pt,/home/afm176/yolo_project/5_reproduction/stage2_results/layer_replacement_sweep_20260729_151557/saved_replaced_models/SNOW_replace_L10_C2PSA.pt,8.517195342282104,8.425017277382278
13,C3k2,ok,,119808,119808,4.776862074327477,4.77909147479776,4.777976774562619,0.6414207460892849,0.021531586019236652,0.6198891600700482,0.1899135424242684,0.03232015552615068,0.1575933868981177,4.944903373718262,4.9396162033081055,/home/afm176/yolo_project/5_reproduction/stage2_results/layer_replacement_sweep_20260729_151557/saved_replaced_models/GEN_replace_L13_C3k2.pt,/home/afm176/yolo_project/5_reproduction/stage2_results/layer_replacement_sweep_20260729_151557/saved_replaced_models/SNOW_replace_L13_C3k2.pt,3.720436656410676,3.619504592229588
16,C3k2,ok,,34304,34304,1.3677340127347903,1.3683723453480765,1.3680531790414334,0.6414207460892849,0.0002770133003312013,0.6411437327889536,0.1899135424242684,0.015949692284754957,0.17396385013951343,5.109698295593262,5.1044111251831055,/home/afm176/yolo_project/5_reproduction/stage2_results/layer_replacement_sweep_20260729_151557/saved_replaced_models/GEN_replace_L16_C3k2.pt,/home/afm176/yolo_project/5_reproduction/stage2_results/layer_replacement_sweep_20260729_151557/saved_replaced_models/SNOW_replace_L16_C3k2.pt,0.511803055257944,0.4040693119824461
17,Conv,ok,,36992,36992,1.4749072002998298,1.475595551513411,1.4752513759066204,0.6414207460892849,0.16731384322058757,0.47410690286869733,0.1899135424242684,0.09474749196065071,0.09516605046361767,5.125399589538574,5.1201581954956055,/home/afm176/yolo_project/5_reproduction/stage2_results/layer_replacement_sweep_20260729_151557/saved_replaced_models/GEN_replace_L17_Conv.pt,/home/afm176/yolo_project/5_reproduction/stage2_results/layer_replacement_sweep_20260729_151557/saved_replaced_models/SNOW_replace_L17_Conv.pt,0.20609157603700326,0.096816607425497
19,C3k2,ok,,95232,95232,3.796992930875686,3.7987650184289885,3.7978789746523374,0.6414207460892849,0.07100901678789337,0.5704117293013915,0.1899135424242684,0.08004569358981847,0.10986784883444992,4.991778373718262,4.9864912033081055,/home/afm176/yolo_project/5_reproduction/stage2_results/layer_replacement_sweep_20260729_151557/saved_replaced_models/GEN_replace_L19_C3k2.pt,/home/afm176/yolo_project/5_reproduction/stage2_results/layer_replacement_sweep_20260729_151557/saved_replaced_models/SNOW_replace_L19_C3k2.pt,2.8077586543050095,2.704891890292623
20,Conv,ok,,147712,147712,5.88942183095503,5.892170472133135,5.890796151544082,0.6414207460892849,0.4315776749134486,0.20984307117583628,0.1899135424242684,0.12534378732341755,0.06456975510085083,4.913973808288574,4.9087324142456055,/home/afm176/yolo_project/5_reproduction/stage2_results/layer_replacement_sweep_20260729_151557/saved_replaced_models/GEN_replace_L20_Conv.pt,/home/afm176/yolo_project/5_reproduction/stage2_results/layer_replacement_sweep_20260729_151557/saved_replaced_models/SNOW_replace_L20_Conv.pt,4.322649648034433,4.222100981787015
22,C3k2,ok,,463104,463104,18.46440917191967,18.473026662199032,18.46871791705935,0.6414207460892849,0.43117343959136384,0.21024730649792106,0.1899135424242684,0.12294146141339098,0.06697208101087741,4.284930229187012,4.2796430587768555,/home/afm176/yolo_project/5_reproduction/stage2_results/layer_replacement_sweep_20260729_151557/saved_replaced_models/GEN_replace_L22_C3k2.pt,/home/afm176/yolo_project/5_reproduction/stage2_results/layer_replacement_sweep_20260729_151557/saved_replaced_models/SNOW_replace_L22_C3k2.pt,16.570420037619744,16.496727438641567
