pruning_method,layer_id,amount_tested,method,model_path,split,size_mb,total_params,zero_params,zero_param_percent,map50_95,map50,drop_map50_95,drop_map50,preprocess_ms,inference_ms,postprocess_ms,latency_ms,fps,target_layers,amount,note
l2_structured,0,0.05,L2 structured pruning exploration,/home/afm176/yolo_project/3_pruning/pruning_plan_20260709_220413/l2_structured_amount_sweep/layer_0_amt_0p05/yolo26n_l2_layer_0_amt_0p05.pt,val,4.726157,2376981,30,0.001262,0.431097,0.586205,0.075536,0.103850,0.258264,0.993331,0.087744,1.339339,746.636934,0,0.05,mask-based structured pruning; architecture shape unchanged
l2_structured,0,0.10,L2 structured pruning exploration,/home/afm176/yolo_project/3_pruning/pruning_plan_20260709_220413/l2_structured_amount_sweep/layer_0_amt_0p10/yolo26n_l2_layer_0_amt_0p10.pt,val,4.726157,2376981,57,0.002398,0.436055,0.591533,0.070578,0.098523,0.268531,0.972749,0.047399,1.288678,775.988855,0,0.1,mask-based structured pruning; architecture shape unchanged
l2_structured,0,0.20,L2 structured pruning exploration,/home/afm176/yolo_project/3_pruning/pruning_plan_20260709_220413/l2_structured_amount_sweep/layer_0_amt_0p20/yolo26n_l2_layer_0_amt_0p20.pt,val,4.726157,2376981,84,0.003534,0.408297,0.554118,0.098335,0.135937,0.258652,0.994023,0.088023,1.340699,745.879603,0,0.2,mask-based structured pruning; architecture shape unchanged
l2_structured,0,0.30,L2 structured pruning exploration,/home/afm176/yolo_project/3_pruning/pruning_plan_20260709_220413/l2_structured_amount_sweep/layer_0_amt_0p30/yolo26n_l2_layer_0_amt_0p30.pt,val,4.726157,2376981,138,0.005806,0.371243,0.497059,0.135389,0.192997,0.258603,0.973122,0.050391,1.282116,779.960740,0,0.3,mask-based structured pruning; architecture shape unchanged
l2_structured,0,0.40,L2 structured pruning exploration,/home/afm176/yolo_project/3_pruning/pruning_plan_20260709_220413/l2_structured_amount_sweep/layer_0_amt_0p40/yolo26n_l2_layer_0_amt_0p40.pt,val,4.726157,2376981,165,0.006942,0.278182,0.392187,0.228451,0.297868,0.245921,0.984965,0.065869,1.296755,771.155506,0,0.4,mask-based structured pruning; architecture shape unchanged
l2_structured,0,0.50,L2 structured pruning exploration,/home/afm176/yolo_project/3_pruning/pruning_plan_20260709_220413/l2_structured_amount_sweep/layer_0_amt_0p50/yolo26n_l2_layer_0_amt_0p50.pt,val,4.726157,2376981,219,0.009213,0.204640,0.286181,0.301992,0.403874,0.262228,0.984734,0.060480,1.307443,764.851927,0,0.5,mask-based structured pruning; architecture shape unchanged
l2_structured,1,0.05,L2 structured pruning exploration,/home/afm176/yolo_project/3_pruning/pruning_plan_20260709_220413/l2_structured_amount_sweep/layer_1_amt_0p05/yolo26n_l2_layer_1_amt_0p05.pt,val,4.726157,2376981,291,0.012242,0.367683,0.489755,0.138949,0.200300,0.241007,0.972008,0.042657,1.255673,796.385573,1,0.05,mask-based structured pruning; architecture shape unchanged
l2_structured,1,0.10,L2 structured pruning exploration,/home/afm176/yolo_project/3_pruning/pruning_plan_20260709_220413/l2_structured_amount_sweep/layer_1_amt_0p10/yolo26n_l2_layer_1_amt_0p10.pt,val,4.726157,2376981,435,0.018301,0.276425,0.383864,0.230207,0.306191,0.243319,0.985496,0.079292,1.308107,764.463568,1,0.1,mask-based structured pruning; architecture shape unchanged
l2_structured,1,0.20,L2 structured pruning exploration,/home/afm176/yolo_project/3_pruning/pruning_plan_20260709_220413/l2_structured_amount_sweep/layer_1_amt_0p20/yolo26n_l2_layer_1_amt_0p20.pt,val,4.726157,2376981,867,0.036475,0.168009,0.227468,0.338624,0.462587,0.250130,0.970451,0.042511,1.263092,791.707689,1,0.2,mask-based structured pruning; architecture shape unchanged
l2_structured,1,0.30,L2 structured pruning exploration,/home/afm176/yolo_project/3_pruning/pruning_plan_20260709_220413/l2_structured_amount_sweep/layer_1_amt_0p30/yolo26n_l2_layer_1_amt_0p30.pt,val,4.726157,2376981,1443,0.060707,0.010417,0.014862,0.496215,0.675193,0.263365,0.989767,0.074857,1.327989,753.018087,1,0.3,mask-based structured pruning; architecture shape unchanged
l2_structured,1,0.40,L2 structured pruning exploration,/home/afm176/yolo_project/3_pruning/pruning_plan_20260709_220413/l2_structured_amount_sweep/layer_1_amt_0p40/yolo26n_l2_layer_1_amt_0p40.pt,val,4.726157,2376981,1875,0.078882,0.000395,0.000505,0.506237,0.689550,0.256112,0.970521,0.039409,1.266042,789.863033,1,0.4,mask-based structured pruning; architecture shape unchanged
l2_structured,1,0.50,L2 structured pruning exploration,/home/afm176/yolo_project/3_pruning/pruning_plan_20260709_220413/l2_structured_amount_sweep/layer_1_amt_0p50/yolo26n_l2_layer_1_amt_0p50.pt,val,4.726157,2376981,2307,0.097056,0.000023,0.000076,0.506609,0.689979,0.260046,0.990606,0.070371,1.321023,756.989279,1,0.5,mask-based structured pruning; architecture shape unchanged
l2_structured,2,0.05,L2 structured pruning exploration,/home/afm176/yolo_project/3_pruning/pruning_plan_20260709_220413/l2_structured_amount_sweep/layer_2_amt_0p05/yolo26n_l2_layer_2_amt_0p05.pt,val,4.726157,2376981,283,0.011906,0.345386,0.452371,0.161246,0.237684,0.296068,0.973079,0.043626,1.312773,761.746163,2,0.05,mask-based structured pruning; architecture shape unchanged
l2_structured,2,0.10,L2 structured pruning exploration,/home/afm176/yolo_project/3_pruning/pruning_plan_20260709_220413/l2_structured_amount_sweep/layer_2_amt_0p10/yolo26n_l2_layer_2_amt_0p10.pt,val,4.726157,2376981,675,0.028397,0.170376,0.241182,0.336256,0.448873,0.256206,0.979235,0.067200,1.302640,767.671695,2,0.1,mask-based structured pruning; architecture shape unchanged
l2_structured,2,0.20,L2 structured pruning exploration,/home/afm176/yolo_project/3_pruning/pruning_plan_20260709_220413/l2_structured_amount_sweep/layer_2_amt_0p20/yolo26n_l2_layer_2_amt_0p20.pt,val,4.726157,2376981,1323,0.055659,0.046321,0.062534,0.460311,0.627521,0.258544,0.996616,0.054108,1.309268,763.785489,2,0.2,mask-based structured pruning; architecture shape unchanged
l2_structured,2,0.30,L2 structured pruning exploration,/home/afm176/yolo_project/3_pruning/pruning_plan_20260709_220413/l2_structured_amount_sweep/layer_2_amt_0p30/yolo26n_l2_layer_2_amt_0p30.pt,val,4.726157,2376981,1883,0.079218,0.000236,0.000584,0.506396,0.689471,0.285421,0.984320,0.050301,1.320042,757.551653,2,0.3,mask-based structured pruning; architecture shape unchanged
l2_structured,2,0.40,L2 structured pruning exploration,/home/afm176/yolo_project/3_pruning/pruning_plan_20260709_220413/l2_structured_amount_sweep/layer_2_amt_0p40/yolo26n_l2_layer_2_amt_0p40.pt,val,4.726157,2376981,2531,0.106480,0.000000,0.000000,0.506632,0.690055,0.289714,0.992589,0.044726,1.327028,753.563357,2,0.4,mask-based structured pruning; architecture shape unchanged
l2_structured,2,0.50,L2 structured pruning exploration,/home/afm176/yolo_project/3_pruning/pruning_plan_20260709_220413/l2_structured_amount_sweep/layer_2_amt_0p50/yolo26n_l2_layer_2_amt_0p50.pt,val,4.726157,2376981,3203,0.134751,0.000000,0.000000,0.506632,0.690055,0.328015,0.995044,0.050040,1.373099,728.279834,2,0.5,mask-based structured pruning; architecture shape unchanged
l2_structured,3,0.05,L2 structured pruning exploration,/home/afm176/yolo_project/3_pruning/pruning_plan_20260709_220413/l2_structured_amount_sweep/layer_3_amt_0p05/yolo26n_l2_layer_3_amt_0p05.pt,val,4.726157,2376981,1731,0.072823,0.442196,0.594305,0.064437,0.095750,0.254567,1.007804,0.043268,1.305639,765.908449,3,0.05,mask-based structured pruning; architecture shape unchanged
l2_structured,3,0.10,L2 structured pruning exploration,/home/afm176/yolo_project/3_pruning/pruning_plan_20260709_220413/l2_structured_amount_sweep/layer_3_amt_0p10/yolo26n_l2_layer_3_amt_0p10.pt,val,4.726157,2376981,3459,0.145521,0.399342,0.535521,0.107291,0.154534,0.247263,0.984305,0.065881,1.297449,770.743066,3,0.1,mask-based structured pruning; architecture shape unchanged
l2_structured,3,0.20,L2 structured pruning exploration,/home/afm176/yolo_project/3_pruning/pruning_plan_20260709_220413/l2_structured_amount_sweep/layer_3_amt_0p20/yolo26n_l2_layer_3_amt_0p20.pt,val,4.726157,2376981,7491,0.315148,0.285504,0.374611,0.221128,0.315444,0.266541,0.985828,0.060401,1.312769,761.748595,3,0.2,mask-based structured pruning; architecture shape unchanged
l2_structured,3,0.30,L2 structured pruning exploration,/home/afm176/yolo_project/3_pruning/pruning_plan_20260709_220413/l2_structured_amount_sweep/layer_3_amt_0p30/yolo26n_l2_layer_3_amt_0p30.pt,val,4.726157,2376981,10947,0.460542,0.147443,0.195830,0.359189,0.494225,0.269498,0.983845,0.057760,1.311103,762.716345,3,0.3,mask-based structured pruning; architecture shape unchanged
l2_structured,3,0.40,L2 structured pruning exploration,/home/afm176/yolo_project/3_pruning/pruning_plan_20260709_220413/l2_structured_amount_sweep/layer_3_amt_0p40/yolo26n_l2_layer_3_amt_0p40.pt,val,4.726157,2376981,14979,0.630169,0.019269,0.028095,0.487363,0.661960,0.244126,0.982347,0.072012,1.298484,770.128681,3,0.4,mask-based structured pruning; architecture shape unchanged
l2_structured,3,0.50,L2 structured pruning exploration,/home/afm176/yolo_project/3_pruning/pruning_plan_20260709_220413/l2_structured_amount_sweep/layer_3_amt_0p50/yolo26n_l2_layer_3_amt_0p50.pt,val,4.726157,2376981,18435,0.775564,0.002620,0.004536,0.504013,0.685519,0.270734,1.000853,0.054992,1.326578,753.818950,3,0.5,mask-based structured pruning; architecture shape unchanged
l2_structured,4,0.05,L2 structured pruning exploration,/home/afm176/yolo_project/3_pruning/pruning_plan_20260709_220413/l2_structured_amount_sweep/layer_4_amt_0p05/yolo26n_l2_layer_4_amt_0p05.pt,val,4.726157,2376981,1347,0.056669,0.466020,0.641876,0.040612,0.048179,0.248963,1.009241,0.060134,1.318338,758.530565,4,0.05,mask-based structured pruning; architecture shape unchanged
l2_structured,4,0.10,L2 structured pruning exploration,/home/afm176/yolo_project/3_pruning/pruning_plan_20260709_220413/l2_structured_amount_sweep/layer_4_amt_0p10/yolo26n_l2_layer_4_amt_0p10.pt,val,4.726157,2376981,2643,0.111191,0.174035,0.260791,0.332597,0.429264,0.278890,0.982614,0.055253,1.316756,759.441932,4,0.1,mask-based structured pruning; architecture shape unchanged
l2_structured,4,0.20,L2 structured pruning exploration,/home/afm176/yolo_project/3_pruning/pruning_plan_20260709_220413/l2_structured_amount_sweep/layer_4_amt_0p20/yolo26n_l2_layer_4_amt_0p20.pt,val,4.726157,2376981,5059,0.212833,0.007483,0.009835,0.499149,0.680221,0.256754,0.982253,0.070864,1.309871,763.434196,4,0.2,mask-based structured pruning; architecture shape unchanged
l2_structured,4,0.30,L2 structured pruning exploration,/home/afm176/yolo_project/3_pruning/pruning_plan_20260709_220413/l2_structured_amount_sweep/layer_4_amt_0p30/yolo26n_l2_layer_4_amt_0p30.pt,val,4.726157,2376981,7747,0.325918,0.000001,0.000004,0.506632,0.690051,0.257841,1.003006,0.052655,1.313502,761.323695,4,0.3,mask-based structured pruning; architecture shape unchanged
l2_structured,4,0.40,L2 structured pruning exploration,/home/afm176/yolo_project/3_pruning/pruning_plan_20260709_220413/l2_structured_amount_sweep/layer_4_amt_0p40/yolo26n_l2_layer_4_amt_0p40.pt,val,4.726157,2376981,10163,0.427559,0.000000,0.000000,0.506632,0.690055,0.288440,0.977369,0.058907,1.324716,754.878760,4,0.4,mask-based structured pruning; architecture shape unchanged
l2_structured,4,0.50,L2 structured pruning exploration,/home/afm176/yolo_project/3_pruning/pruning_plan_20260709_220413/l2_structured_amount_sweep/layer_4_amt_0p50/yolo26n_l2_layer_4_amt_0p50.pt,val,4.726157,2376981,12803,0.538624,0.000000,0.000000,0.506632,0.690055,0.259084,0.981881,0.054532,1.295498,771.903962,4,0.5,mask-based structured pruning; architecture shape unchanged
l2_structured,5,0.05,L2 structured pruning exploration,/home/afm176/yolo_project/3_pruning/pruning_plan_20260709_220413/l2_structured_amount_sweep/layer_5_amt_0p05/yolo26n_l2_layer_5_amt_0p05.pt,val,4.726157,2376981,6915,0.290915,0.468495,0.632627,0.038137,0.057428,0.247868,0.994279,0.063854,1.306001,765.696423,5,0.05,mask-based structured pruning; architecture shape unchanged
l2_structured,5,0.10,L2 structured pruning exploration,/home/afm176/yolo_project/3_pruning/pruning_plan_20260709_220413/l2_structured_amount_sweep/layer_5_amt_0p10/yolo26n_l2_layer_5_amt_0p10.pt,val,4.726157,2376981,14979,0.630169,0.430218,0.574329,0.076415,0.115726,0.243020,0.971481,0.042860,1.257360,795.317047,5,0.1,mask-based structured pruning; architecture shape unchanged
l2_structured,5,0.20,L2 structured pruning exploration,/home/afm176/yolo_project/3_pruning/pruning_plan_20260709_220413/l2_structured_amount_sweep/layer_5_amt_0p20/yolo26n_l2_layer_5_amt_0p20.pt,val,4.726157,2376981,29955,1.260212,0.360435,0.472247,0.146197,0.217808,0.241095,1.028485,0.066352,1.335932,748.541216,5,0.2,mask-based structured pruning; architecture shape unchanged
l2_structured,5,0.30,L2 structured pruning exploration,/home/afm176/yolo_project/3_pruning/pruning_plan_20260709_220413/l2_structured_amount_sweep/layer_5_amt_0p30/yolo26n_l2_layer_5_amt_0p30.pt,val,4.726157,2376981,43779,1.841790,0.260438,0.344203,0.246194,0.345852,0.250649,0.982265,0.048312,1.281227,780.501797,5,0.3,mask-based structured pruning; architecture shape unchanged
l2_structured,5,0.40,L2 structured pruning exploration,/home/afm176/yolo_project/3_pruning/pruning_plan_20260709_220413/l2_structured_amount_sweep/layer_5_amt_0p40/yolo26n_l2_layer_5_amt_0p40.pt,val,4.726157,2376981,58755,2.471833,0.083777,0.120466,0.422855,0.569589,0.294002,1.009155,0.054518,1.357675,736.553218,5,0.4,mask-based structured pruning; architecture shape unchanged
l2_structured,5,0.50,L2 structured pruning exploration,/home/afm176/yolo_project/3_pruning/pruning_plan_20260709_220413/l2_structured_amount_sweep/layer_5_amt_0p50/yolo26n_l2_layer_5_amt_0p50.pt,val,4.726157,2376981,73731,3.101876,0.033837,0.054473,0.472796,0.635582,0.281540,0.996750,0.064786,1.343076,744.559732,5,0.5,mask-based structured pruning; architecture shape unchanged
l2_structured,6,0.05,L2 structured pruning exploration,/home/afm176/yolo_project/3_pruning/pruning_plan_20260709_220413/l2_structured_amount_sweep/layer_6_amt_0p05/yolo26n_l2_layer_6_amt_0p05.pt,val,4.726157,2376981,4675,0.196678,0.473675,0.643863,0.032957,0.046192,0.268334,0.983434,0.048924,1.300693,768.820969,6,0.05,mask-based structured pruning; architecture shape unchanged
l2_structured,6,0.10,L2 structured pruning exploration,/home/afm176/yolo_project/3_pruning/pruning_plan_20260709_220413/l2_structured_amount_sweep/layer_6_amt_0p10/yolo26n_l2_layer_6_amt_0p10.pt,val,4.726157,2376981,8387,0.352843,0.321437,0.459817,0.185195,0.230238,0.245542,0.972213,0.042759,1.260514,793.327068,6,0.1,mask-based structured pruning; architecture shape unchanged
l2_structured,6,0.20,L2 structured pruning exploration,/home/afm176/yolo_project/3_pruning/pruning_plan_20260709_220413/l2_structured_amount_sweep/layer_6_amt_0p20/yolo26n_l2_layer_6_amt_0p20.pt,val,4.726157,2376981,16835,0.708251,0.049510,0.074334,0.457122,0.615721,0.257228,0.981107,0.061843,1.300178,769.125721,6,0.2,mask-based structured pruning; architecture shape unchanged
l2_structured,6,0.30,L2 structured pruning exploration,/home/afm176/yolo_project/3_pruning/pruning_plan_20260709_220413/l2_structured_amount_sweep/layer_6_amt_0p30/yolo26n_l2_layer_6_amt_0p30.pt,val,4.726157,2376981,26179,1.101355,0.039464,0.058176,0.467168,0.631879,0.294421,0.972376,0.053163,1.319959,757.599184,6,0.3,mask-based structured pruning; architecture shape unchanged
l2_structured,6,0.40,L2 structured pruning exploration,/home/afm176/yolo_project/3_pruning/pruning_plan_20260709_220413/l2_structured_amount_sweep/layer_6_amt_0p40/yolo26n_l2_layer_6_amt_0p40.pt,val,4.726157,2376981,34627,1.456764,0.011105,0.021461,0.495527,0.668595,0.252019,0.983214,0.060348,1.295582,771.853955,6,0.4,mask-based structured pruning; architecture shape unchanged
l2_structured,6,0.50,L2 structured pruning exploration,/home/afm176/yolo_project/3_pruning/pruning_plan_20260709_220413/l2_structured_amount_sweep/layer_6_amt_0p50/yolo26n_l2_layer_6_amt_0p50.pt,val,4.726157,2376981,43011,1.809480,0.008441,0.016200,0.498191,0.673855,0.295075,0.996772,0.071660,1.363507,733.402956,6,0.5,mask-based structured pruning; architecture shape unchanged
l2_structured,7,0.05,L2 structured pruning exploration,/home/afm176/yolo_project/3_pruning/pruning_plan_20260709_220413/l2_structured_amount_sweep/layer_7_amt_0p05/yolo26n_l2_layer_7_amt_0p05.pt,val,4.726157,2376981,14979,0.630169,0.503190,0.682027,0.003443,0.008028,0.266560,0.982938,0.076830,1.326328,753.961434,7,0.05,mask-based structured pruning; architecture shape unchanged
l2_structured,7,0.10,L2 structured pruning exploration,/home/afm176/yolo_project/3_pruning/pruning_plan_20260709_220413/l2_structured_amount_sweep/layer_7_amt_0p10/yolo26n_l2_layer_7_amt_0p10.pt,val,4.726157,2376981,29955,1.260212,0.496558,0.668741,0.010075,0.021314,0.251675,0.980844,0.069003,1.301522,768.331428,7,0.1,mask-based structured pruning; architecture shape unchanged
l2_structured,7,0.20,L2 structured pruning exploration,/home/afm176/yolo_project/3_pruning/pruning_plan_20260709_220413/l2_structured_amount_sweep/layer_7_amt_0p20/yolo26n_l2_layer_7_amt_0p20.pt,val,4.726157,2376981,58755,2.471833,0.476630,0.644706,0.030002,0.045349,0.257384,0.971013,0.049736,1.278134,782.390451,7,0.2,mask-based structured pruning; architecture shape unchanged
l2_structured,7,0.30,L2 structured pruning exploration,/home/afm176/yolo_project/3_pruning/pruning_plan_20260709_220413/l2_structured_amount_sweep/layer_7_amt_0p30/yolo26n_l2_layer_7_amt_0p30.pt,val,4.726157,2376981,88707,3.731919,0.400544,0.542778,0.106088,0.147277,0.314442,0.987819,0.050473,1.352734,739.243778,7,0.3,mask-based structured pruning; architecture shape unchanged
l2_structured,7,0.40,L2 structured pruning exploration,/home/afm176/yolo_project/3_pruning/pruning_plan_20260709_220413/l2_structured_amount_sweep/layer_7_amt_0p40/yolo26n_l2_layer_7_amt_0p40.pt,val,4.726157,2376981,117507,4.943540,0.274455,0.381498,0.232177,0.308557,0.254159,0.993550,0.090394,1.338103,747.326487,7,0.4,mask-based structured pruning; architecture shape unchanged
l2_structured,7,0.50,L2 structured pruning exploration,/home/afm176/yolo_project/3_pruning/pruning_plan_20260709_220413/l2_structured_amount_sweep/layer_7_amt_0p50/yolo26n_l2_layer_7_amt_0p50.pt,val,4.726157,2376981,147459,6.203626,0.144669,0.200596,0.361964,0.489459,0.259873,0.998959,0.057152,1.315984,759.887782,7,0.5,mask-based structured pruning; architecture shape unchanged
l2_structured,8,0.05,L2 structured pruning exploration,/home/afm176/yolo_project/3_pruning/pruning_plan_20260709_220413/l2_structured_amount_sweep/layer_8_amt_0p05/yolo26n_l2_layer_8_amt_0p05.pt,val,4.726157,2376981,16771,0.705559,0.492803,0.670595,0.013829,0.019460,0.287652,0.973705,0.046568,1.307925,764.570048,8,0.05,mask-based structured pruning; architecture shape unchanged
l2_structured,8,0.10,L2 structured pruning exploration,/home/afm176/yolo_project/3_pruning/pruning_plan_20260709_220413/l2_structured_amount_sweep/layer_8_amt_0p10/yolo26n_l2_layer_8_amt_0p10.pt,val,4.726157,2376981,33667,1.416376,0.441743,0.607205,0.064889,0.082850,0.266976,1.001683,0.076501,1.345160,743.405825,8,0.1,mask-based structured pruning; architecture shape unchanged
l2_structured,8,0.20,L2 structured pruning exploration,/home/afm176/yolo_project/3_pruning/pruning_plan_20260709_220413/l2_structured_amount_sweep/layer_8_amt_0p20/yolo26n_l2_layer_8_amt_0p20.pt,val,4.726157,2376981,69251,2.913401,0.274723,0.374931,0.231909,0.315125,0.248164,0.991794,0.042738,1.282697,779.607423,8,0.2,mask-based structured pruning; architecture shape unchanged
l2_structured,8,0.30,L2 structured pruning exploration,/home/afm176/yolo_project/3_pruning/pruning_plan_20260709_220413/l2_structured_amount_sweep/layer_8_amt_0p30/yolo26n_l2_layer_8_amt_0p30.pt,val,4.726157,2376981,102787,4.324267,0.188353,0.256566,0.318280,0.433490,0.246465,0.971650,0.039050,1.257166,795.440049,8,0.3,mask-based structured pruning; architecture shape unchanged
l2_structured,8,0.40,L2 structured pruning exploration,/home/afm176/yolo_project/3_pruning/pruning_plan_20260709_220413/l2_structured_amount_sweep/layer_8_amt_0p40/yolo26n_l2_layer_8_amt_0p40.pt,val,4.726157,2376981,138371,5.821292,0.134124,0.182907,0.372508,0.507148,0.254636,0.972247,0.059588,1.286471,777.320247,8,0.4,mask-based structured pruning; architecture shape unchanged
l2_structured,8,0.50,L2 structured pruning exploration,/home/afm176/yolo_project/3_pruning/pruning_plan_20260709_220413/l2_structured_amount_sweep/layer_8_amt_0p50/yolo26n_l2_layer_8_amt_0p50.pt,val,4.726157,2376981,172035,7.237542,0.118231,0.166892,0.388401,0.523163,0.249749,0.981590,0.064683,1.296021,771.592160,8,0.5,mask-based structured pruning; architecture shape unchanged
l2_structured,9,0.05,L2 structured pruning exploration,/home/afm176/yolo_project/3_pruning/pruning_plan_20260709_220413/l2_structured_amount_sweep/layer_9_amt_0p05/yolo26n_l2_layer_9_amt_0p05.pt,val,4.726157,2376981,8195,0.344765,0.490896,0.671055,0.015737,0.019000,0.297399,0.974851,0.073025,1.345275,743.342356,9,0.05,mask-based structured pruning; architecture shape unchanged
l2_structured,9,0.10,L2 structured pruning exploration,/home/afm176/yolo_project/3_pruning/pruning_plan_20260709_220413/l2_structured_amount_sweep/layer_9_amt_0p10/yolo26n_l2_layer_9_amt_0p10.pt,val,4.726157,2376981,16643,0.700174,0.470803,0.642084,0.035829,0.047972,0.279782,0.996324,0.096352,1.372458,728.619939,9,0.1,mask-based structured pruning; architecture shape unchanged
l2_structured,9,0.20,L2 structured pruning exploration,/home/afm176/yolo_project/3_pruning/pruning_plan_20260709_220413/l2_structured_amount_sweep/layer_9_amt_0p20/yolo26n_l2_layer_9_amt_0p20.pt,val,4.726157,2376981,32771,1.378682,0.347086,0.483269,0.159546,0.206786,0.249478,0.982076,0.065338,1.296892,771.074114,9,0.2,mask-based structured pruning; architecture shape unchanged
l2_structured,9,0.30,L2 structured pruning exploration,/home/afm176/yolo_project/3_pruning/pruning_plan_20260709_220413/l2_structured_amount_sweep/layer_9_amt_0p30/yolo26n_l2_layer_9_amt_0p30.pt,val,4.726157,2376981,49155,2.067959,0.278432,0.390882,0.228201,0.299173,0.258555,0.997747,0.096274,1.352576,739.329910,9,0.3,mask-based structured pruning; architecture shape unchanged
l2_structured,9,0.40,L2 structured pruning exploration,/home/afm176/yolo_project/3_pruning/pruning_plan_20260709_220413/l2_structured_amount_sweep/layer_9_amt_0p40/yolo26n_l2_layer_9_amt_0p40.pt,val,4.726157,2376981,65283,2.746467,0.264586,0.370586,0.242047,0.319469,0.250204,0.979408,0.057052,1.286664,777.203408,9,0.4,mask-based structured pruning; architecture shape unchanged
l2_structured,9,0.50,L2 structured pruning exploration,/home/afm176/yolo_project/3_pruning/pruning_plan_20260709_220413/l2_structured_amount_sweep/layer_9_amt_0p50/yolo26n_l2_layer_9_amt_0p50.pt,val,4.726157,2376981,81923,3.446515,0.254151,0.357967,0.252482,0.332088,0.251423,1.004915,0.056208,1.312546,761.878287,9,0.5,mask-based structured pruning; architecture shape unchanged
l2_structured,10,0.05,L2 structured pruning exploration,/home/afm176/yolo_project/3_pruning/pruning_plan_20260709_220413/l2_structured_amount_sweep/layer_10_amt_0p05/yolo26n_l2_layer_10_amt_0p05.pt,val,4.726361,2376981,12345,0.519356,0.489093,0.671069,0.017540,0.018986,0.259449,0.971431,0.042940,1.273820,785.040297,10,0.05,mask-based structured pruning; architecture shape unchanged
l2_structured,10,0.10,L2 structured pruning exploration,/home/afm176/yolo_project/3_pruning/pruning_plan_20260709_220413/l2_structured_amount_sweep/layer_10_amt_0p10/yolo26n_l2_layer_10_amt_0p10.pt,val,4.726361,2376981,25080,1.055120,0.466356,0.637345,0.040276,0.052710,0.246844,0.992267,0.091068,1.330179,751.778373,10,0.1,mask-based structured pruning; architecture shape unchanged
l2_structured,10,0.20,L2 structured pruning exploration,/home/afm176/yolo_project/3_pruning/pruning_plan_20260709_220413/l2_structured_amount_sweep/layer_10_amt_0p20/yolo26n_l2_layer_10_amt_0p20.pt,val,4.726361,2376981,49389,2.077804,0.387412,0.537850,0.119220,0.152205,0.262857,0.985496,0.083537,1.331890,750.812989,10,0.2,mask-based structured pruning; architecture shape unchanged
l2_structured,10,0.30,L2 structured pruning exploration,/home/afm176/yolo_project/3_pruning/pruning_plan_20260709_220413/l2_structured_amount_sweep/layer_10_amt_0p30/yolo26n_l2_layer_10_amt_0p30.pt,val,4.726361,2376981,74073,3.116264,0.274764,0.387069,0.231868,0.302986,0.243120,0.985480,0.069081,1.297682,770.605084,10,0.3,mask-based structured pruning; architecture shape unchanged
l2_structured,10,0.40,L2 structured pruning exploration,/home/afm176/yolo_project/3_pruning/pruning_plan_20260709_220413/l2_structured_amount_sweep/layer_10_amt_0p40/yolo26n_l2_layer_10_amt_0p40.pt,val,4.726361,2376981,98382,4.138948,0.235953,0.340363,0.270679,0.349692,0.280889,0.998807,0.069294,1.348990,741.295332,10,0.4,mask-based structured pruning; architecture shape unchanged
l2_structured,10,0.50,L2 structured pruning exploration,/home/afm176/yolo_project/3_pruning/pruning_plan_20260709_220413/l2_structured_amount_sweep/layer_10_amt_0p50/yolo26n_l2_layer_10_amt_0p50.pt,val,4.726361,2376981,123459,5.193941,0.200276,0.291494,0.306357,0.398561,0.303944,0.982916,0.070018,1.356878,736.985732,10,0.5,mask-based structured pruning; architecture shape unchanged
l2_structured,13,0.05,L2 structured pruning exploration,/home/afm176/yolo_project/3_pruning/pruning_plan_20260709_220413/l2_structured_amount_sweep/layer_13_amt_0p05/yolo26n_l2_layer_13_amt_0p05.pt,val,4.726361,2376981,6211,0.261298,0.483315,0.656596,0.023317,0.033460,0.261359,0.983458,0.077487,1.322305,756.255112,13,0.05,mask-based structured pruning; architecture shape unchanged
l2_structured,13,0.10,L2 structured pruning exploration,/home/afm176/yolo_project/3_pruning/pruning_plan_20260709_220413/l2_structured_amount_sweep/layer_13_amt_0p10/yolo26n_l2_layer_13_amt_0p10.pt,val,4.726361,2376981,11715,0.492852,0.470154,0.638727,0.036479,0.051328,0.249616,0.971842,0.042737,1.264195,791.017048,13,0.1,mask-based structured pruning; architecture shape unchanged
l2_structured,13,0.20,L2 structured pruning exploration,/home/afm176/yolo_project/3_pruning/pruning_plan_20260709_220413/l2_structured_amount_sweep/layer_13_amt_0p20/yolo26n_l2_layer_13_amt_0p20.pt,val,4.726361,2376981,23491,0.988270,0.335626,0.466810,0.171007,0.223245,0.249041,0.984125,0.062027,1.295193,772.085566,13,0.2,mask-based structured pruning; architecture shape unchanged
l2_structured,13,0.30,L2 structured pruning exploration,/home/afm176/yolo_project/3_pruning/pruning_plan_20260709_220413/l2_structured_amount_sweep/layer_13_amt_0p30/yolo26n_l2_layer_13_amt_0p30.pt,val,4.726361,2376981,35907,1.510614,0.172869,0.259365,0.333763,0.430691,0.265658,0.988949,0.049125,1.303731,767.029164,13,0.3,mask-based structured pruning; architecture shape unchanged
l2_structured,13,0.40,L2 structured pruning exploration,/home/afm176/yolo_project/3_pruning/pruning_plan_20260709_220413/l2_structured_amount_sweep/layer_13_amt_0p40/yolo26n_l2_layer_13_amt_0p40.pt,val,4.726361,2376981,47683,2.006032,0.068373,0.138300,0.438260,0.551756,0.256183,0.987455,0.048843,1.292481,773.705617,13,0.4,mask-based structured pruning; architecture shape unchanged
l2_structured,13,0.50,L2 structured pruning exploration,/home/afm176/yolo_project/3_pruning/pruning_plan_20260709_220413/l2_structured_amount_sweep/layer_13_amt_0p50/yolo26n_l2_layer_13_amt_0p50.pt,val,4.726361,2376981,59395,2.498758,0.045339,0.093039,0.461293,0.597017,0.277519,0.990794,0.078866,1.347179,742.291844,13,0.5,mask-based structured pruning; architecture shape unchanged
l2_structured,16,0.05,L2 structured pruning exploration,/home/afm176/yolo_project/3_pruning/pruning_plan_20260709_220413/l2_structured_amount_sweep/layer_16_amt_0p05/yolo26n_l2_layer_16_amt_0p05.pt,val,4.726361,2376981,1763,0.074170,0.467004,0.650860,0.039628,0.039195,0.256768,0.986085,0.069655,1.312508,761.899901,16,0.05,mask-based structured pruning; architecture shape unchanged
l2_structured,16,0.10,L2 structured pruning exploration,/home/afm176/yolo_project/3_pruning/pruning_plan_20260709_220413/l2_structured_amount_sweep/layer_16_amt_0p10/yolo26n_l2_layer_16_amt_0p10.pt,val,4.726361,2376981,3491,0.146867,0.391477,0.568352,0.115156,0.121704,0.272248,0.983628,0.062562,1.318439,758.472942,16,0.1,mask-based structured pruning; architecture shape unchanged
l2_structured,16,0.20,L2 structured pruning exploration,/home/afm176/yolo_project/3_pruning/pruning_plan_20260709_220413/l2_structured_amount_sweep/layer_16_amt_0p20/yolo26n_l2_layer_16_amt_0p20.pt,val,4.726361,2376981,6691,0.281492,0.264722,0.429991,0.241911,0.260064,0.245146,0.970115,0.038949,1.254210,797.314822,16,0.2,mask-based structured pruning; architecture shape unchanged
l2_structured,16,0.30,L2 structured pruning exploration,/home/afm176/yolo_project/3_pruning/pruning_plan_20260709_220413/l2_structured_amount_sweep/layer_16_amt_0p30/yolo26n_l2_layer_16_amt_0p30.pt,val,4.726361,2376981,10211,0.429579,0.234054,0.376243,0.272578,0.313812,0.266572,0.992491,0.048455,1.307517,764.808577,16,0.3,mask-based structured pruning; architecture shape unchanged
l2_structured,16,0.40,L2 structured pruning exploration,/home/afm176/yolo_project/3_pruning/pruning_plan_20260709_220413/l2_structured_amount_sweep/layer_16_amt_0p40/yolo26n_l2_layer_16_amt_0p40.pt,val,4.726361,2376981,13411,0.564203,0.203152,0.341129,0.303480,0.348927,0.295935,0.971947,0.043521,1.311403,762.542142,16,0.4,mask-based structured pruning; architecture shape unchanged
l2_structured,16,0.50,L2 structured pruning exploration,/home/afm176/yolo_project/3_pruning/pruning_plan_20260709_220413/l2_structured_amount_sweep/layer_16_amt_0p50/yolo26n_l2_layer_16_amt_0p50.pt,val,4.726361,2376981,16899,0.710944,0.198812,0.347293,0.307820,0.342762,0.285729,0.988988,0.055482,1.330199,751.767023,16,0.5,mask-based structured pruning; architecture shape unchanged
l2_structured,17,0.05,L2 structured pruning exploration,/home/afm176/yolo_project/3_pruning/pruning_plan_20260709_220413/l2_structured_amount_sweep/layer_17_amt_0p05/yolo26n_l2_layer_17_amt_0p05.pt,val,4.726361,2376981,1731,0.072823,0.487526,0.683480,0.019106,0.006575,0.294927,1.015691,0.078549,1.389168,719.855572,17,0.05,mask-based structured pruning; architecture shape unchanged
l2_structured,17,0.10,L2 structured pruning exploration,/home/afm176/yolo_project/3_pruning/pruning_plan_20260709_220413/l2_structured_amount_sweep/layer_17_amt_0p10/yolo26n_l2_layer_17_amt_0p10.pt,val,4.726361,2376981,3459,0.145521,0.473365,0.676999,0.033267,0.013056,0.296882,0.987473,0.067069,1.351424,739.959980,17,0.1,mask-based structured pruning; architecture shape unchanged
l2_structured,17,0.20,L2 structured pruning exploration,/home/afm176/yolo_project/3_pruning/pruning_plan_20260709_220413/l2_structured_amount_sweep/layer_17_amt_0p20/yolo26n_l2_layer_17_amt_0p20.pt,val,4.726361,2376981,7491,0.315148,0.437900,0.647309,0.068732,0.042746,0.257933,0.971711,0.043012,1.272656,785.758020,17,0.2,mask-based structured pruning; architecture shape unchanged
l2_structured,17,0.30,L2 structured pruning exploration,/home/afm176/yolo_project/3_pruning/pruning_plan_20260709_220413/l2_structured_amount_sweep/layer_17_amt_0p30/yolo26n_l2_layer_17_amt_0p30.pt,val,4.726361,2376981,10947,0.460542,0.393897,0.611630,0.112736,0.078425,0.278773,0.982847,0.063655,1.325275,754.560492,17,0.3,mask-based structured pruning; architecture shape unchanged
l2_structured,17,0.40,L2 structured pruning exploration,/home/afm176/yolo_project/3_pruning/pruning_plan_20260709_220413/l2_structured_amount_sweep/layer_17_amt_0p40/yolo26n_l2_layer_17_amt_0p40.pt,val,4.726361,2376981,14979,0.630169,0.350025,0.570426,0.156608,0.119629,0.260777,0.985383,0.071255,1.317416,759.061815,17,0.4,mask-based structured pruning; architecture shape unchanged
l2_structured,17,0.50,L2 structured pruning exploration,/home/afm176/yolo_project/3_pruning/pruning_plan_20260709_220413/l2_structured_amount_sweep/layer_17_amt_0p50/yolo26n_l2_layer_17_amt_0p50.pt,val,4.726361,2376981,18435,0.775564,0.330243,0.544833,0.176389,0.145222,0.252061,0.995445,0.080315,1.327820,753.114187,17,0.5,mask-based structured pruning; architecture shape unchanged
l2_structured,19,0.05,L2 structured pruning exploration,/home/afm176/yolo_project/3_pruning/pruning_plan_20260709_220413/l2_structured_amount_sweep/layer_19_amt_0p05/yolo26n_l2_layer_19_amt_0p05.pt,val,4.726361,2376981,5059,0.212833,0.355349,0.528053,0.151284,0.162002,0.315962,0.973727,0.044299,1.333988,749.631766,19,0.05,mask-based structured pruning; architecture shape unchanged
l2_structured,19,0.10,L2 structured pruning exploration,/home/afm176/yolo_project/3_pruning/pruning_plan_20260709_220413/l2_structured_amount_sweep/layer_19_amt_0p10/yolo26n_l2_layer_19_amt_0p10.pt,val,4.726361,2376981,9219,0.387845,0.253362,0.401779,0.253270,0.288276,0.265482,0.978890,0.042450,1.286822,777.108266,19,0.1,mask-based structured pruning; architecture shape unchanged
l2_structured,19,0.20,L2 structured pruning exploration,/home/afm176/yolo_project/3_pruning/pruning_plan_20260709_220413/l2_structured_amount_sweep/layer_19_amt_0p20/yolo26n_l2_layer_19_amt_0p20.pt,val,4.726361,2376981,18499,0.778256,0.132349,0.253409,0.374284,0.436646,0.248733,0.998411,0.064648,1.311791,762.316339,19,0.2,mask-based structured pruning; architecture shape unchanged
l2_structured,19,0.30,L2 structured pruning exploration,/home/afm176/yolo_project/3_pruning/pruning_plan_20260709_220413/l2_structured_amount_sweep/layer_19_amt_0p30/yolo26n_l2_layer_19_amt_0p30.pt,val,4.726361,2376981,28611,1.203670,0.112155,0.219410,0.394477,0.470645,0.282064,0.982630,0.068911,1.333604,749.847594,19,0.3,mask-based structured pruning; architecture shape unchanged
l2_structured,19,0.40,L2 structured pruning exploration,/home/afm176/yolo_project/3_pruning/pruning_plan_20260709_220413/l2_structured_amount_sweep/layer_19_amt_0p40/yolo26n_l2_layer_19_amt_0p40.pt,val,4.726361,2376981,37891,1.594081,0.090395,0.178239,0.416237,0.511816,0.279761,0.985617,0.047414,1.312791,761.735741,19,0.4,mask-based structured pruning; architecture shape unchanged
l2_structured,19,0.50,L2 structured pruning exploration,/home/afm176/yolo_project/3_pruning/pruning_plan_20260709_220413/l2_structured_amount_sweep/layer_19_amt_0p50/yolo26n_l2_layer_19_amt_0p50.pt,val,4.726361,2376981,47107,1.981800,0.086887,0.172096,0.419745,0.517959,0.281708,0.972404,0.042661,1.296773,771.145233,19,0.5,mask-based structured pruning; architecture shape unchanged
l2_structured,20,0.05,L2 structured pruning exploration,/home/afm176/yolo_project/3_pruning/pruning_plan_20260709_220413/l2_structured_amount_sweep/layer_20_amt_0p05/yolo26n_l2_layer_20_amt_0p05.pt,val,4.726361,2376981,6915,0.290915,0.503472,0.688338,0.003161,0.001717,0.282396,1.002116,0.078188,1.362699,733.837520,20,0.05,mask-based structured pruning; architecture shape unchanged
l2_structured,20,0.10,L2 structured pruning exploration,/home/afm176/yolo_project/3_pruning/pruning_plan_20260709_220413/l2_structured_amount_sweep/layer_20_amt_0p10/yolo26n_l2_layer_20_amt_0p10.pt,val,4.726361,2376981,14979,0.630169,0.489231,0.683530,0.017401,0.006525,0.258992,0.970943,0.039142,1.269076,787.974598,20,0.1,mask-based structured pruning; architecture shape unchanged
l2_structured,20,0.20,L2 structured pruning exploration,/home/afm176/yolo_project/3_pruning/pruning_plan_20260709_220413/l2_structured_amount_sweep/layer_20_amt_0p20/yolo26n_l2_layer_20_amt_0p20.pt,val,4.726361,2376981,29955,1.260212,0.459252,0.668721,0.047380,0.021334,0.252470,0.983462,0.066616,1.302548,767.726276,20,0.2,mask-based structured pruning; architecture shape unchanged
l2_structured,20,0.30,L2 structured pruning exploration,/home/afm176/yolo_project/3_pruning/pruning_plan_20260709_220413/l2_structured_amount_sweep/layer_20_amt_0p30/yolo26n_l2_layer_20_amt_0p30.pt,val,4.726361,2376981,43779,1.841790,0.449436,0.661627,0.057196,0.028428,0.274119,0.971851,0.049063,1.295032,772.181542,20,0.3,mask-based structured pruning; architecture shape unchanged
l2_structured,20,0.40,L2 structured pruning exploration,/home/afm176/yolo_project/3_pruning/pruning_plan_20260709_220413/l2_structured_amount_sweep/layer_20_amt_0p40/yolo26n_l2_layer_20_amt_0p40.pt,val,4.726361,2376981,58755,2.471833,0.441846,0.656143,0.064786,0.033912,0.260978,0.987132,0.073290,1.321400,756.772938,20,0.4,mask-based structured pruning; architecture shape unchanged
l2_structured,20,0.50,L2 structured pruning exploration,/home/afm176/yolo_project/3_pruning/pruning_plan_20260709_220413/l2_structured_amount_sweep/layer_20_amt_0p50/yolo26n_l2_layer_20_amt_0p50.pt,val,4.726361,2376981,73731,3.101876,0.414334,0.633618,0.092298,0.056437,0.258899,0.989634,0.049566,1.298099,770.357420,20,0.5,mask-based structured pruning; architecture shape unchanged
l2_structured,22,0.05,L2 structured pruning exploration,/home/afm176/yolo_project/3_pruning/pruning_plan_20260709_220413/l2_structured_amount_sweep/layer_22_amt_0p05/yolo26n_l2_layer_22_amt_0p05.pt,val,4.726361,2376981,22585,0.950155,0.466189,0.658617,0.040443,0.031438,0.251380,0.985382,0.068261,1.305022,766.270320,22,0.05,mask-based structured pruning; architecture shape unchanged
l2_structured,22,0.10,L2 structured pruning exploration,/home/afm176/yolo_project/3_pruning/pruning_plan_20260709_220413/l2_structured_amount_sweep/layer_22_amt_0p10/yolo26n_l2_layer_22_amt_0p10.pt,val,4.726361,2376981,46136,1.940949,0.396377,0.581774,0.110255,0.108281,0.291470,0.981245,0.046155,1.318870,758.224838,22,0.1,mask-based structured pruning; architecture shape unchanged
l2_structured,22,0.20,L2 structured pruning exploration,/home/afm176/yolo_project/3_pruning/pruning_plan_20260709_220413/l2_structured_amount_sweep/layer_22_amt_0p20/yolo26n_l2_layer_22_amt_0p20.pt,val,4.726361,2376981,92397,3.887158,0.348809,0.517914,0.157823,0.172141,0.250508,0.994660,0.060716,1.305884,765.764733,22,0.2,mask-based structured pruning; architecture shape unchanged
l2_structured,22,0.30,L2 structured pruning exploration,/home/afm176/yolo_project/3_pruning/pruning_plan_20260709_220413/l2_structured_amount_sweep/layer_22_amt_0p30/yolo26n_l2_layer_22_amt_0p30.pt,val,4.726361,2376981,137561,5.787215,0.347797,0.515807,0.158836,0.174248,0.299664,0.994100,0.063139,1.356904,736.972008,22,0.3,mask-based structured pruning; architecture shape unchanged
l2_structured,22,0.40,L2 structured pruning exploration,/home/afm176/yolo_project/3_pruning/pruning_plan_20260709_220413/l2_structured_amount_sweep/layer_22_amt_0p40/yolo26n_l2_layer_22_amt_0p40.pt,val,4.726361,2376981,183821,7.733381,0.347604,0.515333,0.159028,0.174722,0.246086,0.981622,0.073654,1.301362,768.425852,22,0.4,mask-based structured pruning; architecture shape unchanged
l2_structured,22,0.50,L2 structured pruning exploration,/home/afm176/yolo_project/3_pruning/pruning_plan_20260709_220413/l2_structured_amount_sweep/layer_22_amt_0p50/yolo26n_l2_layer_22_amt_0p50.pt,val,4.726361,2376981,229954,9.674204,0.347605,0.515334,0.159027,0.174721,0.259258,0.982341,0.079347,1.320945,757.033638,22,0.5,mask-based structured pruning; architecture shape unchanged
