step,domain,group_id,root_module,current_channel_index_pruned,l1_score_at_selection,global_candidate_rank_this_step,root_out_channels_before,root_out_channels_after,parameters_before,parameters_after,parameters_removed_this_step,cumulative_parameters_removed,cumulative_parameter_reduction_percent,target_parameters,target_error_after,absolute_target_error_after,minimum_current_generic_root_out_channels,protected_outputs_unchanged,forward_pass_ok
1,SNOW,DG001,model.0.conv,6,1.3884286880493164,1,16,15,2506920,2506603,317,317,0.01264499864375409,2249816,256787,256787,8,True,True
2,SNOW,DG001,model.0.conv,4,1.733572006225586,1,15,14,2506603,2506286,317,634,0.02528999728750818,2249816,256470,256470,8,True,True
3,SNOW,DG012,model.16.m.0.cv2.conv,10,2.0557994842529297,1,16,15,2506286,2506220,66,700,0.027922709938889154,2249816,256404,256404,8,True,True
4,SNOW,DG001,model.0.conv,10,2.0780563354492188,1,14,13,2506220,2505903,317,1017,0.04056770858264324,2249816,256087,256087,8,True,True
5,SNOW,DG012,model.16.m.0.cv2.conv,11,2.109752655029297,1,15,14,2505903,2505837,66,1083,0.04320042123402422,2249816,256021,256021,8,True,True
6,SNOW,DG012,model.16.m.0.cv2.conv,3,2.2550086975097656,1,14,13,2505837,2505771,66,1149,0.0458331338854052,2249816,255955,255955,8,True,True
7,SNOW,DG012,model.16.m.0.cv2.conv,4,2.2908248901367188,1,13,12,2505771,2505705,66,1215,0.04846584653678618,2249816,255889,255889,8,True,True
8,SNOW,DG012,model.16.m.0.cv2.conv,2,2.2926292419433594,1,12,11,2505705,2505639,66,1281,0.05109855918816715,2249816,255823,255823,8,True,True
9,SNOW,DG012,model.16.m.0.cv2.conv,3,2.2996644973754883,1,11,10,2505639,2505573,66,1347,0.05373127183954813,2249816,255757,255757,8,True,True
10,SNOW,DG011,model.16.m.0.cv1.conv,8,2.311208724975586,1,16,15,2505573,2504927,646,1993,0.07949994415458012,2249816,255111,255111,8,True,True
11,SNOW,DG021,model.2.cv2.conv,31,2.311854124069214,1,64,63,2504927,2504301,626,2619,0.10447082475707242,2249816,254485,254485,8,True,True
12,SNOW,DG018,model.19.m.0.cv2.conv,28,2.3154587745666504,1,32,31,2504301,2504171,130,2749,0.10965647088858041,2249816,254355,254355,8,True,True
13,SNOW,DG026,model.22.m.0.1.ffn.0.conv,238,2.320218086242676,1,256,255,2504171,2503913,258,3007,0.11994798398034241,2249816,254097,254097,8,True,True
14,SNOW,DG018,model.19.m.0.cv2.conv,6,2.3808159828186035,1,31,30,2503913,2503783,130,3137,0.12513363011185039,2249816,253967,253967,8,True,True
15,SNOW,DG012,model.16.m.0.cv2.conv,3,2.387758255004883,1,10,9,2503783,2503717,66,3203,0.12776634276323137,2249816,253901,253901,8,True,True
16,SNOW,DG012,model.16.m.0.cv2.conv,7,2.3985371589660645,1,9,8,2503717,2503651,66,3269,0.13039905541461236,2249816,253835,253835,8,True,True
17,SNOW,DG026,model.22.m.0.1.ffn.0.conv,6,2.442674160003662,1,255,254,2503651,2503393,258,3527,0.14069056850637435,2249816,253577,253577,8,True,True
18,SNOW,DG018,model.19.m.0.cv2.conv,21,2.479541778564453,1,30,29,2503393,2503263,130,3657,0.14587621463788233,2249816,253447,253447,8,True,True
19,SNOW,DG026,model.22.m.0.1.ffn.0.conv,167,2.49934720993042,1,254,253,2503263,2503005,258,3915,0.15616772772964435,2249816,253189,253189,8,True,True
20,SNOW,DG018,model.19.m.0.cv2.conv,6,2.4996793270111084,1,29,28,2503005,2502875,130,4045,0.16135337386115234,2249816,253059,253059,8,True,True
21,SNOW,DG026,model.22.m.0.1.ffn.0.conv,76,2.503202199935913,1,253,252,2502875,2502617,258,4303,0.17164488695291433,2249816,252801,252801,8,True,True
22,SNOW,DG026,model.22.m.0.1.ffn.0.conv,210,2.5143985748291016,1,252,251,2502617,2502359,258,4561,0.18193640004467634,2249816,252543,252543,8,True,True
23,SNOW,DG033,model.6.m.0.cv2.conv,2,2.540330410003662,1,32,31,2502359,2502229,130,4691,0.18712204617618433,2249816,252413,252413,8,True,True
24,SNOW,DG018,model.19.m.0.cv2.conv,9,2.548786163330078,1,28,27,2502229,2502099,130,4821,0.19230769230769232,2249816,252283,252283,8,True,True
25,SNOW,DG018,model.19.m.0.cv2.conv,3,2.5750913619995117,2,27,26,2502099,2501969,130,4951,0.1974933384392003,2249816,252153,252153,8,True,True
26,SNOW,DG018,model.19.m.0.cv2.conv,4,2.604861259460449,2,26,25,2501969,2501839,130,5081,0.2026789845707083,2249816,252023,252023,8,True,True
27,SNOW,DG026,model.22.m.0.1.ffn.0.conv,100,2.6360840797424316,2,251,250,2501839,2501581,258,5339,0.21297049766247028,2249816,251765,251765,8,True,True
28,SNOW,DG018,model.19.m.0.cv2.conv,12,2.6649794578552246,2,25,24,2501581,2501451,130,5469,0.21815614379397827,2249816,251635,251635,8,True,True
29,SNOW,DG026,model.22.m.0.1.ffn.0.conv,194,2.665152072906494,2,250,249,2501451,2501193,258,5727,0.22844765688574026,2249816,251377,251377,8,True,True
30,SNOW,DG033,model.6.m.0.cv2.conv,22,2.6929285526275635,2,31,30,2501193,2501063,130,5857,0.23363330301724825,2249816,251247,251247,8,True,True
31,SNOW,DG026,model.22.m.0.1.ffn.0.conv,16,2.696744680404663,2,249,248,2501063,2500805,258,6115,0.24392481610901026,2249816,250989,250989,8,True,True
32,SNOW,DG018,model.19.m.0.cv2.conv,15,2.6984095573425293,2,24,23,2500805,2500675,130,6245,0.24911046224051825,2249816,250859,250859,8,True,True
33,SNOW,DG026,model.22.m.0.1.ffn.0.conv,143,2.7057018280029297,2,248,247,2500675,2500417,258,6503,0.25940197533228027,2249816,250601,250601,8,True,True
34,SNOW,DG021,model.2.cv2.conv,42,2.7134251594543457,2,63,62,2500417,2499791,626,7129,0.2843728559347726,2249816,249975,249975,8,True,True
35,SNOW,DG018,model.19.m.0.cv2.conv,9,2.7139463424682617,2,23,22,2499791,2499661,130,7259,0.28955850206628053,2249816,249845,249845,8,True,True
36,SNOW,DG018,model.19.m.0.cv2.conv,6,2.7242789268493652,2,22,21,2499661,2499531,130,7389,0.29474414819778855,2249816,249715,249715,8,True,True
37,SNOW,DG021,model.2.cv2.conv,24,2.7399871349334717,2,62,61,2499531,2498905,626,8015,0.3197150288002808,2249816,249089,249089,8,True,True
38,SNOW,DG026,model.22.m.0.1.ffn.0.conv,210,2.746450185775757,2,247,246,2498905,2498647,258,8273,0.3300065418920428,2249816,248831,248831,8,True,True
39,SNOW,DG018,model.19.m.0.cv2.conv,16,2.7485342025756836,2,21,20,2498647,2498517,130,8403,0.33519218802355083,2249816,248701,248701,8,True,True
40,SNOW,DG021,model.2.cv2.conv,26,2.7496237754821777,2,61,60,2498517,2497891,626,9029,0.36016306862604314,2249816,248075,248075,8,True,True
41,SNOW,DG026,model.22.m.0.1.ffn.0.conv,175,2.758413791656494,2,246,245,2497891,2497633,258,9287,0.3704545817178051,2249816,247817,247817,8,True,True
42,SNOW,DG026,model.22.m.0.1.ffn.0.conv,110,2.7592055797576904,2,245,244,2497633,2497375,258,9545,0.3807460948095671,2249816,247559,247559,8,True,True
43,SNOW,DG026,model.22.m.0.1.ffn.0.conv,240,2.7600526809692383,2,244,243,2497375,2497117,258,9803,0.39103760790132913,2249816,247301,247301,8,True,True
44,SNOW,DG026,model.22.m.0.1.ffn.0.conv,226,2.769735097885132,2,243,242,2497117,2496859,258,10061,0.40132912099309115,2249816,247043,247043,8,True,True
45,SNOW,DG033,model.6.m.0.cv2.conv,12,2.7723169326782227,2,30,29,2496859,2496729,130,10191,0.4065147671245991,2249816,246913,246913,8,True,True
46,SNOW,DG026,model.22.m.0.1.ffn.0.conv,139,2.782561779022217,2,242,241,2496729,2496471,258,10449,0.4168062802163611,2249816,246655,246655,8,True,True
47,SNOW,DG026,model.22.m.0.1.ffn.0.conv,36,2.784008741378784,2,241,240,2496471,2496213,258,10707,0.42709779330812314,2249816,246397,246397,8,True,True
48,SNOW,DG026,model.22.m.0.1.ffn.0.conv,104,2.78751277923584,2,240,239,2496213,2495955,258,10965,0.4373893063998851,2249816,246139,246139,8,True,True
49,SNOW,DG018,model.19.m.0.cv2.conv,8,2.792233467102051,2,20,19,2495955,2495825,130,11095,0.4425749525313931,2249816,246009,246009,8,True,True
50,SNOW,DG021,model.2.cv2.conv,58,2.803314447402954,2,60,59,2495825,2495199,626,11721,0.4675458331338854,2249816,245383,245383,8,True,True
51,SNOW,DG018,model.19.m.0.cv2.conv,8,2.814995765686035,2,19,18,2495199,2495069,130,11851,0.4727314792653934,2249816,245253,245253,8,True,True
52,SNOW,DG026,model.22.m.0.1.ffn.0.conv,111,2.8154420852661133,2,239,238,2495069,2494811,258,12109,0.4830229923571554,2249816,244995,244995,8,True,True
53,SNOW,DG026,model.22.m.0.1.ffn.0.conv,184,2.815964698791504,2,238,237,2494811,2494553,258,12367,0.4933145054489174,2249816,244737,244737,8,True,True
54,SNOW,DG026,model.22.m.0.1.ffn.0.conv,144,2.82429575920105,2,237,236,2494553,2494295,258,12625,0.5036060185406794,2249816,244479,244479,8,True,True
55,SNOW,DG026,model.22.m.0.1.ffn.0.conv,161,2.8266701698303223,2,236,235,2494295,2494037,258,12883,0.5138975316324415,2249816,244221,244221,8,True,True
56,SNOW,DG026,model.22.m.0.1.ffn.0.conv,138,2.827281951904297,2,235,234,2494037,2493779,258,13141,0.5241890447242034,2249816,243963,243963,8,True,True
57,SNOW,DG018,model.19.m.0.cv2.conv,3,2.828038215637207,2,18,17,2493779,2493649,130,13271,0.5293746908557114,2249816,243833,243833,8,True,True
58,SNOW,DG026,model.22.m.0.1.ffn.0.conv,69,2.8301546573638916,2,234,233,2493649,2493391,258,13529,0.5396662039474734,2249816,243575,243575,8,True,True
59,SNOW,DG026,model.22.m.0.1.ffn.0.conv,97,2.849693775177002,3,233,232,2493391,2493133,258,13787,0.5499577170392353,2249816,243317,243317,8,True,True
60,SNOW,DG011,model.16.m.0.cv1.conv,14,2.850372314453125,3,15,14,2493133,2492487,646,14433,0.5757263893542673,2249816,242671,242671,8,True,True
61,SNOW,DG026,model.22.m.0.1.ffn.0.conv,174,2.8508501052856445,3,232,231,2492487,2492229,258,14691,0.5860179024460294,2249816,242413,242413,8,True,True
62,SNOW,DG026,model.22.m.0.1.ffn.0.conv,19,2.858139991760254,3,231,230,2492229,2491971,258,14949,0.5963094155377914,2249816,242155,242155,8,True,True
63,SNOW,DG026,model.22.m.0.1.ffn.0.conv,228,2.864123821258545,3,230,229,2491971,2491713,258,15207,0.6066009286295534,2249816,241897,241897,8,True,True
64,SNOW,DG018,model.19.m.0.cv2.conv,15,2.8652596473693848,3,17,16,2491713,2491583,130,15337,0.6117865747610614,2249816,241767,241767,8,True,True
65,SNOW,DG011,model.16.m.0.cv1.conv,6,2.871868133544922,3,14,13,2491583,2490937,646,15983,0.6375552470760933,2249816,241121,241121,8,True,True
66,SNOW,DG026,model.22.m.0.1.ffn.0.conv,141,2.8724327087402344,3,229,228,2490937,2490679,258,16241,0.6478467601678554,2249816,240863,240863,8,True,True
67,SNOW,DG026,model.22.m.0.1.ffn.0.conv,148,2.874037981033325,3,228,227,2490679,2490421,258,16499,0.6581382732596174,2249816,240605,240605,8,True,True
68,SNOW,DG026,model.22.m.0.1.ffn.0.conv,31,2.874422550201416,3,227,226,2490421,2490163,258,16757,0.6684297863513794,2249816,240347,240347,8,True,True
69,SNOW,DG026,model.22.m.0.1.ffn.0.conv,203,2.874842405319214,3,226,225,2490163,2489905,258,17015,0.6787212994431414,2249816,240089,240089,8,True,True
70,SNOW,DG026,model.22.m.0.1.ffn.0.conv,210,2.8809261322021484,3,225,224,2489905,2489647,258,17273,0.6890128125349034,2249816,239831,239831,8,True,True
71,SNOW,DG026,model.22.m.0.1.ffn.0.conv,5,2.8858020305633545,3,224,223,2489647,2489389,258,17531,0.6993043256266653,2249816,239573,239573,8,True,True
72,SNOW,DG026,model.22.m.0.1.ffn.0.conv,20,2.886475086212158,3,223,222,2489389,2489131,258,17789,0.7095958387184274,2249816,239315,239315,8,True,True
73,SNOW,DG033,model.6.m.0.cv2.conv,25,2.8908891677856445,3,29,28,2489131,2489001,130,17919,0.7147814848499354,2249816,239185,239185,8,True,True
74,SNOW,DG026,model.22.m.0.1.ffn.0.conv,202,2.909237861633301,4,222,221,2489001,2488743,258,18177,0.7250729979416973,2249816,238927,238927,8,True,True
75,SNOW,DG021,model.2.cv2.conv,51,2.9153237342834473,4,59,58,2488743,2488117,626,18803,0.7500438785441896,2249816,238301,238301,8,True,True
76,SNOW,DG026,model.22.m.0.1.ffn.0.conv,63,2.9167563915252686,4,221,220,2488117,2487859,258,19061,0.7603353916359517,2249816,238043,238043,8,True,True
77,SNOW,DG026,model.22.m.0.1.ffn.0.conv,184,2.9167983531951904,4,220,219,2487859,2487601,258,19319,0.7706269047277137,2249816,237785,237785,8,True,True
78,SNOW,DG026,model.22.m.0.1.ffn.0.conv,54,2.9170725345611572,4,219,218,2487601,2487343,258,19577,0.7809184178194757,2249816,237527,237527,8,True,True
79,SNOW,DG026,model.22.m.0.1.ffn.0.conv,31,2.9171900749206543,4,218,217,2487343,2487085,258,19835,0.7912099309112377,2249816,237269,237269,8,True,True
80,SNOW,DG026,model.22.m.0.1.ffn.0.conv,34,2.9293763637542725,4,217,216,2487085,2486827,258,20093,0.8015014440029997,2249816,237011,237011,8,True,True
81,SNOW,DG026,model.22.m.0.1.ffn.0.conv,40,2.9346704483032227,4,216,215,2486827,2486569,258,20351,0.8117929570947617,2249816,236753,236753,8,True,True
82,SNOW,DG026,model.22.m.0.1.ffn.0.conv,93,2.9351415634155273,4,215,214,2486569,2486311,258,20609,0.8220844701865238,2249816,236495,236495,8,True,True
83,SNOW,DG026,model.22.m.0.1.ffn.0.conv,12,2.946488380432129,4,214,213,2486311,2486053,258,20867,0.8323759832782857,2249816,236237,236237,8,True,True
84,SNOW,DG026,model.22.m.0.1.ffn.0.conv,44,2.9513213634490967,4,213,212,2486053,2485795,258,21125,0.8426674963700477,2249816,235979,235979,8,True,True
85,SNOW,DG026,model.22.m.0.1.ffn.0.conv,35,2.953360080718994,4,212,211,2485795,2485537,258,21383,0.8529590094618097,2249816,235721,235721,8,True,True
86,SNOW,DG021,model.2.cv2.conv,6,2.955474853515625,4,58,57,2485537,2484911,626,22009,0.877929890064302,2249816,235095,235095,8,True,True
87,SNOW,DG026,model.22.m.0.1.ffn.0.conv,95,2.9597434997558594,4,211,210,2484911,2484653,258,22267,0.888221403156064,2249816,234837,234837,8,True,True
88,SNOW,DG021,model.2.cv2.conv,51,2.965269088745117,4,57,56,2484653,2484027,626,22893,0.9131922837585563,2249816,234211,234211,8,True,True
89,SNOW,DG026,model.22.m.0.1.ffn.0.conv,176,2.9693892002105713,4,210,209,2484027,2483769,258,23151,0.9234837968503183,2249816,233953,233953,8,True,True
90,SNOW,DG026,model.22.m.0.1.ffn.0.conv,136,2.9700865745544434,4,209,208,2483769,2483511,258,23409,0.9337753099420804,2249816,233695,233695,8,True,True
91,SNOW,DG026,model.22.m.0.1.ffn.0.conv,64,2.9764347076416016,4,208,207,2483511,2483253,258,23667,0.9440668230338424,2249816,233437,233437,8,True,True
92,SNOW,DG026,model.22.m.0.1.ffn.0.conv,136,2.9785168170928955,4,207,206,2483253,2482995,258,23925,0.9543583361256043,2249816,233179,233179,8,True,True
93,SNOW,DG033,model.6.m.0.cv2.conv,7,2.978835105895996,4,28,27,2482995,2482865,130,24055,0.9595439822571123,2249816,233049,233049,8,True,True
94,SNOW,DG026,model.22.m.0.1.ffn.0.conv,36,2.9892938137054443,4,206,205,2482865,2482607,258,24313,0.9698354953488744,2249816,232791,232791,8,True,True
95,SNOW,DG026,model.22.m.0.1.ffn.0.conv,198,2.989745616912842,4,205,204,2482607,2482349,258,24571,0.9801270084406363,2249816,232533,232533,8,True,True
96,SNOW,DG026,model.22.m.0.1.ffn.0.conv,107,2.9924275875091553,4,204,203,2482349,2482091,258,24829,0.9904185215323983,2249816,232275,232275,8,True,True
97,SNOW,DG033,model.6.m.0.cv2.conv,8,2.993048667907715,4,27,26,2482091,2481961,130,24959,0.9956041676639064,2249816,232145,232145,8,True,True
98,SNOW,DG026,model.22.m.0.1.ffn.0.conv,52,2.994499683380127,4,203,202,2481961,2481703,258,25217,1.0058956807556683,2249816,231887,231887,8,True,True
99,SNOW,DG026,model.22.m.0.1.ffn.0.conv,90,2.997751474380493,4,202,201,2481703,2481445,258,25475,1.0161871938474303,2249816,231629,231629,8,True,True
100,SNOW,DG026,model.22.m.0.1.ffn.0.conv,183,2.997758388519287,4,201,200,2481445,2481187,258,25733,1.0264787069391923,2249816,231371,231371,8,True,True
101,SNOW,DG026,model.22.m.0.1.ffn.0.conv,72,3.0018534660339355,4,200,199,2481187,2480929,258,25991,1.0367702200309543,2249816,231113,231113,8,True,True
102,SNOW,DG026,model.22.m.0.1.ffn.0.conv,133,3.003140449523926,4,199,198,2480929,2480671,258,26249,1.0470617331227163,2249816,230855,230855,8,True,True
103,SNOW,DG026,model.22.m.0.1.ffn.0.conv,101,3.0033788681030273,4,198,197,2480671,2480413,258,26507,1.0573532462144783,2249816,230597,230597,8,True,True
104,SNOW,DG026,model.22.m.0.1.ffn.0.conv,83,3.00426983833313,4,197,196,2480413,2480155,258,26765,1.0676447593062404,2249816,230339,230339,8,True,True
105,SNOW,DG026,model.22.m.0.1.ffn.0.conv,191,3.012162685394287,4,196,195,2480155,2479897,258,27023,1.0779362723980024,2249816,230081,230081,8,True,True
106,SNOW,DG026,model.22.m.0.1.ffn.0.conv,53,3.019698143005371,4,195,194,2479897,2479639,258,27281,1.0882277854897644,2249816,229823,229823,8,True,True
107,SNOW,DG026,model.22.m.0.1.ffn.0.conv,33,3.01981520652771,4,194,193,2479639,2479381,258,27539,1.0985192985815264,2249816,229565,229565,8,True,True
108,SNOW,DG026,model.22.m.0.1.ffn.0.conv,81,3.021777391433716,4,193,192,2479381,2479123,258,27797,1.1088108116732884,2249816,229307,229307,8,True,True
109,SNOW,DG026,model.22.m.0.1.ffn.0.conv,163,3.0278844833374023,4,192,191,2479123,2478865,258,28055,1.1191023247650504,2249816,229049,229049,8,True,True
110,SNOW,DG026,model.22.m.0.1.ffn.0.conv,69,3.0307021141052246,4,191,190,2478865,2478607,258,28313,1.1293938378568122,2249816,228791,228791,8,True,True
111,SNOW,DG026,model.22.m.0.1.ffn.0.conv,99,3.032674551010132,4,190,189,2478607,2478349,258,28571,1.1396853509485743,2249816,228533,228533,8,True,True
112,SNOW,DG026,model.22.m.0.1.ffn.0.conv,138,3.0330605506896973,4,189,188,2478349,2478091,258,28829,1.1499768640403363,2249816,228275,228275,8,True,True
113,SNOW,DG026,model.22.m.0.1.ffn.0.conv,102,3.0361993312835693,4,188,187,2478091,2477833,258,29087,1.1602683771320983,2249816,228017,228017,8,True,True
114,SNOW,DG026,model.22.m.0.1.ffn.0.conv,148,3.038012742996216,4,187,186,2477833,2477575,258,29345,1.1705598902238603,2249816,227759,227759,8,True,True
115,SNOW,DG021,model.2.cv2.conv,23,3.0387916564941406,4,56,55,2477575,2476949,626,29971,1.1955307708263527,2249816,227133,227133,8,True,True
116,SNOW,DG026,model.22.m.0.1.ffn.0.conv,119,3.040020227432251,4,186,185,2476949,2476691,258,30229,1.2058222839181147,2249816,226875,226875,8,True,True
117,SNOW,DG021,model.2.cv2.conv,25,3.0423126220703125,4,55,54,2476691,2476065,626,30855,1.230793164520607,2249816,226249,226249,8,True,True
118,SNOW,DG026,model.22.m.0.1.ffn.0.conv,102,3.0426578521728516,4,185,184,2476065,2475807,258,31113,1.241084677612369,2249816,225991,225991,8,True,True
119,SNOW,DG026,model.22.m.0.1.ffn.0.conv,27,3.0439915657043457,4,184,183,2475807,2475549,258,31371,1.251376190704131,2249816,225733,225733,8,True,True
120,SNOW,DG026,model.22.m.0.1.ffn.0.conv,151,3.0463476181030273,4,183,182,2475549,2475291,258,31629,1.261667703795893,2249816,225475,225475,8,True,True
121,SNOW,DG026,model.22.m.0.1.ffn.0.conv,88,3.0494766235351562,4,182,181,2475291,2475033,258,31887,1.271959216887655,2249816,225217,225217,8,True,True
122,SNOW,DG026,model.22.m.0.1.ffn.0.conv,48,3.0684494972229004,4,181,180,2475033,2474775,258,32145,1.282250729979417,2249816,224959,224959,8,True,True
123,SNOW,DG026,model.22.m.0.1.ffn.0.conv,70,3.0695035457611084,4,180,179,2474775,2474517,258,32403,1.292542243071179,2249816,224701,224701,8,True,True
124,SNOW,DG021,model.2.cv2.conv,45,3.0849838256835938,4,54,53,2474517,2473891,626,33029,1.3175131236736712,2249816,224075,224075,8,True,True
125,SNOW,DG026,model.22.m.0.1.ffn.0.conv,68,3.0897459983825684,4,179,178,2473891,2473633,258,33287,1.3278046367654333,2249816,223817,223817,8,True,True
126,SNOW,DG026,model.22.m.0.1.ffn.0.conv,81,3.091306686401367,4,178,177,2473633,2473375,258,33545,1.3380961498571953,2249816,223559,223559,8,True,True
127,SNOW,DG017,model.19.m.0.cv1.conv,30,3.091517448425293,4,32,31,2473375,2472089,1286,34831,1.3893941569734973,2249816,222273,222273,8,True,True
128,SNOW,DG026,model.22.m.0.1.ffn.0.conv,134,3.0920629501342773,4,177,176,2472089,2471831,258,35089,1.3996856700652593,2249816,222015,222015,8,True,True
129,SNOW,DG026,model.22.m.0.1.ffn.0.conv,82,3.0926222801208496,4,176,175,2471831,2471573,258,35347,1.4099771831570214,2249816,221757,221757,8,True,True
130,SNOW,DG026,model.22.m.0.1.ffn.0.conv,121,3.094229221343994,4,175,174,2471573,2471315,258,35605,1.4202686962487834,2249816,221499,221499,8,True,True
131,SNOW,DG026,model.22.m.0.1.ffn.0.conv,42,3.0955874919891357,4,174,173,2471315,2471057,258,35863,1.4305602093405454,2249816,221241,221241,8,True,True
132,SNOW,DG026,model.22.m.0.1.ffn.0.conv,38,3.100785255432129,4,173,172,2471057,2470799,258,36121,1.4408517224323074,2249816,220983,220983,8,True,True
133,SNOW,DG026,model.22.m.0.1.ffn.0.conv,111,3.101151704788208,4,172,171,2470799,2470541,258,36379,1.4511432355240694,2249816,220725,220725,8,True,True
134,SNOW,DG026,model.22.m.0.1.ffn.0.conv,54,3.106386661529541,4,171,170,2470541,2470283,258,36637,1.4614347486158314,2249816,220467,220467,8,True,True
135,SNOW,DG026,model.22.m.0.1.ffn.0.conv,37,3.1068434715270996,4,170,169,2470283,2470025,258,36895,1.4717262617075935,2249816,220209,220209,8,True,True
136,SNOW,DG026,model.22.m.0.1.ffn.0.conv,54,3.109436273574829,4,169,168,2470025,2469767,258,37153,1.4820177747993555,2249816,219951,219951,8,True,True
137,SNOW,DG026,model.22.m.0.1.ffn.0.conv,49,3.109440803527832,4,168,167,2469767,2469509,258,37411,1.4923092878911175,2249816,219693,219693,8,True,True
138,SNOW,DG026,model.22.m.0.1.ffn.0.conv,143,3.1106138229370117,4,167,166,2469509,2469251,258,37669,1.5026008009828793,2249816,219435,219435,8,True,True
139,SNOW,DG026,model.22.m.0.1.ffn.0.conv,149,3.1120524406433105,4,166,165,2469251,2468993,258,37927,1.5128923140746413,2249816,219177,219177,8,True,True
140,SNOW,DG026,model.22.m.0.1.ffn.0.conv,38,3.128591775894165,5,165,164,2468993,2468735,258,38185,1.5231838271664033,2249816,218919,218919,8,True,True
141,SNOW,DG021,model.2.cv2.conv,2,3.134739398956299,5,53,52,2468735,2468109,626,38811,1.5481547077688957,2249816,218293,218293,8,True,True
142,SNOW,DG026,model.22.m.0.1.ffn.0.conv,117,3.1354451179504395,5,164,163,2468109,2467851,258,39069,1.5584462208606578,2249816,218035,218035,8,True,True
143,SNOW,DG026,model.22.m.0.1.ffn.0.conv,31,3.1365582942962646,6,163,162,2467851,2467593,258,39327,1.5687377339524198,2249816,217777,217777,8,True,True
144,SNOW,DG026,model.22.m.0.1.ffn.0.conv,79,3.137237071990967,6,162,161,2467593,2467335,258,39585,1.5790292470441818,2249816,217519,217519,8,True,True
145,SNOW,DG026,model.22.m.0.1.ffn.0.conv,38,3.1376919746398926,6,161,160,2467335,2467077,258,39843,1.5893207601359438,2249816,217261,217261,8,True,True
146,SNOW,DG026,model.22.m.0.1.ffn.0.conv,37,3.1428189277648926,6,160,159,2467077,2466819,258,40101,1.5996122732277056,2249816,217003,217003,8,True,True
147,SNOW,DG011,model.16.m.0.cv1.conv,7,3.143260955810547,6,13,12,2466819,2466173,646,40747,1.6253809455427377,2249816,216357,216357,8,True,True
148,SNOW,DG026,model.22.m.0.1.ffn.0.conv,88,3.1454033851623535,6,159,158,2466173,2465915,258,41005,1.6356724586344997,2249816,216099,216099,8,True,True
149,SNOW,DG026,model.22.m.0.1.ffn.0.conv,155,3.1454405784606934,6,158,157,2465915,2465657,258,41263,1.6459639717262617,2249816,215841,215841,8,True,True
150,SNOW,DG011,model.16.m.0.cv1.conv,11,3.1483230590820312,6,12,11,2465657,2465011,646,41909,1.6717326440412936,2249816,215195,215195,8,True,True
151,SNOW,DG026,model.22.m.0.1.ffn.0.conv,61,3.1483330726623535,6,157,156,2465011,2464753,258,42167,1.6820241571330556,2249816,214937,214937,8,True,True
152,SNOW,DG026,model.22.m.0.1.ffn.0.conv,10,3.1493752002716064,6,156,155,2464753,2464495,258,42425,1.6923156702248177,2249816,214679,214679,8,True,True
153,SNOW,DG026,model.22.m.0.1.ffn.0.conv,52,3.156397581100464,7,155,154,2464495,2464237,258,42683,1.7026071833165797,2249816,214421,214421,8,True,True
154,SNOW,DG011,model.16.m.0.cv1.conv,8,3.1588668823242188,7,11,10,2464237,2463591,646,43329,1.7283758556316118,2249816,213775,213775,8,True,True
155,SNOW,DG026,model.22.m.0.1.ffn.0.conv,123,3.160193681716919,7,154,153,2463591,2463333,258,43587,1.7386673687233738,2249816,213517,213517,8,True,True
156,SNOW,DG026,model.22.m.0.1.ffn.0.conv,110,3.1616201400756836,8,153,152,2463333,2463075,258,43845,1.7489588818151358,2249816,213259,213259,8,True,True
157,SNOW,DG026,model.22.m.0.1.ffn.0.conv,118,3.1618845462799072,8,152,151,2463075,2462817,258,44103,1.7592503949068976,2249816,213001,213001,8,True,True
158,SNOW,DG011,model.16.m.0.cv1.conv,3,3.166187286376953,8,10,9,2462817,2462171,646,44749,1.7850190672219297,2249816,212355,212355,8,True,True
159,SNOW,DG014,model.16.m.0.m.1.cv1.conv,9,2.9328408241271973,4,16,15,2462171,2462007,164,44913,1.7915609592647552,2249816,212191,212191,8,True,True
160,SNOW,DG014,model.16.m.0.m.1.cv1.conv,14,2.942532539367676,4,15,14,2462007,2461843,164,45077,1.7981028513075805,2249816,212027,212027,8,True,True
161,SNOW,DG014,model.16.m.0.m.1.cv1.conv,7,2.995046615600586,4,14,13,2461843,2461679,164,45241,1.804644743350406,2249816,211863,211863,8,True,True
162,SNOW,DG014,model.16.m.0.m.1.cv1.conv,0,3.074521064758301,4,13,12,2461679,2461515,164,45405,1.8111866353932315,2249816,211699,211699,8,True,True
163,SNOW,DG021,model.2.cv2.conv,35,3.166304111480713,8,52,51,2461515,2460889,626,46031,1.8361575159957237,2249816,211073,211073,8,True,True
164,SNOW,DG026,model.22.m.0.1.ffn.0.conv,3,3.167511224746704,8,151,150,2460889,2460631,258,46289,1.8464490290874858,2249816,210815,210815,8,True,True
165,SNOW,DG026,model.22.m.0.1.ffn.0.conv,101,3.169339418411255,8,150,149,2460631,2460373,258,46547,1.8567405421792478,2249816,210557,210557,8,True,True
166,SNOW,DG026,model.22.m.0.1.ffn.0.conv,101,3.1703128814697266,8,149,148,2460373,2460115,258,46805,1.8670320552710098,2249816,210299,210299,8,True,True
167,SNOW,DG026,model.22.m.0.1.ffn.0.conv,4,3.1718485355377197,8,148,147,2460115,2459857,258,47063,1.8773235683627718,2249816,210041,210041,8,True,True
168,SNOW,DG026,model.22.m.0.1.ffn.0.conv,87,3.1750621795654297,8,147,146,2459857,2459599,258,47321,1.8876150814545338,2249816,209783,209783,8,True,True
169,SNOW,DG021,model.2.cv2.conv,12,3.1761112213134766,8,51,50,2459599,2458973,626,47947,1.9125859620570262,2249816,209157,209157,8,True,True
170,SNOW,DG026,model.22.m.0.1.ffn.0.conv,46,3.176535129547119,8,146,145,2458973,2458715,258,48205,1.9228774751487883,2249816,208899,208899,8,True,True
171,SNOW,DG026,model.22.m.0.1.ffn.0.conv,79,3.177406072616577,8,145,144,2458715,2458457,258,48463,1.93316898824055,2249816,208641,208641,8,True,True
172,SNOW,DG026,model.22.m.0.1.ffn.0.conv,128,3.1794626712799072,8,144,143,2458457,2458199,258,48721,1.943460501332312,2249816,208383,208383,8,True,True
173,SNOW,DG026,model.22.m.0.1.ffn.0.conv,51,3.1794991493225098,8,143,142,2458199,2457941,258,48979,1.953752014424074,2249816,208125,208125,8,True,True
174,SNOW,DG026,model.22.m.0.1.ffn.0.conv,50,3.180126428604126,8,142,141,2457941,2457683,258,49237,1.964043527515836,2249816,207867,207867,8,True,True
175,SNOW,DG011,model.16.m.0.cv1.conv,7,3.186737060546875,9,9,8,2457683,2457109,574,49811,1.9869401496657253,2249816,207293,207293,8,True,True
176,SNOW,DG014,model.16.m.0.m.1.cv1.conv,2,2.901198387145996,4,12,11,2457109,2456963,146,49957,1.992764029167265,2249816,207147,207147,8,True,True
177,SNOW,DG014,model.16.m.0.m.1.cv1.conv,8,3.065103530883789,4,11,10,2456963,2456817,146,50103,1.9985879086688048,2249816,207001,207001,8,True,True
178,SNOW,DG013,model.16.m.0.m.0.cv1.conv,14,3.167492628097534,8,16,15,2456817,2456671,146,50249,2.0044117881703443,2249816,206855,206855,8,True,True
179,SNOW,DG026,model.22.m.0.1.ffn.0.conv,36,3.1877670288085938,9,141,140,2456671,2456413,258,50507,2.0147033012621063,2249816,206597,206597,8,True,True
180,SNOW,DG026,model.22.m.0.1.ffn.0.conv,6,3.1905477046966553,9,140,139,2456413,2456155,258,50765,2.0249948143538683,2249816,206339,206339,8,True,True
181,SNOW,DG026,model.22.m.0.1.ffn.0.conv,82,3.1928024291992188,9,139,138,2456155,2455897,258,51023,2.0352863274456303,2249816,206081,206081,8,True,True
182,SNOW,DG026,model.22.m.0.1.ffn.0.conv,0,3.195986747741699,9,138,137,2455897,2455639,258,51281,2.0455778405373923,2249816,205823,205823,8,True,True
183,SNOW,DG033,model.6.m.0.cv2.conv,18,3.1968417167663574,9,26,25,2455639,2455509,130,51411,2.0507634866689006,2249816,205693,205693,8,True,True
184,SNOW,DG026,model.22.m.0.1.ffn.0.conv,24,3.198216438293457,9,137,136,2455509,2455251,258,51669,2.0610549997606626,2249816,205435,205435,8,True,True
185,SNOW,DG026,model.22.m.0.1.ffn.0.conv,79,3.199753761291504,9,136,135,2455251,2454993,258,51927,2.0713465128524247,2249816,205177,205177,8,True,True
186,SNOW,DG026,model.22.m.0.1.ffn.0.conv,97,3.199941396713257,9,135,134,2454993,2454735,258,52185,2.0816380259441867,2249816,204919,204919,8,True,True
187,SNOW,DG013,model.16.m.0.m.0.cv1.conv,14,3.209811210632324,9,15,14,2454735,2454589,146,52331,2.087461905445726,2249816,204773,204773,8,True,True
188,SNOW,DG017,model.19.m.0.cv1.conv,14,3.216416358947754,9,31,30,2454589,2453303,1286,53617,2.1387599125620285,2249816,203487,203487,8,True,True
189,SNOW,DG026,model.22.m.0.1.ffn.0.conv,33,3.221454620361328,10,134,133,2453303,2453045,258,53875,2.1490514256537905,2249816,203229,203229,8,True,True
190,SNOW,DG026,model.22.m.0.1.ffn.0.conv,109,3.224327564239502,10,133,132,2453045,2452787,258,54133,2.1593429387455525,2249816,202971,202971,8,True,True
191,SNOW,DG033,model.6.m.0.cv2.conv,17,3.2250349521636963,10,25,24,2452787,2452657,130,54263,2.1645285848770603,2249816,202841,202841,8,True,True
192,SNOW,DG026,model.22.m.0.1.ffn.0.conv,56,3.2306103706359863,10,132,131,2452657,2452399,258,54521,2.1748200979688224,2249816,202583,202583,8,True,True
193,SNOW,DG013,model.16.m.0.m.0.cv1.conv,7,3.2341208457946777,10,14,13,2452399,2452253,146,54667,2.180643977470362,2249816,202437,202437,8,True,True
194,SNOW,DG026,model.22.m.0.1.ffn.0.conv,109,3.234251022338867,10,131,130,2452253,2451995,258,54925,2.190935490562124,2249816,202179,202179,8,True,True
195,SNOW,DG026,model.22.m.0.1.ffn.0.conv,110,3.237968921661377,10,130,129,2451995,2451737,258,55183,2.201227003653886,2249816,201921,201921,8,True,True
196,SNOW,DG026,model.22.m.0.1.ffn.0.conv,44,3.242889881134033,10,129,128,2451737,2451479,258,55441,2.211518516745648,2249816,201663,201663,8,True,True
197,SNOW,DG014,model.16.m.0.m.1.cv1.conv,0,3.2448835372924805,10,10,9,2451479,2451333,146,55587,2.217342396247188,2249816,201517,201517,8,True,True
198,SNOW,DG033,model.6.m.0.cv2.conv,5,3.267735481262207,11,24,23,2451333,2451203,130,55717,2.2225280423786957,2249816,201387,201387,8,True,True
199,SNOW,DG014,model.16.m.0.m.1.cv1.conv,8,3.279592514038086,11,9,8,2451203,2451057,146,55863,2.2283519218802357,2249816,201241,201241,8,True,True
200,SNOW,DG017,model.19.m.0.cv1.conv,12,3.282926082611084,11,30,29,2451057,2449771,1286,57149,2.2796499289965375,2249816,199955,199955,8,True,True
201,SNOW,DG021,model.2.cv2.conv,42,3.2832603454589844,11,50,49,2449771,2449145,626,57775,2.30462080959903,2249816,199329,199329,8,True,True
202,SNOW,DG021,model.2.cv2.conv,22,3.2907238006591797,11,49,48,2449145,2448519,626,58401,2.3295916902015223,2249816,198703,198703,8,True,True
203,SNOW,DG017,model.19.m.0.cv1.conv,27,3.291879415512085,11,29,28,2448519,2447233,1286,59687,2.380889697317824,2249816,197417,197417,8,True,True
204,SNOW,DG021,model.2.cv2.conv,7,3.2957611083984375,11,48,47,2447233,2446607,626,60313,2.4058605779203166,2249816,196791,196791,8,True,True
205,SNOW,DG033,model.6.m.0.cv2.conv,22,3.3064756393432617,11,23,22,2446607,2446477,130,60443,2.4110462240518244,2249816,196661,196661,8,True,True
206,SNOW,DG021,model.2.cv2.conv,11,3.308487892150879,11,47,46,2446477,2445851,626,61069,2.436017104654317,2249816,196035,196035,8,True,True
207,SNOW,DG007,model.13.m.0.cv2.conv,20,3.321948289871216,11,32,31,2445851,2445721,130,61199,2.4412027507858247,2249816,195905,195905,8,True,True
208,SNOW,DG007,model.13.m.0.cv2.conv,2,3.3287858963012695,11,31,30,2445721,2445591,130,61329,2.446388396917333,2249816,195775,195775,8,True,True
209,SNOW,DG013,model.16.m.0.m.0.cv1.conv,3,3.34194278717041,11,13,12,2445591,2445445,146,61475,2.4522122764188725,2249816,195629,195629,8,True,True
210,SNOW,DG004,model.10.m.0.ffn.0.conv,202,3.3419992923736572,11,256,255,2445445,2445187,258,61733,2.4625037895106345,2249816,195371,195371,8,True,True
211,SNOW,DG021,model.2.cv2.conv,34,3.3601303100585938,12,46,45,2445187,2444561,626,62359,2.487474670113127,2249816,194745,194745,8,True,True
212,SNOW,DG021,model.2.cv2.conv,1,3.370145320892334,12,45,44,2444561,2443935,626,62985,2.5124455507156194,2249816,194119,194119,8,True,True
213,SNOW,DG017,model.19.m.0.cv1.conv,19,3.384275436401367,12,28,27,2443935,2442649,1286,64271,2.563743557831921,2249816,192833,192833,8,True,True
214,SNOW,DG021,model.2.cv2.conv,8,3.386150360107422,12,44,43,2442649,2442023,626,64897,2.5887144384344136,2249816,192207,192207,8,True,True
215,SNOW,DG017,model.19.m.0.cv1.conv,10,3.4039106369018555,12,27,26,2442023,2440737,1286,66183,2.6400124455507155,2249816,190921,190921,8,True,True
216,SNOW,DG013,model.16.m.0.m.0.cv1.conv,1,3.4076333045959473,12,12,11,2440737,2440591,146,66329,2.6458363250522554,2249816,190775,190775,8,True,True
217,SNOW,DG021,model.2.cv2.conv,41,3.4076690673828125,12,43,42,2440591,2439965,626,66955,2.670807205654748,2249816,190149,190149,8,True,True
218,SNOW,DG013,model.16.m.0.m.0.cv1.conv,5,3.408534526824951,12,11,10,2439965,2439819,146,67101,2.6766310851562873,2249816,190003,190003,8,True,True
219,SNOW,DG007,model.13.m.0.cv2.conv,24,3.41119384765625,12,30,29,2439819,2439689,130,67231,2.681816731287795,2249816,189873,189873,8,True,True
220,SNOW,DG004,model.10.m.0.ffn.0.conv,156,3.4129714965820312,12,255,254,2439689,2439431,258,67489,2.692108244379557,2249816,189615,189615,8,True,True
221,SNOW,DG004,model.10.m.0.ffn.0.conv,1,3.4253692626953125,12,254,253,2439431,2439173,258,67747,2.702399757471319,2249816,189357,189357,8,True,True
222,SNOW,DG033,model.6.m.0.cv2.conv,2,3.430488348007202,12,22,21,2439173,2439043,130,67877,2.7075854036028275,2249816,189227,189227,8,True,True
223,SNOW,DG007,model.13.m.0.cv2.conv,16,3.4337782859802246,12,29,28,2439043,2438913,130,68007,2.7127710497343354,2249816,189097,189097,8,True,True
224,SNOW,DG004,model.10.m.0.ffn.0.conv,151,3.4494285583496094,14,253,252,2438913,2438655,258,68265,2.7230625628260974,2249816,188839,188839,8,True,True
225,SNOW,DG013,model.16.m.0.m.0.cv1.conv,2,3.4503955841064453,14,10,9,2438655,2438509,146,68411,2.728886442327637,2249816,188693,188693,8,True,True
226,SNOW,DG033,model.6.m.0.cv2.conv,18,3.455442190170288,14,21,20,2438509,2438379,130,68541,2.734072088459145,2249816,188563,188563,8,True,True
227,SNOW,DG007,model.13.m.0.cv2.conv,21,3.4555177688598633,14,28,27,2438379,2438249,130,68671,2.739257734590653,2249816,188433,188433,8,True,True
228,SNOW,DG017,model.19.m.0.cv1.conv,7,3.463972568511963,14,26,25,2438249,2436963,1286,69957,2.7905557417069553,2249816,187147,187147,8,True,True
229,SNOW,DG013,model.16.m.0.m.0.cv1.conv,1,3.4703540802001953,14,9,8,2436963,2436817,146,70103,2.796379621208495,2249816,187001,187001,8,True,True
230,SNOW,DG021,model.2.cv2.conv,9,3.4740047454833984,14,42,41,2436817,2436191,626,70729,2.8213505018109872,2249816,186375,186375,8,True,True
231,SNOW,DG007,model.13.m.0.cv2.conv,15,3.488208770751953,14,27,26,2436191,2436061,130,70859,2.826536147942495,2249816,186245,186245,8,True,True
232,SNOW,DG033,model.6.m.0.cv2.conv,17,3.4896368980407715,14,20,19,2436061,2435931,130,70989,2.8317217940740034,2249816,186115,186115,8,True,True
233,SNOW,DG021,model.2.cv2.conv,19,3.499648094177246,14,41,40,2435931,2435305,626,71615,2.8566926746764953,2249816,185489,185489,8,True,True
234,SNOW,DG007,model.13.m.0.cv2.conv,16,3.502017021179199,14,26,25,2435305,2435175,130,71745,2.8618783208080036,2249816,185359,185359,8,True,True
235,SNOW,DG007,model.13.m.0.cv2.conv,15,3.504122257232666,14,25,24,2435175,2435045,130,71875,2.8670639669395115,2249816,185229,185229,8,True,True
236,SNOW,DG007,model.13.m.0.cv2.conv,17,3.5099682807922363,14,24,23,2435045,2434915,130,72005,2.8722496130710193,2249816,185099,185099,8,True,True
237,SNOW,DG007,model.13.m.0.cv2.conv,12,3.5174436569213867,15,23,22,2434915,2434785,130,72135,2.877435259202527,2249816,184969,184969,8,True,True
238,SNOW,DG007,model.13.m.0.cv2.conv,6,3.5196373462677,15,22,21,2434785,2434655,130,72265,2.8826209053340355,2249816,184839,184839,8,True,True
239,SNOW,DG032,model.6.m.0.cv1.conv,24,3.5207135677337646,15,32,31,2434655,2433369,1286,73551,2.9339189124503373,2249816,183553,183553,8,True,True
240,SNOW,DG007,model.13.m.0.cv2.conv,20,3.5223710536956787,15,21,20,2433369,2433239,130,73681,2.9391045585818456,2249816,183423,183423,8,True,True
241,SNOW,DG007,model.13.m.0.cv2.conv,14,3.5361289978027344,15,20,19,2433239,2433109,130,73811,2.9442902047133535,2249816,183293,183293,8,True,True
242,SNOW,DG021,model.2.cv2.conv,37,3.5520009994506836,15,40,39,2433109,2432483,626,74437,2.969261085315846,2249816,182667,182667,8,True,True
243,SNOW,DG033,model.6.m.0.cv2.conv,9,3.558755874633789,15,19,18,2432483,2432353,130,74567,2.9744467314473537,2249816,182537,182537,8,True,True
244,SNOW,DG017,model.19.m.0.cv1.conv,7,3.5588345527648926,15,25,24,2432353,2431067,1286,75853,3.025744738563656,2249816,181251,181251,8,True,True
245,SNOW,DG032,model.6.m.0.cv1.conv,11,3.5622260570526123,15,31,30,2431067,2429781,1286,77139,3.077042745679958,2249816,179965,179965,8,True,True
246,SNOW,DG007,model.13.m.0.cv2.conv,10,3.566225528717041,15,19,18,2429781,2429651,130,77269,3.0822283918114657,2249816,179835,179835,8,True,True
247,SNOW,DG006,model.13.m.0.cv1.conv,19,3.5725908279418945,15,32,31,2429651,2428365,1286,78555,3.133526398927768,2249816,178549,178549,8,True,True
248,SNOW,DG021,model.2.cv2.conv,20,3.584475517272949,16,39,38,2428365,2427739,626,79181,3.1584972795302604,2249816,177923,177923,8,True,True
249,SNOW,DG004,model.10.m.0.ffn.0.conv,116,3.5893759727478027,16,252,251,2427739,2427481,258,79439,3.1687887926220224,2249816,177665,177665,8,True,True
250,SNOW,DG021,model.2.cv2.conv,22,3.5913801193237305,16,38,37,2427481,2426855,626,80065,3.1937596732245144,2249816,177039,177039,8,True,True
251,SNOW,DG004,model.10.m.0.ffn.0.conv,137,3.5951895713806152,16,251,250,2426855,2426597,258,80323,3.2040511863162764,2249816,176781,176781,8,True,True
252,SNOW,DG007,model.13.m.0.cv2.conv,15,3.5969481468200684,16,18,17,2426597,2426467,130,80453,3.2092368324477847,2249816,176651,176651,8,True,True
253,SNOW,DG007,model.13.m.0.cv2.conv,12,3.598337173461914,16,17,16,2426467,2426337,130,80583,3.2144224785792925,2249816,176521,176521,8,True,True
254,SNOW,DG004,model.10.m.0.ffn.0.conv,129,3.6085987091064453,17,250,249,2426337,2426079,258,80841,3.2247139916710545,2249816,176263,176263,8,True,True
255,SNOW,DG004,model.10.m.0.ffn.0.conv,119,3.617431163787842,17,249,248,2426079,2425821,258,81099,3.2350055047628166,2249816,176005,176005,8,True,True
256,SNOW,DG004,model.10.m.0.ffn.0.conv,134,3.62231183052063,17,248,247,2425821,2425563,258,81357,3.2452970178545786,2249816,175747,175747,8,True,True
257,SNOW,DG017,model.19.m.0.cv1.conv,18,3.629701614379883,17,24,23,2425563,2424277,1286,82643,3.2965950249708804,2249816,174461,174461,8,True,True
258,SNOW,DG033,model.6.m.0.cv2.conv,16,3.6298770904541016,18,18,17,2424277,2424147,130,82773,3.3017806711023887,2249816,174331,174331,8,True,True
259,SNOW,DG033,model.6.m.0.cv2.conv,15,3.637908935546875,18,17,16,2424147,2424017,130,82903,3.3069663172338966,2249816,174201,174201,8,True,True
260,SNOW,DG006,model.13.m.0.cv1.conv,11,3.6432085037231445,18,31,30,2424017,2422731,1286,84189,3.358264324350199,2249816,172915,172915,8,True,True
261,SNOW,DG032,model.6.m.0.cv1.conv,24,3.648204803466797,18,30,29,2422731,2421445,1286,85475,3.4095623314665007,2249816,171629,171629,8,True,True
262,SNOW,DG004,model.10.m.0.ffn.0.conv,145,3.6676344871520996,18,247,246,2421445,2421187,258,85733,3.4198538445582627,2249816,171371,171371,8,True,True
263,SNOW,DG032,model.6.m.0.cv1.conv,9,3.6790084838867188,18,29,28,2421187,2419901,1286,87019,3.471151851674565,2249816,170085,170085,8,True,True
264,SNOW,DG006,model.13.m.0.cv1.conv,21,3.679121494293213,18,30,29,2419901,2418615,1286,88305,3.522449858790867,2249816,168799,168799,8,True,True
265,SNOW,DG017,model.19.m.0.cv1.conv,22,3.6801745891571045,18,23,22,2418615,2417329,1286,89591,3.573747865907169,2249816,167513,167513,8,True,True
266,SNOW,DG032,model.6.m.0.cv1.conv,14,3.6814632415771484,18,28,27,2417329,2416043,1286,90877,3.625045873023471,2249816,166227,166227,8,True,True
267,SNOW,DG004,model.10.m.0.ffn.0.conv,56,3.6839189529418945,18,246,245,2416043,2415785,258,91135,3.635337386115233,2249816,165969,165969,8,True,True
268,SNOW,DG038,model.8.m.0.cv1.conv,42,3.6911182403564453,18,64,63,2415785,2413219,2566,93701,3.737694062834075,2249816,163403,163403,8,True,True
269,SNOW,DG021,model.2.cv2.conv,24,3.691739559173584,18,37,36,2413219,2412593,626,94327,3.7626649434365675,2249816,162777,162777,8,True,True
270,SNOW,DG021,model.2.cv2.conv,19,3.695810317993164,18,36,35,2412593,2411967,626,94953,3.78763582403906,2249816,162151,162151,8,True,True
271,SNOW,DG004,model.10.m.0.ffn.0.conv,36,3.735381603240967,19,245,244,2411967,2411709,258,95211,3.797927337130822,2249816,161893,161893,8,True,True
272,SNOW,DG021,model.2.cv2.conv,23,3.751650333404541,19,35,34,2411709,2411083,626,95837,3.8228982177333144,2249816,161267,161267,8,True,True
273,SNOW,DG004,model.10.m.0.ffn.0.conv,138,3.7519609928131104,19,244,243,2411083,2410825,258,96095,3.833189730825076,2249816,161009,161009,8,True,True
274,SNOW,DG004,model.10.m.0.ffn.0.conv,173,3.761622428894043,20,243,242,2410825,2410567,258,96353,3.843481243916838,2249816,160751,160751,8,True,True
275,SNOW,DG021,model.2.cv2.conv,8,3.76381778717041,20,34,33,2410567,2409941,626,96979,3.8684521245193304,2249816,160125,160125,8,True,True
276,SNOW,DG017,model.19.m.0.cv1.conv,14,3.770702362060547,21,22,21,2409941,2408655,1286,98265,3.9197501316356327,2249816,158839,158839,8,True,True
277,SNOW,DG006,model.13.m.0.cv1.conv,12,3.7790985107421875,22,29,28,2408655,2407369,1286,99551,3.9710481387519345,2249816,157553,157553,8,True,True
278,SNOW,DG004,model.10.m.0.ffn.0.conv,141,3.7830214500427246,22,242,241,2407369,2407111,258,99809,3.9813396518436965,2249816,157295,157295,8,True,True
279,SNOW,DG004,model.10.m.0.ffn.0.conv,166,3.783332586288452,22,241,240,2407111,2406853,258,100067,3.9916311649354586,2249816,157037,157037,8,True,True
280,SNOW,DG017,model.19.m.0.cv1.conv,9,3.7924349308013916,22,21,20,2406853,2405567,1286,101353,4.04292917205176,2249816,155751,155751,8,True,True
281,SNOW,DG004,model.10.m.0.ffn.0.conv,225,3.8024542331695557,23,240,239,2405567,2405309,258,101611,4.053220685143523,2249816,155493,155493,8,True,True
282,SNOW,DG032,model.6.m.0.cv1.conv,23,3.812077522277832,23,27,26,2405309,2404023,1286,102897,4.104518692259825,2249816,154207,154207,8,True,True
283,SNOW,DG017,model.19.m.0.cv1.conv,7,3.8145694732666016,23,20,19,2404023,2402737,1286,104183,4.1558166993761265,2249816,152921,152921,8,True,True
284,SNOW,DG017,model.19.m.0.cv1.conv,9,3.8161678314208984,23,19,18,2402737,2401451,1286,105469,4.207114706492429,2249816,151635,151635,8,True,True
285,SNOW,DG032,model.6.m.0.cv1.conv,8,3.8197743892669678,23,26,25,2401451,2400165,1286,106755,4.258412713608731,2249816,150349,150349,8,True,True
286,SNOW,DG006,model.13.m.0.cv1.conv,6,3.8222837448120117,23,28,27,2400165,2398879,1286,108041,4.309710720725033,2249816,149063,149063,8,True,True
287,SNOW,DG032,model.6.m.0.cv1.conv,6,3.837127685546875,24,25,24,2398879,2397593,1286,109327,4.361008727841335,2249816,147777,147777,8,True,True
288,SNOW,DG017,model.19.m.0.cv1.conv,7,3.8442916870117188,24,18,17,2397593,2396307,1286,110613,4.412306734957637,2249816,146491,146491,8,True,True
289,SNOW,DG020,model.19.m.0.m.1.cv1.conv,13,3.561905860900879,15,32,31,2396307,2395999,308,110921,4.424592727330748,2249816,146183,146183,8,True,True
290,SNOW,DG020,model.19.m.0.m.1.cv1.conv,0,3.6769509315490723,18,31,30,2395999,2395691,308,111229,4.436878719703859,2249816,145875,145875,8,True,True
291,SNOW,DG020,model.19.m.0.m.1.cv1.conv,1,3.817136287689209,23,30,29,2395691,2395383,308,111537,4.449164712076971,2249816,145567,145567,8,True,True
292,SNOW,DG019,model.19.m.0.m.0.cv1.conv,27,3.8326163291931152,24,32,31,2395383,2395075,308,111845,4.461450704450082,2249816,145259,145259,8,True,True
293,SNOW,DG006,model.13.m.0.cv1.conv,3,3.8474464416503906,24,27,26,2395075,2393789,1286,113131,4.512748711566385,2249816,143973,143973,8,True,True
294,SNOW,DG032,model.6.m.0.cv1.conv,9,3.849386215209961,24,24,23,2393789,2392503,1286,114417,4.564046718682686,2249816,142687,142687,8,True,True
295,SNOW,DG004,model.10.m.0.ffn.0.conv,216,3.8498427867889404,24,239,238,2392503,2392245,258,114675,4.5743382317744485,2249816,142429,142429,8,True,True
296,SNOW,DG021,model.2.cv2.conv,7,3.8513355255126953,24,33,32,2392245,2391619,626,115301,4.5993091123769405,2249816,141803,141803,8,True,True
297,SNOW,DG038,model.8.m.0.cv1.conv,19,3.852717399597168,24,63,62,2391619,2389053,2566,117867,4.701665789095783,2249816,139237,139237,8,True,True
298,SNOW,DG019,model.19.m.0.m.0.cv1.conv,8,3.8543615341186523,24,31,30,2389053,2388745,308,118175,4.713951781468894,2249816,138929,138929,8,True,True
299,SNOW,DG004,model.10.m.0.ffn.0.conv,185,3.8550000190734863,24,238,237,2388745,2388487,258,118433,4.724243294560656,2249816,138671,138671,8,True,True
300,SNOW,DG004,model.10.m.0.ffn.0.conv,63,3.8563528060913086,24,237,236,2388487,2388229,258,118691,4.734534807652418,2249816,138413,138413,8,True,True
301,SNOW,DG017,model.19.m.0.cv1.conv,12,3.8589353561401367,24,17,16,2388229,2387033,1196,119887,4.782242752062292,2249816,137217,137217,8,True,True
302,SNOW,DG020,model.19.m.0.m.1.cv1.conv,24,3.6368680000305176,18,29,28,2387033,2386743,290,120177,4.793810731894117,2249816,136927,136927,8,True,True
303,SNOW,DG020,model.19.m.0.m.1.cv1.conv,18,3.6901612281799316,18,28,27,2386743,2386453,290,120467,4.805378711725942,2249816,136637,136637,8,True,True
304,SNOW,DG019,model.19.m.0.m.0.cv1.conv,28,3.701779365539551,18,30,29,2386453,2386163,290,120757,4.816946691557768,2249816,136347,136347,8,True,True
305,SNOW,DG019,model.19.m.0.m.0.cv1.conv,28,3.725757122039795,19,29,28,2386163,2385873,290,121047,4.828514671389594,2249816,136057,136057,8,True,True
306,SNOW,DG020,model.19.m.0.m.1.cv1.conv,24,3.8324167728424072,24,27,26,2385873,2385583,290,121337,4.840082651221419,2249816,135767,135767,8,True,True
307,SNOW,DG020,model.19.m.0.m.1.cv1.conv,0,3.8404765129089355,24,26,25,2385583,2385293,290,121627,4.851650631053245,2249816,135477,135477,8,True,True
308,SNOW,DG004,model.10.m.0.ffn.0.conv,171,3.8696014881134033,24,236,235,2385293,2385035,258,121885,4.861942144145007,2249816,135219,135219,8,True,True
309,SNOW,DG004,model.10.m.0.ffn.0.conv,169,3.8767926692962646,24,235,234,2385035,2384777,258,122143,4.872233657236769,2249816,134961,134961,8,True,True
310,SNOW,DG004,model.10.m.0.ffn.0.conv,89,3.883999824523926,25,234,233,2384777,2384519,258,122401,4.882525170328531,2249816,134703,134703,8,True,True
311,SNOW,DG004,model.10.m.0.ffn.0.conv,18,3.889209508895874,25,233,232,2384519,2384261,258,122659,4.892816683420293,2249816,134445,134445,8,True,True
312,SNOW,DG004,model.10.m.0.ffn.0.conv,93,3.898674488067627,25,232,231,2384261,2384003,258,122917,4.903108196512054,2249816,134187,134187,8,True,True
313,SNOW,DG020,model.19.m.0.m.1.cv1.conv,19,3.8986966609954834,25,25,24,2384003,2383713,290,123207,4.91467617634388,2249816,133897,133897,8,True,True
314,SNOW,DG004,model.10.m.0.ffn.0.conv,104,3.9011130332946777,25,231,230,2383713,2383455,258,123465,4.9249676894356424,2249816,133639,133639,8,True,True
315,SNOW,DG004,model.10.m.0.ffn.0.conv,89,3.908843994140625,25,230,229,2383455,2383197,258,123723,4.935259202527404,2249816,133381,133381,8,True,True
316,SNOW,DG006,model.13.m.0.cv1.conv,25,3.9102423191070557,25,26,25,2383197,2381911,1286,125009,4.986557209643706,2249816,132095,132095,8,True,True
317,SNOW,DG004,model.10.m.0.ffn.0.conv,176,3.919909715652466,25,229,228,2381911,2381653,258,125267,4.996848722735468,2249816,131837,131837,8,True,True
318,SNOW,DG004,model.10.m.0.ffn.0.conv,101,3.9315848350524902,26,228,227,2381653,2381395,258,125525,5.00714023582723,2249816,131579,131579,8,True,True
319,SNOW,DG004,model.10.m.0.ffn.0.conv,116,3.9375057220458984,26,227,226,2381395,2381137,258,125783,5.017431748918992,2249816,131321,131321,8,True,True
320,SNOW,DG032,model.6.m.0.cv1.conv,7,3.9393672943115234,26,23,22,2381137,2379851,1286,127069,5.068729756035294,2249816,130035,130035,8,True,True
321,SNOW,DG006,model.13.m.0.cv1.conv,9,3.940753936767578,26,25,24,2379851,2378565,1286,128355,5.1200277631515965,2249816,128749,128749,8,True,True
322,SNOW,DG004,model.10.m.0.ffn.0.conv,119,3.9501101970672607,26,226,225,2378565,2378307,258,128613,5.130319276243358,2249816,128491,128491,8,True,True
323,SNOW,DG019,model.19.m.0.m.0.cv1.conv,3,3.95068359375,26,28,27,2378307,2378017,290,128903,5.141887256075184,2249816,128201,128201,8,True,True
324,SNOW,DG020,model.19.m.0.m.1.cv1.conv,14,3.9721059799194336,26,24,23,2378017,2377727,290,129193,5.15345523590701,2249816,127911,127911,8,True,True
325,SNOW,DG004,model.10.m.0.ffn.0.conv,167,3.977778434753418,26,225,224,2377727,2377469,258,129451,5.163746748998771,2249816,127653,127653,8,True,True
326,SNOW,DG006,model.13.m.0.cv1.conv,10,3.9870986938476562,26,24,23,2377469,2376183,1286,130737,5.2150447561150735,2249816,126367,126367,8,True,True
327,SNOW,DG004,model.10.m.0.ffn.0.conv,123,3.989614963531494,26,224,223,2376183,2375925,258,130995,5.225336269206836,2249816,126109,126109,8,True,True
328,SNOW,DG032,model.6.m.0.cv1.conv,13,3.9938278198242188,27,22,21,2375925,2374639,1286,132281,5.276634276323137,2249816,124823,124823,8,True,True
329,SNOW,DG034,model.6.m.0.m.0.cv1.conv,20,3.9711079597473145,26,32,31,2374639,2374259,380,132661,5.291792318861392,2249816,124443,124443,8,True,True
330,SNOW,DG001,model.0.conv,10,3.9941177368164062,27,13,12,2374259,2373942,317,132978,5.304437317505146,2249816,124126,124126,8,True,True
331,SNOW,DG020,model.19.m.0.m.1.cv1.conv,10,3.995231866836548,27,23,22,2373942,2373652,290,133268,5.316005297336972,2249816,123836,123836,8,True,True
332,SNOW,DG006,model.13.m.0.cv1.conv,2,3.9994711875915527,27,23,22,2373652,2372366,1286,134554,5.367303304453273,2249816,122550,122550,8,True,True
333,SNOW,DG032,model.6.m.0.cv1.conv,1,4.004237174987793,28,21,20,2372366,2371098,1268,135822,5.41788329902829,2249816,121282,121282,8,True,True
334,SNOW,DG034,model.6.m.0.m.0.cv1.conv,2,3.924001693725586,26,31,30,2371098,2370736,362,136184,5.432323329025258,2249816,120920,120920,8,True,True
335,SNOW,DG038,model.8.m.0.cv1.conv,30,4.015966892242432,29,62,61,2370736,2368170,2566,138750,5.5346800057441,2249816,118354,118354,8,True,True
336,SNOW,DG004,model.10.m.0.ffn.0.conv,138,4.017157077789307,29,223,222,2368170,2367912,258,139008,5.544971518835863,2249816,118096,118096,8,True,True
337,SNOW,DG004,model.10.m.0.ffn.0.conv,200,4.020263671875,29,222,221,2367912,2367654,258,139266,5.555263031927624,2249816,117838,117838,8,True,True
338,SNOW,DG004,model.10.m.0.ffn.0.conv,183,4.024962425231934,30,221,220,2367654,2367396,258,139524,5.565554545019387,2249816,117580,117580,8,True,True
339,SNOW,DG004,model.10.m.0.ffn.0.conv,19,4.025219917297363,30,220,219,2367396,2367138,258,139782,5.575846058111148,2249816,117322,117322,8,True,True
340,SNOW,DG004,model.10.m.0.ffn.0.conv,36,4.027978897094727,30,219,218,2367138,2366880,258,140040,5.586137571202911,2249816,117064,117064,8,True,True
341,SNOW,DG004,model.10.m.0.ffn.0.conv,71,4.032537460327148,30,218,217,2366880,2366622,258,140298,5.596429084294672,2249816,116806,116806,8,True,True
342,SNOW,DG004,model.10.m.0.ffn.0.conv,161,4.0351057052612305,30,217,216,2366622,2366364,258,140556,5.606720597386435,2249816,116548,116548,8,True,True
343,SNOW,DG004,model.10.m.0.ffn.0.conv,199,4.0543622970581055,31,216,215,2366364,2366106,258,140814,5.617012110478196,2249816,116290,116290,8,True,True
344,SNOW,DG004,model.10.m.0.ffn.0.conv,130,4.057620525360107,31,215,214,2366106,2365848,258,141072,5.627303623569959,2249816,116032,116032,8,True,True
345,SNOW,DG032,model.6.m.0.cv1.conv,2,4.0658063888549805,31,20,19,2365848,2364598,1250,142322,5.6771656056036885,2249816,114782,114782,8,True,True
346,SNOW,DG004,model.10.m.0.ffn.0.conv,145,4.0710368156433105,32,214,213,2364598,2364340,258,142580,5.687457118695451,2249816,114524,114524,8,True,True
347,SNOW,DG032,model.6.m.0.cv1.conv,0,4.071284294128418,32,19,18,2364340,2363090,1250,143830,5.737319100729182,2249816,113274,113274,8,True,True
348,SNOW,DG032,model.6.m.0.cv1.conv,9,4.071419715881348,32,18,17,2363090,2361840,1250,145080,5.787181082762912,2249816,112024,112024,8,True,True
349,SNOW,DG034,model.6.m.0.m.0.cv1.conv,7,3.8109238147735596,23,30,29,2361840,2361532,308,145388,5.7994670751360236,2249816,111716,111716,8,True,True
350,SNOW,DG004,model.10.m.0.ffn.0.conv,11,4.076289176940918,32,213,212,2361532,2361274,258,145646,5.809758588227785,2249816,111458,111458,8,True,True
351,SNOW,DG004,model.10.m.0.ffn.0.conv,50,4.077784061431885,32,212,211,2361274,2361016,258,145904,5.820050101319548,2249816,111200,111200,8,True,True
352,SNOW,DG004,model.10.m.0.ffn.0.conv,55,4.080559253692627,32,211,210,2361016,2360758,258,146162,5.830341614411309,2249816,110942,110942,8,True,True
353,SNOW,DG004,model.10.m.0.ffn.0.conv,57,4.081273078918457,32,210,209,2360758,2360500,258,146420,5.840633127503072,2249816,110684,110684,8,True,True
354,SNOW,DG004,model.10.m.0.ffn.0.conv,179,4.081408977508545,32,209,208,2360500,2360242,258,146678,5.850924640594833,2249816,110426,110426,8,True,True
355,SNOW,DG004,model.10.m.0.ffn.0.conv,111,4.087373733520508,32,208,207,2360242,2359984,258,146936,5.861216153686596,2249816,110168,110168,8,True,True
356,SNOW,DG004,model.10.m.0.ffn.0.conv,32,4.088545799255371,32,207,206,2359984,2359726,258,147194,5.871507666778357,2249816,109910,109910,8,True,True
357,SNOW,DG004,model.10.m.0.ffn.0.conv,159,4.090617656707764,32,206,205,2359726,2359468,258,147452,5.88179917987012,2249816,109652,109652,8,True,True
358,SNOW,DG004,model.10.m.0.ffn.0.conv,8,4.091631889343262,32,205,204,2359468,2359210,258,147710,5.892090692961881,2249816,109394,109394,8,True,True
359,SNOW,DG006,model.13.m.0.cv1.conv,14,4.09515380859375,32,22,21,2359210,2357924,1286,148996,5.9433887000781835,2249816,108108,108108,8,True,True
360,SNOW,DG004,model.10.m.0.ffn.0.conv,75,4.095775604248047,32,204,203,2357924,2357666,258,149254,5.953680213169946,2249816,107850,107850,8,True,True
361,SNOW,DG032,model.6.m.0.cv1.conv,0,4.108689308166504,32,17,16,2357666,2356434,1232,150486,6.0028241826623905,2249816,106618,106618,8,True,True
362,SNOW,DG034,model.6.m.0.m.0.cv1.conv,13,3.9219658374786377,26,29,28,2356434,2356144,290,150776,6.014392162494216,2249816,106328,106328,8,True,True
363,SNOW,DG034,model.6.m.0.m.0.cv1.conv,4,4.080758094787598,32,28,27,2356144,2355854,290,151066,6.025960142326041,2249816,106038,106038,8,True,True
364,SNOW,DG006,model.13.m.0.cv1.conv,13,4.109637260437012,32,21,20,2355854,2354568,1286,152352,6.077258149442343,2249816,104752,104752,8,True,True
365,SNOW,DG038,model.8.m.0.cv1.conv,5,4.110016822814941,32,61,60,2354568,2352002,2566,154918,6.179614826161186,2249816,102186,102186,8,True,True
366,SNOW,DG004,model.10.m.0.ffn.0.conv,194,4.114238739013672,32,203,202,2352002,2351744,258,155176,6.189906339252948,2249816,101928,101928,8,True,True
367,SNOW,DG004,model.10.m.0.ffn.0.conv,50,4.1154465675354,32,202,201,2351744,2351486,258,155434,6.20019785234471,2249816,101670,101670,8,True,True
368,SNOW,DG004,model.10.m.0.ffn.0.conv,154,4.118793487548828,32,201,200,2351486,2351228,258,155692,6.210489365436472,2249816,101412,101412,8,True,True
369,SNOW,DG006,model.13.m.0.cv1.conv,17,4.119190216064453,32,20,19,2351228,2349942,1286,156978,6.2617873725527735,2249816,100126,100126,8,True,True
370,SNOW,DG004,model.10.m.0.ffn.0.conv,26,4.122825622558594,33,200,199,2349942,2349684,258,157236,6.272078885644536,2249816,99868,99868,8,True,True
371,SNOW,DG034,model.6.m.0.m.0.cv1.conv,16,4.123645782470703,33,27,26,2349684,2349394,290,157526,6.283646865476362,2249816,99578,99578,8,True,True
372,SNOW,DG004,model.10.m.0.ffn.0.conv,5,4.126493453979492,33,199,198,2349394,2349136,258,157784,6.293938378568123,2249816,99320,99320,8,True,True
373,SNOW,DG004,model.10.m.0.ffn.0.conv,125,4.130582332611084,33,198,197,2349136,2348878,258,158042,6.304229891659886,2249816,99062,99062,8,True,True
374,SNOW,DG039,model.8.m.0.cv2.conv,37,4.131135940551758,33,64,63,2348878,2348620,258,158300,6.314521404751647,2249816,98804,98804,8,True,True
375,SNOW,DG004,model.10.m.0.ffn.0.conv,44,4.1395416259765625,33,197,196,2348620,2348362,258,158558,6.32481291784341,2249816,98546,98546,8,True,True
376,SNOW,DG004,model.10.m.0.ffn.0.conv,69,4.139606475830078,33,196,195,2348362,2348104,258,158816,6.335104430935171,2249816,98288,98288,8,True,True
377,SNOW,DG004,model.10.m.0.ffn.0.conv,15,4.140169620513916,33,195,194,2348104,2347846,258,159074,6.345395944026934,2249816,98030,98030,8,True,True
378,SNOW,DG035,model.6.m.0.m.1.cv1.conv,22,4.150343894958496,33,32,31,2347846,2347556,290,159364,6.356963923858759,2249816,97740,97740,8,True,True
379,SNOW,DG020,model.19.m.0.m.1.cv1.conv,10,4.154055595397949,33,22,21,2347556,2347266,290,159654,6.3685319036905845,2249816,97450,97450,8,True,True
380,SNOW,DG038,model.8.m.0.cv1.conv,44,4.1544342041015625,33,60,59,2347266,2344700,2566,162220,6.470888580409427,2249816,94884,94884,8,True,True
381,SNOW,DG004,model.10.m.0.ffn.0.conv,123,4.16215705871582,33,194,193,2344700,2344442,258,162478,6.481180093501188,2249816,94626,94626,8,True,True
382,SNOW,DG004,model.10.m.0.ffn.0.conv,138,4.178122043609619,35,193,192,2344442,2344184,258,162736,6.491471606592951,2249816,94368,94368,8,True,True
383,SNOW,DG004,model.10.m.0.ffn.0.conv,93,4.18417501449585,35,192,191,2344184,2343926,258,162994,6.501763119684712,2249816,94110,94110,8,True,True
384,SNOW,DG020,model.19.m.0.m.1.cv1.conv,18,4.184760570526123,35,21,20,2343926,2343636,290,163284,6.513331099516538,2249816,93820,93820,8,True,True
385,SNOW,DG020,model.19.m.0.m.1.cv1.conv,12,4.186588287353516,35,20,19,2343636,2343346,290,163574,6.524899079348364,2249816,93530,93530,8,True,True
386,SNOW,DG038,model.8.m.0.cv1.conv,55,4.186928749084473,35,59,58,2343346,2340780,2566,166140,6.627255756067206,2249816,90964,90964,8,True,True
387,SNOW,DG020,model.19.m.0.m.1.cv1.conv,10,4.187154769897461,35,19,18,2340780,2340490,290,166430,6.638823735899032,2249816,90674,90674,8,True,True
388,SNOW,DG020,model.19.m.0.m.1.cv1.conv,9,4.188779354095459,35,18,17,2340490,2340200,290,166720,6.650391715730857,2249816,90384,90384,8,True,True
389,SNOW,DG035,model.6.m.0.m.1.cv1.conv,28,4.193089962005615,35,31,30,2340200,2339910,290,167010,6.6619596955626825,2249816,90094,90094,8,True,True
390,SNOW,DG004,model.10.m.0.ffn.0.conv,163,4.200469970703125,35,191,190,2339910,2339652,258,167268,6.672251208654444,2249816,89836,89836,8,True,True
391,SNOW,DG001,model.0.conv,11,4.204841613769531,35,12,11,2339652,2339335,317,167585,6.684896207298198,2249816,89519,89519,8,True,True
392,SNOW,DG002,model.1.conv,12,4.113859176635742,32,32,31,2339335,2339202,133,167718,6.690201522186587,2249816,89386,89386,8,True,True
393,SNOW,DG006,model.13.m.0.cv1.conv,12,4.207571983337402,35,19,18,2339202,2337916,1286,169004,6.74149952930289,2249816,88100,88100,8,True,True
394,SNOW,DG004,model.10.m.0.ffn.0.conv,133,4.2089738845825195,35,190,189,2337916,2337658,258,169262,6.751791042394651,2249816,87842,87842,8,True,True
395,SNOW,DG006,model.13.m.0.cv1.conv,16,4.209924697875977,36,18,17,2337658,2336372,1286,170548,6.8030890495109535,2249816,86556,86556,8,True,True
396,SNOW,DG008,model.13.m.0.m.0.cv1.conv,13,4.202712059020996,35,32,31,2336372,2336064,308,170856,6.815375041884065,2249816,86248,86248,8,True,True
397,SNOW,DG004,model.10.m.0.ffn.0.conv,105,4.212048530578613,36,189,188,2336064,2335806,258,171114,6.825666554975827,2249816,85990,85990,8,True,True
398,SNOW,DG004,model.10.m.0.ffn.0.conv,61,4.218470573425293,36,188,187,2335806,2335548,258,171372,6.835958068067589,2249816,85732,85732,8,True,True
399,SNOW,DG019,model.19.m.0.m.0.cv1.conv,11,4.221942901611328,37,27,26,2335548,2335258,290,171662,6.847526047899414,2249816,85442,85442,8,True,True
400,SNOW,DG004,model.10.m.0.ffn.0.conv,92,4.226738929748535,37,187,186,2335258,2335000,258,171920,6.857817560991176,2249816,85184,85184,8,True,True
401,SNOW,DG004,model.10.m.0.ffn.0.conv,130,4.229475021362305,37,186,185,2335000,2334742,258,172178,6.8681090740829385,2249816,84926,84926,8,True,True
402,SNOW,DG006,model.13.m.0.cv1.conv,6,4.232702255249023,39,17,16,2334742,2333474,1268,173446,6.9186890686579545,2249816,83658,83658,8,True,True
403,SNOW,DG009,model.13.m.0.m.1.cv1.conv,21,4.111896514892578,32,32,31,2333474,2333184,290,173736,6.93025704848978,2249816,83368,83368,8,True,True
404,SNOW,DG004,model.10.m.0.ffn.0.conv,159,4.235201358795166,39,185,184,2333184,2332926,258,173994,6.940548561581542,2249816,83110,83110,8,True,True
405,SNOW,DG004,model.10.m.0.ffn.0.conv,91,4.242427825927734,39,184,183,2332926,2332668,258,174252,6.950840074673304,2249816,82852,82852,8,True,True
406,SNOW,DG004,model.10.m.0.ffn.0.conv,162,4.243747234344482,39,183,182,2332668,2332410,258,174510,6.961131587765066,2249816,82594,82594,8,True,True
407,SNOW,DG004,model.10.m.0.ffn.0.conv,95,4.244809150695801,39,182,181,2332410,2332152,258,174768,6.971423100856828,2249816,82336,82336,8,True,True
408,SNOW,DG004,model.10.m.0.ffn.0.conv,43,4.245582580566406,39,181,180,2332152,2331894,258,175026,6.98171461394859,2249816,82078,82078,8,True,True
409,SNOW,DG004,model.10.m.0.ffn.0.conv,8,4.252415657043457,39,180,179,2331894,2331636,258,175284,6.992006127040352,2249816,81820,81820,8,True,True
410,SNOW,DG004,model.10.m.0.ffn.0.conv,5,4.261399269104004,40,179,178,2331636,2331378,258,175542,7.002297640132114,2249816,81562,81562,8,True,True
411,SNOW,DG004,model.10.m.0.ffn.0.conv,143,4.266336441040039,40,178,177,2331378,2331120,258,175800,7.012589153223876,2249816,81304,81304,8,True,True
412,SNOW,DG004,model.10.m.0.ffn.0.conv,158,4.26858377456665,40,177,176,2331120,2330862,258,176058,7.022880666315638,2249816,81046,81046,8,True,True
413,SNOW,DG001,model.0.conv,1,4.272891998291016,40,11,10,2330862,2330554,308,176366,7.035166658688749,2249816,80738,80738,8,True,True
414,SNOW,DG002,model.1.conv,8,4.050129413604736,31,31,30,2330554,2330430,124,176490,7.040112967306496,2249816,80614,80614,8,True,True
415,SNOW,DG002,model.1.conv,29,4.203773498535156,35,30,29,2330430,2330306,124,176614,7.045059275924242,2249816,80490,80490,8,True,True
416,SNOW,DG002,model.1.conv,21,4.215898036956787,36,29,28,2330306,2330182,124,176738,7.050005584541988,2249816,80366,80366,8,True,True
417,SNOW,DG042,model.9.cv1.conv,93,4.2752251625061035,40,128,127,2330182,2328900,1282,178020,7.101144033315782,2249816,79084,79084,8,True,True
418,SNOW,DG004,model.10.m.0.ffn.0.conv,106,4.275293350219727,40,176,175,2328900,2328642,258,178278,7.111435546407544,2249816,78826,78826,8,True,True
419,SNOW,DG019,model.19.m.0.m.0.cv1.conv,21,4.276522159576416,40,26,25,2328642,2328352,290,178568,7.123003526239369,2249816,78536,78536,8,True,True
420,SNOW,DG004,model.10.m.0.ffn.0.conv,16,4.277277946472168,40,175,174,2328352,2328094,258,178826,7.133295039331132,2249816,78278,78278,8,True,True
421,SNOW,DG004,model.10.m.0.ffn.0.conv,38,4.286742210388184,40,174,173,2328094,2327836,258,179084,7.143586552422893,2249816,78020,78020,8,True,True
422,SNOW,DG020,model.19.m.0.m.1.cv1.conv,13,4.287084579467773,40,17,16,2327836,2327546,290,179374,7.155154532254719,2249816,77730,77730,8,True,True
423,SNOW,DG004,model.10.m.0.ffn.0.conv,152,4.287136077880859,40,173,172,2327546,2327288,258,179632,7.1654460453464806,2249816,77472,77472,8,True,True
424,SNOW,DG004,model.10.m.0.ffn.0.conv,76,4.295444488525391,40,172,171,2327288,2327030,258,179890,7.175737558438243,2249816,77214,77214,8,True,True
425,SNOW,DG004,model.10.m.0.ffn.0.conv,138,4.295751571655273,40,171,170,2327030,2326772,258,180148,7.186029071530005,2249816,76956,76956,8,True,True
426,SNOW,DG004,model.10.m.0.ffn.0.conv,69,4.302741050720215,41,170,169,2326772,2326514,258,180406,7.196320584621767,2249816,76698,76698,8,True,True
427,SNOW,DG004,model.10.m.0.ffn.0.conv,128,4.303187370300293,41,169,168,2326514,2326256,258,180664,7.206612097713529,2249816,76440,76440,8,True,True
428,SNOW,DG004,model.10.m.0.ffn.0.conv,23,4.30416202545166,41,168,167,2326256,2325998,258,180922,7.216903610805291,2249816,76182,76182,8,True,True
429,SNOW,DG002,model.1.conv,9,4.308521270751953,41,28,27,2325998,2325874,124,181046,7.221849919423037,2249816,76058,76058,8,True,True
430,SNOW,DG004,model.10.m.0.ffn.0.conv,146,4.312848091125488,41,167,166,2325874,2325616,258,181304,7.2321414325147995,2249816,75800,75800,8,True,True
431,SNOW,DG004,model.10.m.0.ffn.0.conv,131,4.314292907714844,41,166,165,2325616,2325358,258,181562,7.242432945606561,2249816,75542,75542,8,True,True
432,SNOW,DG004,model.10.m.0.ffn.0.conv,122,4.319742202758789,42,165,164,2325358,2325100,258,181820,7.252724458698323,2249816,75284,75284,8,True,True
433,SNOW,DG004,model.10.m.0.ffn.0.conv,79,4.322548866271973,42,164,163,2325100,2324842,258,182078,7.263015971790085,2249816,75026,75026,8,True,True
434,SNOW,DG002,model.1.conv,20,4.323413848876953,42,27,26,2324842,2324718,124,182202,7.267962280407831,2249816,74902,74902,8,True,True
435,SNOW,DG004,model.10.m.0.ffn.0.conv,32,4.328296661376953,42,163,162,2324718,2324460,258,182460,7.2782537934995934,2249816,74644,74644,8,True,True
436,SNOW,DG004,model.10.m.0.ffn.0.conv,89,4.330732345581055,42,162,161,2324460,2324202,258,182718,7.288545306591355,2249816,74386,74386,8,True,True
437,SNOW,DG004,model.10.m.0.ffn.0.conv,137,4.340878486633301,42,161,160,2324202,2323944,258,182976,7.2988368196831175,2249816,74128,74128,8,True,True
438,SNOW,DG004,model.10.m.0.ffn.0.conv,48,4.342655181884766,42,160,159,2323944,2323686,258,183234,7.309128332774879,2249816,73870,73870,8,True,True
439,SNOW,DG004,model.10.m.0.ffn.0.conv,82,4.345199108123779,42,159,158,2323686,2323428,258,183492,7.3194198458666415,2249816,73612,73612,8,True,True
440,SNOW,DG004,model.10.m.0.ffn.0.conv,9,4.347385406494141,42,158,157,2323428,2323170,258,183750,7.329711358958403,2249816,73354,73354,8,True,True
441,SNOW,DG004,model.10.m.0.ffn.0.conv,80,4.350931644439697,42,157,156,2323170,2322912,258,184008,7.3400028720501655,2249816,73096,73096,8,True,True
442,SNOW,DG004,model.10.m.0.ffn.0.conv,73,4.361114025115967,43,156,155,2322912,2322654,258,184266,7.350294385141927,2249816,72838,72838,8,True,True
443,SNOW,DG004,model.10.m.0.ffn.0.conv,14,4.361456871032715,43,155,154,2322654,2322396,258,184524,7.36058589823369,2249816,72580,72580,8,True,True
444,SNOW,DG034,model.6.m.0.m.0.cv1.conv,25,4.3658857345581055,43,26,25,2322396,2322106,290,184814,7.3721538780655145,2249816,72290,72290,8,True,True
445,SNOW,DG004,model.10.m.0.ffn.0.conv,112,4.3681840896606445,43,154,153,2322106,2321848,258,185072,7.382445391157277,2249816,72032,72032,8,True,True
446,SNOW,DG034,model.6.m.0.m.0.cv1.conv,13,4.377697944641113,43,25,24,2321848,2321558,290,185362,7.394013370989102,2249816,71742,71742,8,True,True
447,SNOW,DG004,model.10.m.0.ffn.0.conv,127,4.379406452178955,43,153,152,2321558,2321300,258,185620,7.404304884080864,2249816,71484,71484,8,True,True
448,SNOW,DG008,model.13.m.0.m.0.cv1.conv,0,4.382238388061523,44,31,30,2321300,2321010,290,185910,7.41587286391269,2249816,71194,71194,8,True,True
449,SNOW,DG004,model.10.m.0.ffn.0.conv,131,4.386266708374023,44,152,151,2321010,2320752,258,186168,7.426164377004452,2249816,70936,70936,8,True,True
450,SNOW,DG002,model.1.conv,13,4.39387321472168,45,26,25,2320752,2320628,124,186292,7.431110685622198,2249816,70812,70812,8,True,True
451,SNOW,DG034,model.6.m.0.m.0.cv1.conv,5,4.3939948081970215,45,24,23,2320628,2320338,290,186582,7.442678665454023,2249816,70522,70522,8,True,True
452,SNOW,DG004,model.10.m.0.ffn.0.conv,149,4.396149635314941,45,151,150,2320338,2320080,258,186840,7.452970178545785,2249816,70264,70264,8,True,True
453,SNOW,DG019,model.19.m.0.m.0.cv1.conv,1,4.4048051834106445,45,25,24,2320080,2319790,290,187130,7.464538158377611,2249816,69974,69974,8,True,True
454,SNOW,DG004,model.10.m.0.ffn.0.conv,60,4.410541534423828,45,150,149,2319790,2319532,258,187388,7.474829671469373,2249816,69716,69716,8,True,True
455,SNOW,DG019,model.19.m.0.m.0.cv1.conv,21,4.413575172424316,46,24,23,2319532,2319242,290,187678,7.486397651301198,2249816,69426,69426,8,True,True
456,SNOW,DG004,model.10.m.0.ffn.0.conv,94,4.416077613830566,46,149,148,2319242,2318984,258,187936,7.4966891643929605,2249816,69168,69168,8,True,True
457,SNOW,DG004,model.10.m.0.ffn.0.conv,96,4.423744201660156,47,148,147,2318984,2318726,258,188194,7.506980677484722,2249816,68910,68910,8,True,True
458,SNOW,DG004,model.10.m.0.ffn.0.conv,100,4.425537586212158,47,147,146,2318726,2318468,258,188452,7.5172721905764845,2249816,68652,68652,8,True,True
459,SNOW,DG004,model.10.m.0.ffn.0.conv,65,4.426239013671875,47,146,145,2318468,2318210,258,188710,7.527563703668246,2249816,68394,68394,8,True,True
460,SNOW,DG004,model.10.m.0.ffn.0.conv,42,4.4262495040893555,47,145,144,2318210,2317952,258,188968,7.537855216760009,2249816,68136,68136,8,True,True
461,SNOW,DG004,model.10.m.0.ffn.0.conv,113,4.429854393005371,47,144,143,2317952,2317694,258,189226,7.54814672985177,2249816,67878,67878,8,True,True
462,SNOW,DG004,model.10.m.0.ffn.0.conv,20,4.435336112976074,47,143,142,2317694,2317436,258,189484,7.558438242943533,2249816,67620,67620,8,True,True
463,SNOW,DG027,model.3.conv,61,4.435713291168213,47,64,63,2317436,2317082,354,189838,7.572559156255485,2249816,67266,67266,8,True,True
464,SNOW,DG004,model.10.m.0.ffn.0.conv,2,4.437869071960449,47,142,141,2317082,2316824,258,190096,7.582850669347247,2249816,67008,67008,8,True,True
465,SNOW,DG003,model.10.cv2.conv,55,4.437945365905762,47,256,255,2316824,2316182,642,190738,7.608459783319771,2249816,66366,66366,8,True,True
466,SNOW,DG004,model.10.m.0.ffn.0.conv,82,4.438902854919434,47,141,140,2316182,2315924,258,190996,7.618751296411533,2249816,66108,66108,8,True,True
467,SNOW,DG004,model.10.m.0.ffn.0.conv,86,4.442342758178711,47,140,139,2315924,2315666,258,191254,7.629042809503295,2249816,65850,65850,8,True,True
468,SNOW,DG002,model.1.conv,15,4.445239067077637,47,25,24,2315666,2315542,124,191378,7.633989118121041,2249816,65726,65726,8,True,True
469,SNOW,DG004,model.10.m.0.ffn.0.conv,61,4.446549415588379,47,139,138,2315542,2315284,258,191636,7.644280631212803,2249816,65468,65468,8,True,True
470,SNOW,DG004,model.10.m.0.ffn.0.conv,35,4.448184013366699,47,138,137,2315284,2315026,258,191894,7.654572144304565,2249816,65210,65210,8,True,True
471,SNOW,DG004,model.10.m.0.ffn.0.conv,79,4.453028202056885,47,137,136,2315026,2314768,258,192152,7.664863657396327,2249816,64952,64952,8,True,True
472,SNOW,DG004,model.10.m.0.ffn.0.conv,11,4.458105087280273,47,136,135,2314768,2314510,258,192410,7.675155170488089,2249816,64694,64694,8,True,True
473,SNOW,DG004,model.10.m.0.ffn.0.conv,104,4.458608627319336,47,135,134,2314510,2314252,258,192668,7.685446683579851,2249816,64436,64436,8,True,True
474,SNOW,DG004,model.10.m.0.ffn.0.conv,93,4.469456672668457,47,134,133,2314252,2313994,258,192926,7.695738196671613,2249816,64178,64178,8,True,True
475,SNOW,DG004,model.10.m.0.ffn.0.conv,4,4.473858833312988,47,133,132,2313994,2313736,258,193184,7.706029709763375,2249816,63920,63920,8,True,True
476,SNOW,DG035,model.6.m.0.m.1.cv1.conv,14,4.478949069976807,48,30,29,2313736,2313446,290,193474,7.7175976895952,2249816,63630,63630,8,True,True
477,SNOW,DG034,model.6.m.0.m.0.cv1.conv,8,4.481406211853027,48,23,22,2313446,2313156,290,193764,7.729165669427026,2249816,63340,63340,8,True,True
478,SNOW,DG039,model.8.m.0.cv2.conv,36,4.4955339431762695,48,63,62,2313156,2312898,258,194022,7.739457182518788,2249816,63082,63082,8,True,True
479,SNOW,DG004,model.10.m.0.ffn.0.conv,130,4.496211528778076,48,132,131,2312898,2312640,258,194280,7.74974869561055,2249816,62824,62824,8,True,True
480,SNOW,DG004,model.10.m.0.ffn.0.conv,82,4.496319770812988,48,131,130,2312640,2312382,258,194538,7.760040208702312,2249816,62566,62566,8,True,True
481,SNOW,DG004,model.10.m.0.ffn.0.conv,102,4.497837543487549,48,130,129,2312382,2312124,258,194796,7.770331721794074,2249816,62308,62308,8,True,True
482,SNOW,DG038,model.8.m.0.cv1.conv,43,4.501273155212402,48,58,57,2312124,2309558,2566,197362,7.872688398512916,2249816,59742,59742,8,True,True
483,SNOW,DG038,model.8.m.0.cv1.conv,20,4.501496315002441,48,57,56,2309558,2306992,2566,199928,7.975045075231758,2249816,57176,57176,8,True,True
484,SNOW,DG042,model.9.cv1.conv,85,4.5023040771484375,48,127,126,2306992,2305710,1282,201210,8.026183524005553,2249816,55894,55894,8,True,True
485,SNOW,DG038,model.8.m.0.cv1.conv,19,4.502938747406006,48,56,55,2305710,2303144,2566,203776,8.128540200724395,2249816,53328,53328,8,True,True
486,SNOW,DG001,model.0.conv,3,4.504386901855469,48,10,9,2303144,2302899,245,204021,8.138313149203006,2249816,53083,53083,8,True,True
487,SNOW,DG002,model.1.conv,2,2.0590662956237793,1,24,23,2302899,2302784,115,204136,8.142900451550108,2249816,52968,52968,8,True,True
488,SNOW,DG002,model.1.conv,10,4.26628303527832,40,23,22,2302784,2302669,115,204251,8.147487753897213,2249816,52853,52853,8,True,True
489,SNOW,DG004,model.10.m.0.ffn.0.conv,88,4.505395889282227,48,129,128,2302669,2302411,258,204509,8.157779266988975,2249816,52595,52595,8,True,True
490,SNOW,DG035,model.6.m.0.m.1.cv1.conv,21,4.509169578552246,48,29,28,2302411,2302121,290,204799,8.1693472468208,2249816,52305,52305,8,True,True
491,SNOW,DG035,model.6.m.0.m.1.cv1.conv,23,4.509888648986816,48,28,27,2302121,2301831,290,205089,8.180915226652626,2249816,52015,52015,8,True,True
492,SNOW,DG035,model.6.m.0.m.1.cv1.conv,0,4.512877464294434,48,27,26,2301831,2301541,290,205379,8.19248320648445,2249816,51725,51725,8,True,True
493,SNOW,DG038,model.8.m.0.cv1.conv,21,4.5205841064453125,48,55,54,2301541,2298975,2566,207945,8.294839883203293,2249816,49159,49159,8,True,True
494,SNOW,DG042,model.9.cv1.conv,69,4.549187660217285,50,126,125,2298975,2297693,1282,209227,8.345978331977088,2249816,47877,47877,8,True,True
495,SNOW,DG019,model.19.m.0.m.0.cv1.conv,17,4.551789283752441,50,23,22,2297693,2297403,290,209517,8.357546311808912,2249816,47587,47587,8,True,True
496,SNOW,DG038,model.8.m.0.cv1.conv,9,4.553133964538574,51,54,53,2297403,2294837,2566,212083,8.459902988527755,2249816,45021,45021,8,True,True
497,SNOW,DG028,model.4.cv2.conv,102,4.55363130569458,51,128,127,2294837,2293523,1314,213397,8.512317904041613,2249816,43707,43707,8,True,True
498,SNOW,DG039,model.8.m.0.cv2.conv,58,4.554856777191162,51,62,61,2293523,2293265,258,213655,8.522609417133374,2249816,43449,43449,8,True,True
499,SNOW,DG019,model.19.m.0.m.0.cv1.conv,2,4.590620994567871,53,22,21,2293265,2292975,290,213945,8.5341773969652,2249816,43159,43159,8,True,True
500,SNOW,DG039,model.8.m.0.cv2.conv,50,4.603259563446045,54,61,60,2292975,2292717,258,214203,8.544468910056962,2249816,42901,42901,8,True,True
501,SNOW,DG035,model.6.m.0.m.1.cv1.conv,14,4.6148505210876465,57,26,25,2292717,2292427,290,214493,8.556036889888787,2249816,42611,42611,8,True,True
502,SNOW,DG009,model.13.m.0.m.1.cv1.conv,7,4.6313605308532715,57,31,30,2292427,2292137,290,214783,8.567604869720613,2249816,42321,42321,8,True,True
503,SNOW,DG039,model.8.m.0.cv2.conv,21,4.634109973907471,58,60,59,2292137,2291879,258,215041,8.577896382812375,2249816,42063,42063,8,True,True
504,SNOW,DG039,model.8.m.0.cv2.conv,24,4.639098167419434,58,59,58,2291879,2291621,258,215299,8.588187895904138,2249816,41805,41805,8,True,True
505,SNOW,DG009,model.13.m.0.m.1.cv1.conv,20,4.64775276184082,58,30,29,2291621,2291331,290,215589,8.599755875735962,2249816,41515,41515,8,True,True
506,SNOW,DG008,model.13.m.0.m.0.cv1.conv,20,4.659798622131348,61,30,29,2291331,2291041,290,215879,8.611323855567788,2249816,41225,41225,8,True,True
507,SNOW,DG034,model.6.m.0.m.0.cv1.conv,14,4.66347599029541,61,22,21,2291041,2290751,290,216169,8.622891835399614,2249816,40935,40935,8,True,True
508,SNOW,DG034,model.6.m.0.m.0.cv1.conv,10,4.673550128936768,61,21,20,2290751,2290461,290,216459,8.63445981523144,2249816,40645,40645,8,True,True
509,SNOW,DG008,model.13.m.0.m.0.cv1.conv,7,4.7078657150268555,61,29,28,2290461,2290171,290,216749,8.646027795063265,2249816,40355,40355,8,True,True
510,SNOW,DG028,model.4.cv2.conv,61,4.708148956298828,61,127,126,2290171,2288857,1314,218063,8.698442710577122,2249816,39041,39041,8,True,True
511,SNOW,DG002,model.1.conv,18,4.709024429321289,61,22,21,2288857,2288742,115,218178,8.703030012924225,2249816,38926,38926,8,True,True
512,SNOW,DG002,model.1.conv,7,4.717635154724121,62,21,20,2288742,2288627,115,218293,8.707617315271328,2249816,38811,38811,8,True,True
513,SNOW,DG009,model.13.m.0.m.1.cv1.conv,15,4.723565578460693,63,29,28,2288627,2288337,290,218583,8.719185295103154,2249816,38521,38521,8,True,True
514,SNOW,DG034,model.6.m.0.m.0.cv1.conv,9,4.725606918334961,63,20,19,2288337,2288047,290,218873,8.73075327493498,2249816,38231,38231,8,True,True
515,SNOW,DG002,model.1.conv,7,4.727073669433594,63,20,19,2288047,2287932,115,218988,8.735340577282082,2249816,38116,38116,8,True,True
516,SNOW,DG002,model.1.conv,16,4.734163761138916,63,19,18,2287932,2287817,115,219103,8.739927879629187,2249816,38001,38001,8,True,True
517,SNOW,DG019,model.19.m.0.m.0.cv1.conv,10,4.73857307434082,63,21,20,2287817,2287527,290,219393,8.751495859461011,2249816,37711,37711,8,True,True
518,SNOW,DG039,model.8.m.0.cv2.conv,0,4.741814613342285,63,58,57,2287527,2287269,258,219651,8.761787372552774,2249816,37453,37453,8,True,True
519,SNOW,DG009,model.13.m.0.m.1.cv1.conv,26,4.757790565490723,63,28,27,2287269,2286979,290,219941,8.7733553523846,2249816,37163,37163,8,True,True
520,SNOW,DG031,model.6.cv2.conv,73,4.77609395980835,64,128,127,2286979,2284353,2626,222567,8.87810540424106,2249816,34537,34537,8,True,True
521,SNOW,DG028,model.4.cv2.conv,121,4.776641368865967,64,126,125,2284353,2283039,1314,223881,8.930520319754919,2249816,33223,33223,8,True,True
522,SNOW,DG001,model.0.conv,5,4.784294128417969,64,9,8,2283039,2282848,191,224072,8.938139230609673,2249816,33032,33032,8,True,True
523,SNOW,DG002,model.1.conv,13,4.632423400878906,57,18,17,2282848,2282742,106,224178,8.942367526686132,2249816,32926,32926,8,True,True
524,SNOW,DG039,model.8.m.0.cv2.conv,42,4.78818941116333,64,57,56,2282742,2282484,258,224436,8.952659039777895,2249816,32668,32668,8,True,True
525,SNOW,DG009,model.13.m.0.m.1.cv1.conv,23,4.795734405517578,64,27,26,2282484,2282194,290,224726,8.964227019609721,2249816,32378,32378,8,True,True
526,SNOW,DG039,model.8.m.0.cv2.conv,34,4.795978546142578,64,56,55,2282194,2281936,258,224984,8.974518532701483,2249816,32120,32120,8,True,True
527,SNOW,DG039,model.8.m.0.cv2.conv,21,4.798558235168457,64,55,54,2281936,2281678,258,225242,8.984810045793244,2249816,31862,31862,8,True,True
528,SNOW,DG009,model.13.m.0.m.1.cv1.conv,14,4.799232482910156,64,26,25,2281678,2281388,290,225532,8.99637802562507,2249816,31572,31572,8,True,True
529,SNOW,DG039,model.8.m.0.cv2.conv,27,4.8014326095581055,64,54,53,2281388,2281130,258,225790,9.006669538716832,2249816,31314,31314,8,True,True
530,SNOW,DG035,model.6.m.0.m.1.cv1.conv,16,4.801841735839844,64,25,24,2281130,2280840,290,226080,9.018237518548657,2249816,31024,31024,8,True,True
531,SNOW,DG035,model.6.m.0.m.1.cv1.conv,17,4.802818298339844,64,24,23,2280840,2280550,290,226370,9.029805498380483,2249816,30734,30734,8,True,True
532,SNOW,DG039,model.8.m.0.cv2.conv,34,4.814814567565918,64,53,52,2280550,2280292,258,226628,9.040097011472245,2249816,30476,30476,8,True,True
533,SNOW,DG028,model.4.cv2.conv,18,4.821404457092285,64,125,124,2280292,2278978,1314,227942,9.092511926986102,2249816,29162,29162,8,True,True
534,SNOW,DG009,model.13.m.0.m.1.cv1.conv,6,4.821817398071289,64,25,24,2278978,2278688,290,228232,9.104079906817928,2249816,28872,28872,8,True,True
535,SNOW,DG019,model.19.m.0.m.0.cv1.conv,1,4.82380485534668,65,20,19,2278688,2278398,290,228522,9.115647886649754,2249816,28582,28582,8,True,True
536,SNOW,DG039,model.8.m.0.cv2.conv,40,4.830252170562744,65,52,51,2278398,2278140,258,228780,9.125939399741515,2249816,28324,28324,8,True,True
537,SNOW,DG042,model.9.cv1.conv,65,4.8325018882751465,65,125,124,2278140,2276858,1282,230062,9.17707784851531,2249816,27042,27042,8,True,True
538,SNOW,DG002,model.1.conv,12,4.833719253540039,65,17,16,2276858,2276752,106,230168,9.18130614459177,2249816,26936,26936,8,True,True
539,SNOW,DG039,model.8.m.0.cv2.conv,44,4.835230350494385,65,51,50,2276752,2276494,258,230426,9.191597657683532,2249816,26678,26678,8,True,True
540,SNOW,DG034,model.6.m.0.m.0.cv1.conv,8,4.836081504821777,65,19,18,2276494,2276204,290,230716,9.203165637515358,2249816,26388,26388,8,True,True
541,SNOW,DG035,model.6.m.0.m.1.cv1.conv,14,4.861537933349609,69,23,22,2276204,2275914,290,231006,9.214733617347184,2249816,26098,26098,8,True,True
542,SNOW,DG039,model.8.m.0.cv2.conv,39,4.865107536315918,69,50,49,2275914,2275656,258,231264,9.225025130438945,2249816,25840,25840,8,True,True
543,SNOW,DG038,model.8.m.0.cv1.conv,3,4.868401527404785,69,53,52,2275656,2273090,2566,233830,9.327381807157787,2249816,23274,23274,8,True,True
544,SNOW,DG035,model.6.m.0.m.1.cv1.conv,1,4.869962692260742,69,22,21,2273090,2272800,290,234120,9.338949786989613,2249816,22984,22984,8,True,True
545,SNOW,DG039,model.8.m.0.cv2.conv,23,4.870877265930176,69,49,48,2272800,2272542,258,234378,9.349241300081374,2249816,22726,22726,8,True,True
546,SNOW,DG019,model.19.m.0.m.0.cv1.conv,12,4.873475551605225,69,19,18,2272542,2272252,290,234668,9.3608092799132,2249816,22436,22436,8,True,True
547,SNOW,DG009,model.13.m.0.m.1.cv1.conv,21,4.87550163269043,69,24,23,2272252,2271962,290,234958,9.372377259745026,2249816,22146,22146,8,True,True
548,SNOW,DG035,model.6.m.0.m.1.cv1.conv,10,4.8778076171875,69,21,20,2271962,2271672,290,235248,9.383945239576851,2249816,21856,21856,8,True,True
549,SNOW,DG028,model.4.cv2.conv,56,4.882210731506348,69,124,123,2271672,2270358,1314,236562,9.436360155090709,2249816,20542,20542,8,True,True
550,SNOW,DG019,model.19.m.0.m.0.cv1.conv,17,4.882403373718262,69,18,17,2270358,2270068,290,236852,9.447928134922535,2249816,20252,20252,8,True,True
551,SNOW,DG039,model.8.m.0.cv2.conv,14,4.882761001586914,69,48,47,2270068,2269810,258,237110,9.458219648014296,2249816,19994,19994,8,True,True
552,SNOW,DG009,model.13.m.0.m.1.cv1.conv,16,4.884196758270264,69,23,22,2269810,2269520,290,237400,9.469787627846122,2249816,19704,19704,8,True,True
553,SNOW,DG035,model.6.m.0.m.1.cv1.conv,2,4.8859639167785645,69,20,19,2269520,2269230,290,237690,9.481355607677948,2249816,19414,19414,8,True,True
554,SNOW,DG039,model.8.m.0.cv2.conv,20,4.893466949462891,70,47,46,2269230,2268972,258,237948,9.49164712076971,2249816,19156,19156,8,True,True
555,SNOW,DG035,model.6.m.0.m.1.cv1.conv,18,4.90118408203125,71,19,18,2268972,2268682,290,238238,9.503215100601535,2249816,18866,18866,8,True,True
556,SNOW,DG039,model.8.m.0.cv2.conv,8,4.904524803161621,71,46,45,2268682,2268424,258,238496,9.513506613693297,2249816,18608,18608,8,True,True
557,SNOW,DG039,model.8.m.0.cv2.conv,9,4.904633045196533,71,45,44,2268424,2268166,258,238754,9.523798126785058,2249816,18350,18350,8,True,True
558,SNOW,DG019,model.19.m.0.m.0.cv1.conv,5,4.9062347412109375,72,17,16,2268166,2267876,290,239044,9.535366106616884,2249816,18060,18060,8,True,True
559,SNOW,DG039,model.8.m.0.cv2.conv,15,4.9130778312683105,72,44,43,2267876,2267618,258,239302,9.545657619708647,2249816,17802,17802,8,True,True
560,SNOW,DG009,model.13.m.0.m.1.cv1.conv,20,4.922542095184326,74,22,21,2267618,2267328,290,239592,9.557225599540471,2249816,17512,17512,8,True,True
561,SNOW,DG039,model.8.m.0.cv2.conv,15,4.923074245452881,74,43,42,2267328,2267070,258,239850,9.567517112632235,2249816,17254,17254,8,True,True
562,SNOW,DG039,model.8.m.0.cv2.conv,29,4.92924165725708,75,42,41,2267070,2266812,258,240108,9.577808625723996,2249816,16996,16996,8,True,True
563,SNOW,DG039,model.8.m.0.cv2.conv,38,4.929413318634033,75,41,40,2266812,2266554,258,240366,9.588100138815758,2249816,16738,16738,8,True,True
564,SNOW,DG039,model.8.m.0.cv2.conv,27,4.929472923278809,75,40,39,2266554,2266296,258,240624,9.59839165190752,2249816,16480,16480,8,True,True
565,SNOW,DG039,model.8.m.0.cv2.conv,30,4.930794715881348,75,39,38,2266296,2266038,258,240882,9.608683164999283,2249816,16222,16222,8,True,True
566,SNOW,DG008,model.13.m.0.m.0.cv1.conv,13,4.937099456787109,75,28,27,2266038,2265748,290,241172,9.620251144831107,2249816,15932,15932,8,True,True
567,SNOW,DG035,model.6.m.0.m.1.cv1.conv,17,4.946037769317627,75,18,17,2265748,2265458,290,241462,9.631819124662933,2249816,15642,15642,8,True,True
568,SNOW,DG008,model.13.m.0.m.0.cv1.conv,8,4.952581405639648,75,27,26,2265458,2265168,290,241752,9.643387104494758,2249816,15352,15352,8,True,True
569,SNOW,DG039,model.8.m.0.cv2.conv,7,4.9573469161987305,75,38,37,2265168,2264910,258,242010,9.65367861758652,2249816,15094,15094,8,True,True
570,SNOW,DG035,model.6.m.0.m.1.cv1.conv,2,4.9575653076171875,75,17,16,2264910,2264620,290,242300,9.665246597418346,2249816,14804,14804,8,True,True
571,SNOW,DG028,model.4.cv2.conv,37,4.959047317504883,75,123,122,2264620,2263306,1314,243614,9.717661512932203,2249816,13490,13490,8,True,True
572,SNOW,DG039,model.8.m.0.cv2.conv,20,4.962896823883057,75,37,36,2263306,2263048,258,243872,9.727953026023966,2249816,13232,13232,8,True,True
573,SNOW,DG039,model.8.m.0.cv2.conv,31,4.965767860412598,75,36,35,2263048,2262790,258,244130,9.738244539115728,2249816,12974,12974,8,True,True
574,SNOW,DG039,model.8.m.0.cv2.conv,33,4.9680094718933105,75,35,34,2262790,2262532,258,244388,9.74853605220749,2249816,12716,12716,8,True,True
575,SNOW,DG039,model.8.m.0.cv2.conv,32,4.971130847930908,75,34,33,2262532,2262274,258,244646,9.758827565299251,2249816,12458,12458,8,True,True
576,SNOW,DG039,model.8.m.0.cv2.conv,22,4.9839606285095215,77,33,32,2262274,2262016,258,244904,9.769119078391014,2249816,12200,12200,8,True,True
577,SNOW,DG009,model.13.m.0.m.1.cv1.conv,9,4.984272480010986,77,21,20,2262016,2261726,290,245194,9.780687058222838,2249816,11910,11910,8,True,True
578,SNOW,DG034,model.6.m.0.m.0.cv1.conv,11,4.994595050811768,77,18,17,2261726,2261436,290,245484,9.792255038054664,2249816,11620,11620,8,True,True
579,SNOW,DG038,model.8.m.0.cv1.conv,20,4.998295783996582,77,52,51,2261436,2258870,2566,248050,9.894611714773507,2249816,9054,9054,8,True,True
580,SNOW,DG008,model.13.m.0.m.0.cv1.conv,5,4.998989105224609,77,26,25,2258870,2258580,290,248340,9.906179694605333,2249816,8764,8764,8,True,True
581,SNOW,DG031,model.6.cv2.conv,58,5.004182815551758,78,127,126,2258580,2255954,2626,250966,10.010929746461795,2249816,6138,6138,8,True,True
582,SNOW,DG009,model.13.m.0.m.1.cv1.conv,15,5.036836624145508,79,20,19,2255954,2255664,290,251256,10.022497726293619,2249816,5848,5848,8,True,True
583,SNOW,DG008,model.13.m.0.m.0.cv1.conv,20,5.039176940917969,79,25,24,2255664,2255374,290,251546,10.034065706125444,2249816,5558,5558,8,True,True
584,SNOW,DG028,model.4.cv2.conv,105,5.042903900146484,80,122,121,2255374,2254060,1314,252860,10.086480621639302,2249816,4244,4244,8,True,True
585,SNOW,DG028,model.4.cv2.conv,46,5.048521995544434,80,121,120,2254060,2252746,1314,254174,10.13889553715316,2249816,2930,2930,8,True,True
586,SNOW,DG034,model.6.m.0.m.0.cv1.conv,13,5.052248954772949,80,17,16,2252746,2252456,290,254464,10.150463516984985,2249816,2640,2640,8,True,True
587,SNOW,DG009,model.13.m.0.m.1.cv1.conv,9,5.053311824798584,80,19,18,2252456,2252166,290,254754,10.16203149681681,2249816,2350,2350,8,True,True
588,SNOW,DG009,model.13.m.0.m.1.cv1.conv,2,5.0559539794921875,80,18,17,2252166,2251876,290,255044,10.173599476648636,2249816,2060,2060,8,True,True
589,SNOW,DG009,model.13.m.0.m.1.cv1.conv,10,5.06502628326416,80,17,16,2251876,2251586,290,255334,10.185167456480462,2249816,1770,1770,8,True,True
590,SNOW,DG028,model.4.cv2.conv,23,5.080322742462158,81,120,119,2251586,2250272,1314,256648,10.23758237199432,2249816,456,456,8,True,True
591,SNOW,DG028,model.4.cv2.conv,84,5.081491470336914,81,119,118,2250272,2248958,1314,257962,10.289997287508177,2249816,-858,858,8,True,True
