pruning_method,combo_layers,combo_size,amount_tested,method,model_path,split,size_mb,total_params,zero_params,zero_param_percent,map50_95,map50,drop_map50_95,drop_map50,preprocess_ms,inference_ms,postprocess_ms,latency_ms,fps,target_layers,amount,note
l1_unstructured,"20,10,6,13,22,16",6,0.20,L1 unstructured pruning exploration,/home/afm176/yolo_project/3_pruning/pruning_plan_20260709_220413/l1_unstructured_combo_top6_amt_0p20/combo_20_10_6_13_22_16_amt_0p20/yolo26n_l1_combo_20_10_6_13_22_16_amt_0p20.pt,val,4.730317,2376981,218575,9.195488,0.499182,0.681810,0.007450,0.008245,0.242032,0.972469,0.043497,1.257998,794.913962,"20,10,6,13,22,16",0.2,mask-based unstructured pruning; sparse weights with unchanged architecture shape
l1_unstructured,"20,10,6,13,22",5,0.20,L1 unstructured pruning exploration,/home/afm176/yolo_project/3_pruning/pruning_plan_20260709_220413/l1_unstructured_combo_top6_amt_0p20/combo_20_10_6_13_22_amt_0p20/yolo26n_l1_combo_20_10_6_13_22_amt_0p20.pt,val,4.729522,2376981,211816,8.911136,0.500218,0.682259,0.006415,0.007796,0.268292,1.001819,0.055396,1.325507,754.428024,"20,10,6,13,22",0.2,mask-based unstructured pruning; sparse weights with unchanged architecture shape
l1_unstructured,"20,10,13,22,16",5,0.20,L1 unstructured pruning exploration,/home/afm176/yolo_project/3_pruning/pruning_plan_20260709_220413/l1_unstructured_combo_top6_amt_0p20/combo_20_10_13_22_16_amt_0p20/yolo26n_l1_combo_20_10_13_22_16_amt_0p20.pt,val,4.729848,2376981,201372,8.471755,0.504057,0.686395,0.002575,0.003660,0.244059,0.997454,0.091044,1.332557,750.437125,"20,10,13,22,16",0.2,mask-based unstructured pruning; sparse weights with unchanged architecture shape
l1_unstructured,"20,10,6,22,16",5,0.20,L1 unstructured pruning exploration,/home/afm176/yolo_project/3_pruning/pruning_plan_20260709_220413/l1_unstructured_combo_top6_amt_0p20/combo_20_10_6_22_16_amt_0p20/yolo26n_l1_combo_20_10_6_22_16_amt_0p20.pt,val,4.729522,2376981,194819,8.196069,0.503538,0.684479,0.003095,0.005576,0.248916,0.970820,0.039638,1.259374,794.045119,"20,10,6,22,16",0.2,mask-based unstructured pruning; sparse weights with unchanged architecture shape
l1_unstructured,"20,10,13,22",4,0.20,L1 unstructured pruning exploration,/home/afm176/yolo_project/3_pruning/pruning_plan_20260709_220413/l1_unstructured_combo_top6_amt_0p20/combo_20_10_13_22_amt_0p20/yolo26n_l1_combo_20_10_13_22_amt_0p20.pt,val,4.728259,2376981,194613,8.187402,0.504265,0.687154,0.002368,0.002902,0.282026,1.001918,0.073921,1.357865,736.450267,"20,10,13,22",0.2,mask-based unstructured pruning; sparse weights with unchanged architecture shape
l1_unstructured,"10,6,13,22,16",5,0.20,L1 unstructured pruning exploration,/home/afm176/yolo_project/3_pruning/pruning_plan_20260709_220413/l1_unstructured_combo_top6_amt_0p20/combo_10_6_13_22_16_amt_0p20/yolo26n_l1_combo_10_6_13_22_16_amt_0p20.pt,val,4.729583,2376981,189084,7.954796,0.499296,0.682019,0.007336,0.008036,0.275186,0.986926,0.079600,1.341711,745.316796,"10,6,13,22,16",0.2,mask-based unstructured pruning; sparse weights with unchanged architecture shape
l1_unstructured,"20,10,6,22",4,0.20,L1 unstructured pruning exploration,/home/afm176/yolo_project/3_pruning/pruning_plan_20260709_220413/l1_unstructured_combo_top6_amt_0p20/combo_20_10_6_22_amt_0p20/yolo26n_l1_combo_20_10_6_22_amt_0p20.pt,val,4.728055,2376981,188060,7.911717,0.504110,0.685278,0.002522,0.004777,0.275440,0.986632,0.043554,1.305626,765.915931,"20,10,6,22",0.2,mask-based unstructured pruning; sparse weights with unchanged architecture shape
l1_unstructured,"10,6,13,22",4,0.20,L1 unstructured pruning exploration,/home/afm176/yolo_project/3_pruning/pruning_plan_20260709_220413/l1_unstructured_combo_top6_amt_0p20/combo_10_6_13_22_amt_0p20/yolo26n_l1_combo_10_6_13_22_amt_0p20.pt,val,4.728055,2376981,182325,7.670444,0.500617,0.683014,0.006015,0.007041,0.265037,1.006767,0.072682,1.344486,743.778433,"10,6,13,22",0.2,mask-based unstructured pruning; sparse weights with unchanged architecture shape
l1_unstructured,"20,10,22,16",4,0.20,L1 unstructured pruning exploration,/home/afm176/yolo_project/3_pruning/pruning_plan_20260709_220413/l1_unstructured_combo_top6_amt_0p20/combo_20_10_22_16_amt_0p20/yolo26n_l1_combo_20_10_22_16_amt_0p20.pt,val,4.728259,2376981,177616,7.472336,0.505637,0.687633,0.000995,0.002422,0.287265,0.984613,0.071433,1.343311,744.428987,"20,10,22,16",0.2,mask-based unstructured pruning; sparse weights with unchanged architecture shape
l1_unstructured,"10,13,22,16",4,0.20,L1 unstructured pruning exploration,/home/afm176/yolo_project/3_pruning/pruning_plan_20260709_220413/l1_unstructured_combo_top6_amt_0p20/combo_10_13_22_16_amt_0p20/yolo26n_l1_combo_10_13_22_16_amt_0p20.pt,val,4.728259,2376981,171881,7.231063,0.503863,0.686125,0.002769,0.003930,0.266892,0.984352,0.076174,1.327418,753.342255,"10,13,22,16",0.2,mask-based unstructured pruning; sparse weights with unchanged architecture shape
l1_unstructured,"20,10,22",3,0.20,L1 unstructured pruning exploration,/home/afm176/yolo_project/3_pruning/pruning_plan_20260709_220413/l1_unstructured_combo_top6_amt_0p20/combo_20_10_22_amt_0p20/yolo26n_l1_combo_20_10_22_amt_0p20.pt,val,4.727586,2376981,170857,7.187983,0.506718,0.688192,-0.000085,0.001863,0.241324,0.987296,0.066432,1.295052,772.169924,"20,10,22",0.2,mask-based unstructured pruning; sparse weights with unchanged architecture shape
l1_unstructured,"20,6,13,22,16",5,0.20,L1 unstructured pruning exploration,/home/afm176/yolo_project/3_pruning/pruning_plan_20260709_220413/l1_unstructured_combo_top6_amt_0p20/combo_20_6_13_22_16_amt_0p20/yolo26n_l1_combo_20_6_13_22_16_amt_0p20.pt,val,4.729522,2376981,169192,7.117937,0.501766,0.684569,0.004867,0.005486,0.262442,0.993946,0.096506,1.352895,739.155865,"20,6,13,22,16",0.2,mask-based unstructured pruning; sparse weights with unchanged architecture shape
l1_unstructured,"10,6,22,16",4,0.20,L1 unstructured pruning exploration,/home/afm176/yolo_project/3_pruning/pruning_plan_20260709_220413/l1_unstructured_combo_top6_amt_0p20/combo_10_6_22_16_amt_0p20/yolo26n_l1_combo_10_6_22_16_amt_0p20.pt,val,4.728055,2376981,165328,6.955377,0.504384,0.685516,0.002248,0.004539,0.264595,0.973720,0.050014,1.288329,776.199521,"10,6,22,16",0.2,mask-based unstructured pruning; sparse weights with unchanged architecture shape
l1_unstructured,"10,13,22",3,0.20,L1 unstructured pruning exploration,/home/afm176/yolo_project/3_pruning/pruning_plan_20260709_220413/l1_unstructured_combo_top6_amt_0p20/combo_10_13_22_amt_0p20/yolo26n_l1_combo_10_13_22_amt_0p20.pt,val,4.727647,2376981,165122,6.946711,0.503727,0.686932,0.002905,0.003123,0.288452,0.989234,0.041081,1.318767,758.283994,"10,13,22",0.2,mask-based unstructured pruning; sparse weights with unchanged architecture shape
l1_unstructured,"20,6,13,22",4,0.20,L1 unstructured pruning exploration,/home/afm176/yolo_project/3_pruning/pruning_plan_20260709_220413/l1_unstructured_combo_top6_amt_0p20/combo_20_6_13_22_amt_0p20/yolo26n_l1_combo_20_6_13_22_amt_0p20.pt,val,4.728055,2376981,162433,6.833584,0.502142,0.685919,0.004490,0.004136,0.277259,0.995306,0.091772,1.364337,732.956976,"20,6,13,22",0.2,mask-based unstructured pruning; sparse weights with unchanged architecture shape
l1_unstructured,"10,6,22",3,0.20,L1 unstructured pruning exploration,/home/afm176/yolo_project/3_pruning/pruning_plan_20260709_220413/l1_unstructured_combo_top6_amt_0p20/combo_10_6_22_amt_0p20/yolo26n_l1_combo_10_6_22_amt_0p20.pt,val,4.727443,2376981,158569,6.671025,0.504186,0.685341,0.002447,0.004714,0.275001,0.974121,0.044107,1.293230,773.257952,"10,6,22",0.2,mask-based unstructured pruning; sparse weights with unchanged architecture shape
l1_unstructured,"20,13,22,16",4,0.20,L1 unstructured pruning exploration,/home/afm176/yolo_project/3_pruning/pruning_plan_20260709_220413/l1_unstructured_combo_top6_amt_0p20/combo_20_13_22_16_amt_0p20/yolo26n_l1_combo_20_13_22_16_amt_0p20.pt,val,4.728259,2376981,151989,6.394203,0.504312,0.687957,0.002320,0.002098,0.241156,0.982812,0.101552,1.325520,754.420643,"20,13,22,16",0.2,mask-based unstructured pruning; sparse weights with unchanged architecture shape
l1_unstructured,"10,22,16",3,0.20,L1 unstructured pruning exploration,/home/afm176/yolo_project/3_pruning/pruning_plan_20260709_220413/l1_unstructured_combo_top6_amt_0p20/combo_10_22_16_amt_0p20/yolo26n_l1_combo_10_22_16_amt_0p20.pt,val,4.727647,2376981,148125,6.231644,0.505418,0.687499,0.001215,0.002556,0.253431,0.973793,0.050269,1.277492,782.783776,"10,22,16",0.2,mask-based unstructured pruning; sparse weights with unchanged architecture shape
l1_unstructured,"20,6,22,16",4,0.20,L1 unstructured pruning exploration,/home/afm176/yolo_project/3_pruning/pruning_plan_20260709_220413/l1_unstructured_combo_top6_amt_0p20/combo_20_6_22_16_amt_0p20/yolo26n_l1_combo_20_6_22_16_amt_0p20.pt,val,4.728055,2376981,145436,6.118518,0.504219,0.687422,0.002413,0.002633,0.278829,0.993676,0.086911,1.359416,735.610215,"20,6,22,16",0.2,mask-based unstructured pruning; sparse weights with unchanged architecture shape
l1_unstructured,"20,13,22",3,0.20,L1 unstructured pruning exploration,/home/afm176/yolo_project/3_pruning/pruning_plan_20260709_220413/l1_unstructured_combo_top6_amt_0p20/combo_20_13_22_amt_0p20/yolo26n_l1_combo_20_13_22_amt_0p20.pt,val,4.727586,2376981,145230,6.109851,0.505408,0.688564,0.001224,0.001491,0.252821,0.982707,0.070035,1.305563,765.953342,"20,13,22",0.2,mask-based unstructured pruning; sparse weights with unchanged architecture shape
l1_unstructured,"10,22",2,0.20,L1 unstructured pruning exploration,/home/afm176/yolo_project/3_pruning/pruning_plan_20260709_220413/l1_unstructured_combo_top6_amt_0p20/combo_10_22_amt_0p20/yolo26n_l1_combo_10_22_amt_0p20.pt,val,4.726974,2376981,141366,5.947292,0.506813,0.688254,-0.000180,0.001801,0.256142,0.999985,0.091282,1.347409,742.164980,"10,22",0.2,mask-based unstructured pruning; sparse weights with unchanged architecture shape
l1_unstructured,"6,13,22,16",4,0.20,L1 unstructured pruning exploration,/home/afm176/yolo_project/3_pruning/pruning_plan_20260709_220413/l1_unstructured_combo_top6_amt_0p20/combo_6_13_22_16_amt_0p20/yolo26n_l1_combo_6_13_22_16_amt_0p20.pt,val,4.728055,2376981,139701,5.877245,0.501727,0.684495,0.004905,0.005560,0.245691,1.010048,0.078929,1.334667,749.250359,"6,13,22,16",0.2,mask-based unstructured pruning; sparse weights with unchanged architecture shape
l1_unstructured,"20,6,22",3,0.20,L1 unstructured pruning exploration,/home/afm176/yolo_project/3_pruning/pruning_plan_20260709_220413/l1_unstructured_combo_top6_amt_0p20/combo_20_6_22_amt_0p20/yolo26n_l1_combo_20_6_22_amt_0p20.pt,val,4.727382,2376981,138677,5.834165,0.504772,0.687030,0.001860,0.003025,0.241343,0.971948,0.042845,1.256135,796.092596,"20,6,22",0.2,mask-based unstructured pruning; sparse weights with unchanged architecture shape
l1_unstructured,"6,13,22",3,0.20,L1 unstructured pruning exploration,/home/afm176/yolo_project/3_pruning/pruning_plan_20260709_220413/l1_unstructured_combo_top6_amt_0p20/combo_6_13_22_amt_0p20/yolo26n_l1_combo_6_13_22_amt_0p20.pt,val,4.727443,2376981,132942,5.592893,0.502152,0.685951,0.004481,0.004104,0.260479,0.987556,0.061300,1.309335,763.746626,"6,13,22",0.2,mask-based unstructured pruning; sparse weights with unchanged architecture shape
l1_unstructured,"20,22,16",3,0.20,L1 unstructured pruning exploration,/home/afm176/yolo_project/3_pruning/pruning_plan_20260709_220413/l1_unstructured_combo_top6_amt_0p20/combo_20_22_16_amt_0p20/yolo26n_l1_combo_20_22_16_amt_0p20.pt,val,4.727586,2376981,128233,5.394784,0.507597,0.689926,-0.000964,0.000129,0.255136,1.001997,0.063441,1.320574,757.246280,"20,22,16",0.2,mask-based unstructured pruning; sparse weights with unchanged architecture shape
l1_unstructured,"20,10,6,13,16",5,0.20,L1 unstructured pruning exploration,/home/afm176/yolo_project/3_pruning/pruning_plan_20260709_220413/l1_unstructured_combo_top6_amt_0p20/combo_20_10_6_13_16_amt_0p20/yolo26n_l1_combo_20_10_6_13_16_amt_0p20.pt,val,4.729522,2376981,126595,5.325873,0.500004,0.682448,0.006628,0.007607,0.309970,0.973541,0.051096,1.334606,749.284544,"20,10,6,13,16",0.2,mask-based unstructured pruning; sparse weights with unchanged architecture shape
l1_unstructured,"13,22,16",3,0.20,L1 unstructured pruning exploration,/home/afm176/yolo_project/3_pruning/pruning_plan_20260709_220413/l1_unstructured_combo_top6_amt_0p20/combo_13_22_16_amt_0p20/yolo26n_l1_combo_13_22_16_amt_0p20.pt,val,4.727647,2376981,122498,5.153512,0.504034,0.687469,0.002598,0.002586,0.252822,0.983007,0.073646,1.309475,763.664595,"13,22,16",0.2,mask-based unstructured pruning; sparse weights with unchanged architecture shape
l1_unstructured,"20,22",2,0.20,L1 unstructured pruning exploration,/home/afm176/yolo_project/3_pruning/pruning_plan_20260709_220413/l1_unstructured_combo_top6_amt_0p20/combo_20_22_amt_0p20/yolo26n_l1_combo_20_22_amt_0p20.pt,val,4.726974,2376981,121474,5.110432,0.507102,0.690206,-0.000470,-0.000151,0.256150,0.980993,0.073761,1.310904,762.832386,"20,22",0.2,mask-based unstructured pruning; sparse weights with unchanged architecture shape
l1_unstructured,"20,10,6,13",4,0.20,L1 unstructured pruning exploration,/home/afm176/yolo_project/3_pruning/pruning_plan_20260709_220413/l1_unstructured_combo_top6_amt_0p20/combo_20_10_6_13_amt_0p20/yolo26n_l1_combo_20_10_6_13_amt_0p20.pt,val,4.728055,2376981,119836,5.041521,0.501660,0.683549,0.004973,0.006506,0.262847,0.995746,0.098787,1.357380,736.713105,"20,10,6,13",0.2,mask-based unstructured pruning; sparse weights with unchanged architecture shape
l1_unstructured,"6,22,16",3,0.20,L1 unstructured pruning exploration,/home/afm176/yolo_project/3_pruning/pruning_plan_20260709_220413/l1_unstructured_combo_top6_amt_0p20/combo_6_22_16_amt_0p20/yolo26n_l1_combo_6_22_16_amt_0p20.pt,val,4.727443,2376981,115945,4.877826,0.504052,0.686919,0.002580,0.003136,0.262255,0.983784,0.077828,1.323867,755.362917,"6,22,16",0.2,mask-based unstructured pruning; sparse weights with unchanged architecture shape
l1_unstructured,"13,22",2,0.20,L1 unstructured pruning exploration,/home/afm176/yolo_project/3_pruning/pruning_plan_20260709_220413/l1_unstructured_combo_top6_amt_0p20/combo_13_22_amt_0p20/yolo26n_l1_combo_13_22_amt_0p20.pt,val,4.726974,2376981,115739,4.869160,0.505481,0.688488,0.001151,0.001567,0.255480,0.985759,0.080308,1.321548,756.688403,"13,22",0.2,mask-based unstructured pruning; sparse weights with unchanged architecture shape
l1_unstructured,"20,10,13,16",4,0.20,L1 unstructured pruning exploration,/home/afm176/yolo_project/3_pruning/pruning_plan_20260709_220413/l1_unstructured_combo_top6_amt_0p20/combo_20_10_13_16_amt_0p20/yolo26n_l1_combo_20_10_13_16_amt_0p20.pt,val,4.728259,2376981,109392,4.602140,0.504028,0.686314,0.002604,0.003741,0.276168,0.972700,0.077017,1.325886,754.212797,"20,10,13,16",0.2,mask-based unstructured pruning; sparse weights with unchanged architecture shape
l1_unstructured,"20,10,6,13,22,16",6,0.10,L1 unstructured pruning exploration,/home/afm176/yolo_project/3_pruning/pruning_plan_20260709_220413/l1_unstructured_combo_top6_amt_0p10/combo_20_10_6_13_22_16_amt_0p10/yolo26n_l1_combo_20_10_6_13_22_16_amt_0p10.pt,val,4.730317,2376981,109289,4.597807,0.505936,0.689069,0.000697,0.000986,0.285284,1.002124,0.056115,1.343523,744.311771,"20,10,6,13,22,16",0.1,mask-based unstructured pruning; sparse weights with unchanged architecture shape
l1_unstructured,"6,22",2,0.20,L1 unstructured pruning exploration,/home/afm176/yolo_project/3_pruning/pruning_plan_20260709_220413/l1_unstructured_combo_top6_amt_0p20/combo_6_22_amt_0p20/yolo26n_l1_combo_6_22_amt_0p20.pt,val,4.726769,2376981,109186,4.593474,0.504832,0.687054,0.001800,0.003002,0.245436,0.980839,0.056854,1.283128,779.345264,"6,22",0.2,mask-based unstructured pruning; sparse weights with unchanged architecture shape
l1_unstructured,"20,10,6,13,22",5,0.10,L1 unstructured pruning exploration,/home/afm176/yolo_project/3_pruning/pruning_plan_20260709_220413/l1_unstructured_combo_top6_amt_0p10/combo_20_10_6_13_22_amt_0p10/yolo26n_l1_combo_20_10_6_13_22_amt_0p10.pt,val,4.729522,2376981,105913,4.455778,0.505843,0.687796,0.000789,0.002259,0.243794,0.998248,0.070117,1.312159,762.102842,"20,10,6,13,22",0.1,mask-based unstructured pruning; sparse weights with unchanged architecture shape
l1_unstructured,"20,10,6,16",4,0.20,L1 unstructured pruning exploration,/home/afm176/yolo_project/3_pruning/pruning_plan_20260709_220413/l1_unstructured_combo_top6_amt_0p20/combo_20_10_6_16_amt_0p20/yolo26n_l1_combo_20_10_6_16_amt_0p20.pt,val,4.728055,2376981,102839,4.326454,0.504660,0.684831,0.001972,0.005224,0.291580,0.992256,0.083311,1.367147,731.450444,"20,10,6,16",0.2,mask-based unstructured pruning; sparse weights with unchanged architecture shape
l1_unstructured,"20,10,13",3,0.20,L1 unstructured pruning exploration,/home/afm176/yolo_project/3_pruning/pruning_plan_20260709_220413/l1_unstructured_combo_top6_amt_0p20/combo_20_10_13_amt_0p20/yolo26n_l1_combo_20_10_13_amt_0p20.pt,val,4.727586,2376981,102633,4.317788,0.504361,0.687749,0.002271,0.002306,0.259974,0.995481,0.084650,1.340105,746.210420,"20,10,13",0.2,mask-based unstructured pruning; sparse weights with unchanged architecture shape
l1_unstructured,"20,10,13,22,16",5,0.10,L1 unstructured pruning exploration,/home/afm176/yolo_project/3_pruning/pruning_plan_20260709_220413/l1_unstructured_combo_top6_amt_0p10/combo_20_10_13_22_16_amt_0p10/yolo26n_l1_combo_20_10_13_22_16_amt_0p10.pt,val,4.729848,2376981,100685,4.235835,0.507249,0.689640,-0.000617,0.000415,0.245684,0.972501,0.039476,1.257661,795.126797,"20,10,13,22,16",0.1,mask-based unstructured pruning; sparse weights with unchanged architecture shape
l1_unstructured,"22,16",2,0.20,L1 unstructured pruning exploration,/home/afm176/yolo_project/3_pruning/pruning_plan_20260709_220413/l1_unstructured_combo_top6_amt_0p20/combo_22_16_amt_0p20/yolo26n_l1_combo_22_16_amt_0p20.pt,val,4.726974,2376981,98742,4.154093,0.507895,0.689831,-0.001262,0.000224,0.289245,0.972109,0.046396,1.307750,764.672207,"22,16",0.2,mask-based unstructured pruning; sparse weights with unchanged architecture shape
l1_unstructured,"20,10,6,22,16",5,0.10,L1 unstructured pruning exploration,/home/afm176/yolo_project/3_pruning/pruning_plan_20260709_220413/l1_unstructured_combo_top6_amt_0p10/combo_20_10_6_22_16_amt_0p10/yolo26n_l1_combo_20_10_6_22_16_amt_0p10.pt,val,4.729522,2376981,97408,4.097971,0.506212,0.689910,0.000421,0.000145,0.270835,0.973851,0.050332,1.295018,772.190103,"20,10,6,22,16",0.1,mask-based unstructured pruning; sparse weights with unchanged architecture shape
l1_unstructured,"20,10,13,22",4,0.10,L1 unstructured pruning exploration,/home/afm176/yolo_project/3_pruning/pruning_plan_20260709_220413/l1_unstructured_combo_top6_amt_0p10/combo_20_10_13_22_amt_0p10/yolo26n_l1_combo_20_10_13_22_amt_0p10.pt,val,4.728259,2376981,97309,4.093806,0.505616,0.688064,0.001017,0.001991,0.255129,0.982810,0.049508,1.287447,776.730840,"20,10,13,22",0.1,mask-based unstructured pruning; sparse weights with unchanged architecture shape
l1_unstructured,"10,6,13,16",4,0.20,L1 unstructured pruning exploration,/home/afm176/yolo_project/3_pruning/pruning_plan_20260709_220413/l1_unstructured_combo_top6_amt_0p20/combo_10_6_13_16_amt_0p20/yolo26n_l1_combo_10_6_13_16_amt_0p20.pt,val,4.728055,2376981,97104,4.085182,0.499844,0.682309,0.006788,0.007746,0.251865,0.985217,0.060880,1.297962,770.438475,"10,6,13,16",0.2,mask-based unstructured pruning; sparse weights with unchanged architecture shape
l1_unstructured,"20,10,6",3,0.20,L1 unstructured pruning exploration,/home/afm176/yolo_project/3_pruning/pruning_plan_20260709_220413/l1_unstructured_combo_top6_amt_0p20/combo_20_10_6_amt_0p20/yolo26n_l1_combo_20_10_6_amt_0p20.pt,val,4.727382,2376981,96080,4.042102,0.505607,0.686948,0.001026,0.003107,0.253092,0.970754,0.039205,1.263051,791.733882,"20,10,6",0.2,mask-based unstructured pruning; sparse weights with unchanged architecture shape
l1_unstructured,"10,6,13,22,16",5,0.10,L1 unstructured pruning exploration,/home/afm176/yolo_project/3_pruning/pruning_plan_20260709_220413/l1_unstructured_combo_top6_amt_0p10/combo_10_6_13_22_16_amt_0p10/yolo26n_l1_combo_10_6_13_22_16_amt_0p10.pt,val,4.729583,2376981,94543,3.977440,0.505919,0.689116,0.000714,0.000939,0.245120,0.986146,0.050891,1.282157,779.935932,"10,6,13,22,16",0.1,mask-based unstructured pruning; sparse weights with unchanged architecture shape
l1_unstructured,"20,10,6,22",4,0.10,L1 unstructured pruning exploration,/home/afm176/yolo_project/3_pruning/pruning_plan_20260709_220413/l1_unstructured_combo_top6_amt_0p10/combo_20_10_6_22_amt_0p10/yolo26n_l1_combo_20_10_6_22_amt_0p10.pt,val,4.728055,2376981,94032,3.955942,0.505985,0.688221,0.000647,0.001834,0.254930,0.999036,0.089544,1.343510,744.319179,"20,10,6,22",0.1,mask-based unstructured pruning; sparse weights with unchanged architecture shape
l1_unstructured,22,1,0.20,L1 unstructured pruning exploration,/home/afm176/yolo_project/3_pruning/pruning_plan_20260709_220413/l1_unstructured_combo_top6_amt_0p20/combo_22_amt_0p20/yolo26n_l1_combo_22_amt_0p20.pt,val,4.726361,2376981,91983,3.869741,0.507116,0.689970,-0.000484,0.000086,0.255598,0.982168,0.064872,1.302638,767.673135,22,0.2,mask-based unstructured pruning; sparse weights with unchanged architecture shape
l1_unstructured,"10,6,13,22",4,0.10,L1 unstructured pruning exploration,/home/afm176/yolo_project/3_pruning/pruning_plan_20260709_220413/l1_unstructured_combo_top6_amt_0p10/combo_10_6_13_22_amt_0p10/yolo26n_l1_combo_10_6_13_22_amt_0p10.pt,val,4.728055,2376981,91167,3.835411,0.505890,0.687785,0.000742,0.002270,0.249622,0.970830,0.070943,1.291395,774.356655,"10,6,13,22",0.1,mask-based unstructured pruning; sparse weights with unchanged architecture shape
l1_unstructured,"10,6,13",3,0.20,L1 unstructured pruning exploration,/home/afm176/yolo_project/3_pruning/pruning_plan_20260709_220413/l1_unstructured_combo_top6_amt_0p20/combo_10_6_13_amt_0p20/yolo26n_l1_combo_10_6_13_amt_0p20.pt,val,4.727443,2376981,90345,3.800830,0.501416,0.683281,0.005216,0.006774,0.274639,1.007633,0.077022,1.359293,735.676333,"10,6,13",0.2,mask-based unstructured pruning; sparse weights with unchanged architecture shape
l1_unstructured,"20,10,22,16",4,0.10,L1 unstructured pruning exploration,/home/afm176/yolo_project/3_pruning/pruning_plan_20260709_220413/l1_unstructured_combo_top6_amt_0p10/combo_20_10_22_16_amt_0p10/yolo26n_l1_combo_20_10_22_16_amt_0p10.pt,val,4.728259,2376981,88804,3.736000,0.506445,0.689860,0.000188,0.000195,0.254343,0.972076,0.050257,1.276676,783.284282,"20,10,22,16",0.1,mask-based unstructured pruning; sparse weights with unchanged architecture shape
l1_unstructured,"10,13,22,16",4,0.10,L1 unstructured pruning exploration,/home/afm176/yolo_project/3_pruning/pruning_plan_20260709_220413/l1_unstructured_combo_top6_amt_0p10/combo_10_13_22_16_amt_0p10/yolo26n_l1_combo_10_13_22_16_amt_0p10.pt,val,4.728259,2376981,85939,3.615469,0.507168,0.689651,-0.000535,0.000404,0.292584,0.982806,0.075741,1.351131,740.120562,"10,13,22,16",0.1,mask-based unstructured pruning; sparse weights with unchanged architecture shape
l1_unstructured,"20,10,16",3,0.20,L1 unstructured pruning exploration,/home/afm176/yolo_project/3_pruning/pruning_plan_20260709_220413/l1_unstructured_combo_top6_amt_0p20/combo_20_10_16_amt_0p20/yolo26n_l1_combo_20_10_16_amt_0p20.pt,val,4.727586,2376981,85636,3.602721,0.506124,0.688901,0.000508,0.001154,0.262958,0.992566,0.063276,1.318801,758.264736,"20,10,16",0.2,mask-based unstructured pruning; sparse weights with unchanged architecture shape
l1_unstructured,"20,10,22",3,0.10,L1 unstructured pruning exploration,/home/afm176/yolo_project/3_pruning/pruning_plan_20260709_220413/l1_unstructured_combo_top6_amt_0p10/combo_20_10_22_amt_0p10/yolo26n_l1_combo_20_10_22_amt_0p10.pt,val,4.727586,2376981,85428,3.593971,0.506132,0.689120,0.000500,0.000935,0.283583,0.983749,0.047042,1.314375,760.818079,"20,10,22",0.1,mask-based unstructured pruning; sparse weights with unchanged architecture shape
l1_unstructured,"20,6,13,22,16",5,0.10,L1 unstructured pruning exploration,/home/afm176/yolo_project/3_pruning/pruning_plan_20260709_220413/l1_unstructured_combo_top6_amt_0p10/combo_20_6_13_22_16_amt_0p10/yolo26n_l1_combo_20_6_13_22_16_amt_0p10.pt,val,4.729522,2376981,84597,3.559010,0.506194,0.689231,0.000439,0.000824,0.327106,1.043063,0.069877,1.440046,694.422478,"20,6,13,22,16",0.1,mask-based unstructured pruning; sparse weights with unchanged architecture shape
l1_unstructured,"10,6,22,16",4,0.10,L1 unstructured pruning exploration,/home/afm176/yolo_project/3_pruning/pruning_plan_20260709_220413/l1_unstructured_combo_top6_amt_0p10/combo_10_6_22_16_amt_0p10/yolo26n_l1_combo_10_6_22_16_amt_0p10.pt,val,4.728055,2376981,82662,3.477605,0.506274,0.689816,0.000359,0.000240,0.277912,0.996933,0.075191,1.350037,740.720359,"10,6,22,16",0.1,mask-based unstructured pruning; sparse weights with unchanged architecture shape
l1_unstructured,"10,13,22",3,0.10,L1 unstructured pruning exploration,/home/afm176/yolo_project/3_pruning/pruning_plan_20260709_220413/l1_unstructured_combo_top6_amt_0p10/combo_10_13_22_amt_0p10/yolo26n_l1_combo_10_13_22_amt_0p10.pt,val,4.727647,2376981,82563,3.473440,0.505514,0.687961,0.001119,0.002095,0.267333,1.009279,0.073424,1.350035,740.721521,"10,13,22",0.1,mask-based unstructured pruning; sparse weights with unchanged architecture shape
l1_unstructured,"20,6,13,22",4,0.10,L1 unstructured pruning exploration,/home/afm176/yolo_project/3_pruning/pruning_plan_20260709_220413/l1_unstructured_combo_top6_amt_0p10/combo_20_6_13_22_amt_0p10/yolo26n_l1_combo_20_6_13_22_amt_0p10.pt,val,4.728055,2376981,81221,3.416981,0.506600,0.688663,0.000032,0.001392,0.254675,0.982010,0.073364,1.310050,763.329784,"20,6,13,22",0.1,mask-based unstructured pruning; sparse weights with unchanged architecture shape
l1_unstructured,"10,13,16",3,0.20,L1 unstructured pruning exploration,/home/afm176/yolo_project/3_pruning/pruning_plan_20260709_220413/l1_unstructured_combo_top6_amt_0p20/combo_10_13_16_amt_0p20/yolo26n_l1_combo_10_13_16_amt_0p20.pt,val,4.727647,2376981,79901,3.361449,0.503968,0.686342,0.002665,0.003713,0.291610,0.997440,0.075440,1.364490,732.874711,"10,13,16",0.2,mask-based unstructured pruning; sparse weights with unchanged architecture shape
l1_unstructured,"10,6,22",3,0.10,L1 unstructured pruning exploration,/home/afm176/yolo_project/3_pruning/pruning_plan_20260709_220413/l1_unstructured_combo_top6_amt_0p10/combo_10_6_22_amt_0p10/yolo26n_l1_combo_10_6_22_amt_0p10.pt,val,4.727443,2376981,79286,3.335576,0.505695,0.688163,0.000938,0.001892,0.265443,0.973400,0.058936,1.297779,770.547107,"10,6,22",0.1,mask-based unstructured pruning; sparse weights with unchanged architecture shape
l1_unstructured,"20,10",2,0.20,L1 unstructured pruning exploration,/home/afm176/yolo_project/3_pruning/pruning_plan_20260709_220413/l1_unstructured_combo_top6_amt_0p20/combo_20_10_amt_0p20/yolo26n_l1_combo_20_10_amt_0p20.pt,val,4.726974,2376981,78877,3.318369,0.507197,0.689075,-0.000565,0.000980,0.266334,0.970959,0.051048,1.288342,776.191518,"20,10",0.2,mask-based unstructured pruning; sparse weights with unchanged architecture shape
l1_unstructured,"20,6,13,16",4,0.20,L1 unstructured pruning exploration,/home/afm176/yolo_project/3_pruning/pruning_plan_20260709_220413/l1_unstructured_combo_top6_amt_0p20/combo_20_6_13_16_amt_0p20/yolo26n_l1_combo_20_6_13_16_amt_0p20.pt,val,4.728055,2376981,77212,3.248322,0.502603,0.685064,0.004029,0.004991,0.263432,0.994743,0.082360,1.340535,745.970710,"20,6,13,16",0.2,mask-based unstructured pruning; sparse weights with unchanged architecture shape
l1_unstructured,"20,13,22,16",4,0.10,L1 unstructured pruning exploration,/home/afm176/yolo_project/3_pruning/pruning_plan_20260709_220413/l1_unstructured_combo_top6_amt_0p10/combo_20_13_22_16_amt_0p10/yolo26n_l1_combo_20_13_22_16_amt_0p10.pt,val,4.728259,2376981,75993,3.197039,0.507114,0.689593,-0.000482,0.000463,0.272719,0.980090,0.040849,1.293658,773.002006,"20,13,22,16",0.1,mask-based unstructured pruning; sparse weights with unchanged architecture shape
l1_unstructured,"10,22,16",3,0.10,L1 unstructured pruning exploration,/home/afm176/yolo_project/3_pruning/pruning_plan_20260709_220413/l1_unstructured_combo_top6_amt_0p10/combo_10_22_16_amt_0p10/yolo26n_l1_combo_10_22_16_amt_0p10.pt,val,4.727647,2376981,74058,3.115633,0.506223,0.689767,0.000409,0.000288,0.253038,0.990244,0.064865,1.308146,764.440539,"10,22,16",0.1,mask-based unstructured pruning; sparse weights with unchanged architecture shape
l1_unstructured,"10,6,16",3,0.20,L1 unstructured pruning exploration,/home/afm176/yolo_project/3_pruning/pruning_plan_20260709_220413/l1_unstructured_combo_top6_amt_0p20/combo_10_6_16_amt_0p20/yolo26n_l1_combo_10_6_16_amt_0p20.pt,val,4.727443,2376981,73348,3.085763,0.504835,0.685264,0.001798,0.004791,0.284079,0.985904,0.071839,1.341822,745.255412,"10,6,16",0.2,mask-based unstructured pruning; sparse weights with unchanged architecture shape
l1_unstructured,"10,13",2,0.20,L1 unstructured pruning exploration,/home/afm176/yolo_project/3_pruning/pruning_plan_20260709_220413/l1_unstructured_combo_top6_amt_0p20/combo_10_13_amt_0p20/yolo26n_l1_combo_10_13_amt_0p20.pt,val,4.726974,2376981,73142,3.077097,0.504068,0.687639,0.002564,0.002417,0.286290,0.988512,0.073949,1.348751,741.426883,"10,13",0.2,mask-based unstructured pruning; sparse weights with unchanged architecture shape
l1_unstructured,"20,6,22,16",4,0.10,L1 unstructured pruning exploration,/home/afm176/yolo_project/3_pruning/pruning_plan_20260709_220413/l1_unstructured_combo_top6_amt_0p10/combo_20_6_22_16_amt_0p10/yolo26n_l1_combo_20_6_22_16_amt_0p10.pt,val,4.728055,2376981,72716,3.059175,0.506178,0.690085,0.000454,-0.000030,0.269115,0.972400,0.043017,1.284532,778.493849,"20,6,22,16",0.1,mask-based unstructured pruning; sparse weights with unchanged architecture shape
l1_unstructured,"20,13,22",3,0.10,L1 unstructured pruning exploration,/home/afm176/yolo_project/3_pruning/pruning_plan_20260709_220413/l1_unstructured_combo_top6_amt_0p10/combo_20_13_22_amt_0p10/yolo26n_l1_combo_20_13_22_amt_0p10.pt,val,4.727586,2376981,72617,3.055010,0.506884,0.689420,-0.000251,0.000635,0.262511,0.982679,0.081583,1.326774,753.708019,"20,13,22",0.1,mask-based unstructured pruning; sparse weights with unchanged architecture shape
l1_unstructured,"10,22",2,0.10,L1 unstructured pruning exploration,/home/afm176/yolo_project/3_pruning/pruning_plan_20260709_220413/l1_unstructured_combo_top6_amt_0p10/combo_10_22_amt_0p10/yolo26n_l1_combo_10_22_amt_0p10.pt,val,4.726974,2376981,70682,2.973604,0.506204,0.689285,0.000428,0.000770,0.261023,0.993150,0.102725,1.356899,736.974695,"10,22",0.1,mask-based unstructured pruning; sparse weights with unchanged architecture shape
l1_unstructured,"20,6,13",3,0.20,L1 unstructured pruning exploration,/home/afm176/yolo_project/3_pruning/pruning_plan_20260709_220413/l1_unstructured_combo_top6_amt_0p20/combo_20_6_13_amt_0p20/yolo26n_l1_combo_20_6_13_amt_0p20.pt,val,4.727382,2376981,70453,2.963970,0.503453,0.687777,0.003180,0.002278,0.253746,0.997473,0.090698,1.341917,745.202317,"20,6,13",0.2,mask-based unstructured pruning; sparse weights with unchanged architecture shape
l1_unstructured,"6,13,22,16",4,0.10,L1 unstructured pruning exploration,/home/afm176/yolo_project/3_pruning/pruning_plan_20260709_220413/l1_unstructured_combo_top6_amt_0p10/combo_6_13_22_16_amt_0p10/yolo26n_l1_combo_6_13_22_16_amt_0p10.pt,val,4.728055,2376981,69851,2.938644,0.506209,0.689252,0.000423,0.000803,0.253785,1.000199,0.065736,1.319721,757.735758,"6,13,22,16",0.1,mask-based unstructured pruning; sparse weights with unchanged architecture shape
l1_unstructured,"20,6,22",3,0.10,L1 unstructured pruning exploration,/home/afm176/yolo_project/3_pruning/pruning_plan_20260709_220413/l1_unstructured_combo_top6_amt_0p10/combo_20_6_22_amt_0p10/yolo26n_l1_combo_20_6_22_amt_0p10.pt,val,4.727382,2376981,69340,2.917146,0.505757,0.687904,0.000875,0.002151,0.250505,0.971221,0.043086,1.264813,790.630943,"20,6,22",0.1,mask-based unstructured pruning; sparse weights with unchanged architecture shape
l1_unstructured,"10,6",2,0.20,L1 unstructured pruning exploration,/home/afm176/yolo_project/3_pruning/pruning_plan_20260709_220413/l1_unstructured_combo_top6_amt_0p20/combo_10_6_amt_0p20/yolo26n_l1_combo_10_6_amt_0p20.pt,val,4.726769,2376981,66589,2.801411,0.505414,0.686830,0.001218,0.003225,0.278516,0.999795,0.076256,1.354566,738.243699,"10,6",0.2,mask-based unstructured pruning; sparse weights with unchanged architecture shape
l1_unstructured,"6,13,22",3,0.10,L1 unstructured pruning exploration,/home/afm176/yolo_project/3_pruning/pruning_plan_20260709_220413/l1_unstructured_combo_top6_amt_0p10/combo_6_13_22_amt_0p10/yolo26n_l1_combo_6_13_22_amt_0p10.pt,val,4.727443,2376981,66475,2.796615,0.506462,0.688556,0.000170,0.001500,0.284362,0.972984,0.045514,1.302860,767.542201,"6,13,22",0.1,mask-based unstructured pruning; sparse weights with unchanged architecture shape
l1_unstructured,"20,22,16",3,0.10,L1 unstructured pruning exploration,/home/afm176/yolo_project/3_pruning/pruning_plan_20260709_220413/l1_unstructured_combo_top6_amt_0p10/combo_20_22_16_amt_0p10/yolo26n_l1_combo_20_22_16_amt_0p10.pt,val,4.727586,2376981,64112,2.697203,0.506307,0.690711,0.000325,-0.000656,0.272469,0.992613,0.078888,1.343970,744.064313,"20,22,16",0.1,mask-based unstructured pruning; sparse weights with unchanged architecture shape
l1_unstructured,"20,10,6,13,16",5,0.10,L1 unstructured pruning exploration,/home/afm176/yolo_project/3_pruning/pruning_plan_20260709_220413/l1_unstructured_combo_top6_amt_0p10/combo_20_10_6_13_16_amt_0p10/yolo26n_l1_combo_20_10_6_13_16_amt_0p10.pt,val,4.729522,2376981,63302,2.663126,0.505981,0.689467,0.000651,0.000588,0.265891,0.972538,0.050825,1.289254,775.642487,"20,10,6,13,16",0.1,mask-based unstructured pruning; sparse weights with unchanged architecture shape
l1_unstructured,"13,22,16",3,0.10,L1 unstructured pruning exploration,/home/afm176/yolo_project/3_pruning/pruning_plan_20260709_220413/l1_unstructured_combo_top6_amt_0p10/combo_13_22_16_amt_0p10/yolo26n_l1_combo_13_22_16_amt_0p10.pt,val,4.727647,2376981,61247,2.576672,0.507006,0.689574,-0.000374,0.000482,0.270711,0.984941,0.071986,1.327638,753.217150,"13,22,16",0.1,mask-based unstructured pruning; sparse weights with unchanged architecture shape
l1_unstructured,"20,22",2,0.10,L1 unstructured pruning exploration,/home/afm176/yolo_project/3_pruning/pruning_plan_20260709_220413/l1_unstructured_combo_top6_amt_0p10/combo_20_22_amt_0p10/yolo26n_l1_combo_20_22_amt_0p10.pt,val,4.726974,2376981,60736,2.555174,0.506236,0.689170,0.000396,0.000886,0.244924,0.980806,0.051618,1.277347,782.872626,"20,22",0.1,mask-based unstructured pruning; sparse weights with unchanged architecture shape
l1_unstructured,"20,13,16",3,0.20,L1 unstructured pruning exploration,/home/afm176/yolo_project/3_pruning/pruning_plan_20260709_220413/l1_unstructured_combo_top6_amt_0p20/combo_20_13_16_amt_0p20/yolo26n_l1_combo_20_13_16_amt_0p20.pt,val,4.727586,2376981,60009,2.524589,0.503695,0.687016,0.002938,0.003040,0.244330,0.971990,0.039433,1.255753,796.335155,"20,13,16",0.2,mask-based unstructured pruning; sparse weights with unchanged architecture shape
l1_unstructured,"20,10,6,13",4,0.10,L1 unstructured pruning exploration,/home/afm176/yolo_project/3_pruning/pruning_plan_20260709_220413/l1_unstructured_combo_top6_amt_0p10/combo_20_10_6_13_amt_0p10/yolo26n_l1_combo_20_10_6_13_amt_0p10.pt,val,4.728055,2376981,59926,2.521097,0.505525,0.687618,0.001107,0.002437,0.283232,0.985587,0.067749,1.336568,748.185103,"20,10,6,13",0.1,mask-based unstructured pruning; sparse weights with unchanged architecture shape
l1_unstructured,"6,22,16",3,0.10,L1 unstructured pruning exploration,/home/afm176/yolo_project/3_pruning/pruning_plan_20260709_220413/l1_unstructured_combo_top6_amt_0p10/combo_6_22_16_amt_0p10/yolo26n_l1_combo_6_22_16_amt_0p10.pt,val,4.727443,2376981,57970,2.438808,0.506262,0.690258,0.000370,-0.000203,0.252402,0.981693,0.064992,1.299088,769.770886,"6,22,16",0.1,mask-based unstructured pruning; sparse weights with unchanged architecture shape
l1_unstructured,"13,22",2,0.10,L1 unstructured pruning exploration,/home/afm176/yolo_project/3_pruning/pruning_plan_20260709_220413/l1_unstructured_combo_top6_amt_0p10/combo_13_22_amt_0p10/yolo26n_l1_combo_13_22_amt_0p10.pt,val,4.726974,2376981,57871,2.434643,0.506792,0.689386,-0.000160,0.000669,0.274213,0.973691,0.049068,1.296972,771.026758,"13,22",0.1,mask-based unstructured pruning; sparse weights with unchanged architecture shape
l1_unstructured,"10,16",2,0.20,L1 unstructured pruning exploration,/home/afm176/yolo_project/3_pruning/pruning_plan_20260709_220413/l1_unstructured_combo_top6_amt_0p20/combo_10_16_amt_0p20/yolo26n_l1_combo_10_16_amt_0p20.pt,val,4.726974,2376981,56145,2.362030,0.505617,0.688263,0.001015,0.001792,0.286965,0.983072,0.073210,1.343248,744.464247,"10,16",0.2,mask-based unstructured pruning; sparse weights with unchanged architecture shape
l1_unstructured,"20,10,13,16",4,0.10,L1 unstructured pruning exploration,/home/afm176/yolo_project/3_pruning/pruning_plan_20260709_220413/l1_unstructured_combo_top6_amt_0p10/combo_20_10_13_16_amt_0p10/yolo26n_l1_combo_20_10_13_16_amt_0p10.pt,val,4.728259,2376981,54698,2.301154,0.507053,0.689793,-0.000420,0.000263,0.254206,0.992217,0.100748,1.347171,742.295999,"20,10,13,16",0.1,mask-based unstructured pruning; sparse weights with unchanged architecture shape
l1_unstructured,"6,22",2,0.10,L1 unstructured pruning exploration,/home/afm176/yolo_project/3_pruning/pruning_plan_20260709_220413/l1_unstructured_combo_top6_amt_0p10/combo_6_22_amt_0p10/yolo26n_l1_combo_6_22_amt_0p10.pt,val,4.726769,2376981,54594,2.296779,0.505943,0.688124,0.000689,0.001931,0.310005,0.985558,0.066103,1.361666,734.394399,"6,22",0.1,mask-based unstructured pruning; sparse weights with unchanged architecture shape
l1_unstructured,"20,6,16",3,0.20,L1 unstructured pruning exploration,/home/afm176/yolo_project/3_pruning/pruning_plan_20260709_220413/l1_unstructured_combo_top6_amt_0p20/combo_20_6_16_amt_0p20/yolo26n_l1_combo_20_6_16_amt_0p20.pt,val,4.727382,2376981,53456,2.248903,0.505440,0.688448,0.001192,0.001607,0.256287,0.983172,0.069916,1.309375,763.723392,"20,6,16",0.2,mask-based unstructured pruning; sparse weights with unchanged architecture shape
l1_unstructured,"20,13",2,0.20,L1 unstructured pruning exploration,/home/afm176/yolo_project/3_pruning/pruning_plan_20260709_220413/l1_unstructured_combo_top6_amt_0p20/combo_20_13_amt_0p20/yolo26n_l1_combo_20_13_amt_0p20.pt,val,4.726974,2376981,53250,2.240237,0.504524,0.687684,0.002108,0.002371,0.300678,0.999610,0.070718,1.371006,729.391286,"20,13",0.2,mask-based unstructured pruning; sparse weights with unchanged architecture shape
l1_unstructured,"20,10,6,16",4,0.10,L1 unstructured pruning exploration,/home/afm176/yolo_project/3_pruning/pruning_plan_20260709_220413/l1_unstructured_combo_top6_amt_0p10/combo_20_10_6_16_amt_0p10/yolo26n_l1_combo_20_10_6_16_amt_0p10.pt,val,4.728055,2376981,51421,2.163290,0.506262,0.690268,0.000370,-0.000212,0.257615,0.987086,0.063762,1.308464,764.255036,"20,10,6,16",0.1,mask-based unstructured pruning; sparse weights with unchanged architecture shape
l1_unstructured,"20,10,13",3,0.10,L1 unstructured pruning exploration,/home/afm176/yolo_project/3_pruning/pruning_plan_20260709_220413/l1_unstructured_combo_top6_amt_0p10/combo_20_10_13_amt_0p10/yolo26n_l1_combo_20_10_13_amt_0p10.pt,val,4.727586,2376981,51322,2.159125,0.505427,0.688076,0.001206,0.001979,0.259780,1.003196,0.091128,1.354104,738.495515,"20,10,13",0.1,mask-based unstructured pruning; sparse weights with unchanged architecture shape
l1_unstructured,10,1,0.20,L1 unstructured pruning exploration,/home/afm176/yolo_project/3_pruning/pruning_plan_20260709_220413/l1_unstructured_combo_top6_amt_0p20/combo_10_amt_0p20/yolo26n_l1_combo_10_amt_0p20.pt,val,4.726361,2376981,49386,2.077678,0.507033,0.688809,-0.000401,0.001246,0.292206,0.986533,0.049411,1.328150,752.927110,10,0.2,mask-based unstructured pruning; sparse weights with unchanged architecture shape
l1_unstructured,"22,16",2,0.10,L1 unstructured pruning exploration,/home/afm176/yolo_project/3_pruning/pruning_plan_20260709_220413/l1_unstructured_combo_top6_amt_0p10/combo_22_16_amt_0p10/yolo26n_l1_combo_22_16_amt_0p10.pt,val,4.726974,2376981,49366,2.076836,0.506522,0.690735,0.000110,-0.000680,0.256682,0.992639,0.075631,1.324951,754.744744,"22,16",0.1,mask-based unstructured pruning; sparse weights with unchanged architecture shape
l1_unstructured,"10,6,13,16",4,0.10,L1 unstructured pruning exploration,/home/afm176/yolo_project/3_pruning/pruning_plan_20260709_220413/l1_unstructured_combo_top6_amt_0p10/combo_10_6_13_16_amt_0p10/yolo26n_l1_combo_10_6_13_16_amt_0p10.pt,val,4.728055,2376981,48556,2.042759,0.505976,0.689461,0.000657,0.000594,0.304990,0.973414,0.071555,1.349959,740.763212,"10,6,13,16",0.1,mask-based unstructured pruning; sparse weights with unchanged architecture shape
l1_unstructured,"20,10,6",3,0.10,L1 unstructured pruning exploration,/home/afm176/yolo_project/3_pruning/pruning_plan_20260709_220413/l1_unstructured_combo_top6_amt_0p10/combo_20_10_6_amt_0p10/yolo26n_l1_combo_20_10_6_amt_0p10.pt,val,4.727382,2376981,48045,2.021261,0.505901,0.688326,0.000731,0.001729,0.287296,0.987086,0.044773,1.319154,758.061321,"20,10,6",0.1,mask-based unstructured pruning; sparse weights with unchanged architecture shape
l1_unstructured,"6,13,16",3,0.20,L1 unstructured pruning exploration,/home/afm176/yolo_project/3_pruning/pruning_plan_20260709_220413/l1_unstructured_combo_top6_amt_0p20/combo_6_13_16_amt_0p20/yolo26n_l1_combo_6_13_16_amt_0p20.pt,val,4.727443,2376981,47721,2.007631,0.502544,0.685086,0.004088,0.004969,0.250752,0.983783,0.063903,1.298438,770.155926,"6,13,16",0.2,mask-based unstructured pruning; sparse weights with unchanged architecture shape
l1_unstructured,"20,6",2,0.20,L1 unstructured pruning exploration,/home/afm176/yolo_project/3_pruning/pruning_plan_20260709_220413/l1_unstructured_combo_top6_amt_0p20/combo_20_6_amt_0p20/yolo26n_l1_combo_20_6_amt_0p20.pt,val,4.726769,2376981,46697,1.964551,0.505658,0.687992,0.000974,0.002063,0.258823,0.985742,0.054524,1.299090,769.769727,"20,6",0.2,mask-based unstructured pruning; sparse weights with unchanged architecture shape
l1_unstructured,22,1,0.10,L1 unstructured pruning exploration,/home/afm176/yolo_project/3_pruning/pruning_plan_20260709_220413/l1_unstructured_combo_top6_amt_0p10/combo_22_amt_0p10/yolo26n_l1_combo_22_amt_0p10.pt,val,4.726361,2376981,45990,1.934807,0.506280,0.689161,0.000353,0.000894,0.260743,0.972199,0.049970,1.282912,779.476669,22,0.1,mask-based unstructured pruning; sparse weights with unchanged architecture shape
l1_unstructured,"10,6,13",3,0.10,L1 unstructured pruning exploration,/home/afm176/yolo_project/3_pruning/pruning_plan_20260709_220413/l1_unstructured_combo_top6_amt_0p10/combo_10_6_13_amt_0p10/yolo26n_l1_combo_10_6_13_amt_0p10.pt,val,4.727443,2376981,45180,1.900730,0.505668,0.687634,0.000964,0.002421,0.266963,0.972034,0.039375,1.278372,782.244731,"10,6,13",0.1,mask-based unstructured pruning; sparse weights with unchanged architecture shape
l1_unstructured,"20,10,16",3,0.10,L1 unstructured pruning exploration,/home/afm176/yolo_project/3_pruning/pruning_plan_20260709_220413/l1_unstructured_combo_top6_amt_0p10/combo_20_10_16_amt_0p10/yolo26n_l1_combo_20_10_16_amt_0p10.pt,val,4.727586,2376981,42817,1.801319,0.506454,0.690062,0.000178,-0.000007,0.253051,0.980640,0.068723,1.302414,767.805134,"20,10,16",0.1,mask-based unstructured pruning; sparse weights with unchanged architecture shape
l1_unstructured,"6,13",2,0.20,L1 unstructured pruning exploration,/home/afm176/yolo_project/3_pruning/pruning_plan_20260709_220413/l1_unstructured_combo_top6_amt_0p20/combo_6_13_amt_0p20/yolo26n_l1_combo_6_13_amt_0p20.pt,val,4.726769,2376981,40962,1.723278,0.503348,0.687589,0.003284,0.002466,0.258076,0.985849,0.067994,1.311919,762.242253,"6,13",0.2,mask-based unstructured pruning; sparse weights with unchanged architecture shape
l1_unstructured,"10,13,16",3,0.10,L1 unstructured pruning exploration,/home/afm176/yolo_project/3_pruning/pruning_plan_20260709_220413/l1_unstructured_combo_top6_amt_0p10/combo_10_13_16_amt_0p10/yolo26n_l1_combo_10_13_16_amt_0p10.pt,val,4.727647,2376981,39952,1.680788,0.507099,0.689896,-0.000467,0.000159,0.245935,0.972507,0.043012,1.261454,792.736132,"10,13,16",0.1,mask-based unstructured pruning; sparse weights with unchanged architecture shape
l1_unstructured,"20,10",2,0.10,L1 unstructured pruning exploration,/home/afm176/yolo_project/3_pruning/pruning_plan_20260709_220413/l1_unstructured_combo_top6_amt_0p10/combo_20_10_amt_0p10/yolo26n_l1_combo_20_10_amt_0p10.pt,val,4.726974,2376981,39441,1.659290,0.506089,0.689341,0.000543,0.000714,0.269463,0.973086,0.050031,1.292580,773.646372,"20,10",0.1,mask-based unstructured pruning; sparse weights with unchanged architecture shape
l1_unstructured,"20,6,13,16",4,0.10,L1 unstructured pruning exploration,/home/afm176/yolo_project/3_pruning/pruning_plan_20260709_220413/l1_unstructured_combo_top6_amt_0p10/combo_20_6_13_16_amt_0p10/yolo26n_l1_combo_20_6_13_16_amt_0p10.pt,val,4.728055,2376981,38610,1.624329,0.506156,0.689307,0.000476,0.000748,0.296838,0.988002,0.070334,1.355174,737.912392,"20,6,13,16",0.1,mask-based unstructured pruning; sparse weights with unchanged architecture shape
l1_unstructured,"10,6,16",3,0.10,L1 unstructured pruning exploration,/home/afm176/yolo_project/3_pruning/pruning_plan_20260709_220413/l1_unstructured_combo_top6_amt_0p10/combo_10_6_16_amt_0p10/yolo26n_l1_combo_10_6_16_amt_0p10.pt,val,4.727443,2376981,36675,1.542924,0.506154,0.690186,0.000478,-0.000131,0.292727,0.999498,0.077513,1.369737,730.067144,"10,6,16",0.1,mask-based unstructured pruning; sparse weights with unchanged architecture shape
l1_unstructured,"10,13",2,0.10,L1 unstructured pruning exploration,/home/afm176/yolo_project/3_pruning/pruning_plan_20260709_220413/l1_unstructured_combo_top6_amt_0p10/combo_10_13_amt_0p10/yolo26n_l1_combo_10_13_amt_0p10.pt,val,4.726974,2376981,36576,1.538759,0.505453,0.688158,0.001180,0.001897,0.250400,1.000979,0.070546,1.321925,756.472419,"10,13",0.1,mask-based unstructured pruning; sparse weights with unchanged architecture shape
l1_unstructured,"20,16",2,0.20,L1 unstructured pruning exploration,/home/afm176/yolo_project/3_pruning/pruning_plan_20260709_220413/l1_unstructured_combo_top6_amt_0p20/combo_20_16_amt_0p20/yolo26n_l1_combo_20_16_amt_0p20.pt,val,4.726974,2376981,36253,1.525170,0.507519,0.689112,-0.000886,0.000943,0.267916,0.972400,0.043862,1.284179,778.707822,"20,16",0.2,mask-based unstructured pruning; sparse weights with unchanged architecture shape
l1_unstructured,"20,6,13",3,0.10,L1 unstructured pruning exploration,/home/afm176/yolo_project/3_pruning/pruning_plan_20260709_220413/l1_unstructured_combo_top6_amt_0p10/combo_20_6_13_amt_0p10/yolo26n_l1_combo_20_6_13_amt_0p10.pt,val,4.727382,2376981,35234,1.482300,0.506509,0.688690,0.000123,0.001365,0.257518,0.996581,0.066886,1.320985,757.010646,"20,6,13",0.1,mask-based unstructured pruning; sparse weights with unchanged architecture shape
l1_unstructured,"10,6",2,0.10,L1 unstructured pruning exploration,/home/afm176/yolo_project/3_pruning/pruning_plan_20260709_220413/l1_unstructured_combo_top6_amt_0p10/combo_10_6_amt_0p10/yolo26n_l1_combo_10_6_amt_0p10.pt,val,4.726769,2376981,33299,1.400895,0.505808,0.688114,0.000824,0.001942,0.276801,1.000720,0.070497,1.348018,741.830036,"10,6",0.1,mask-based unstructured pruning; sparse weights with unchanged architecture shape
l1_unstructured,"13,16",2,0.20,L1 unstructured pruning exploration,/home/afm176/yolo_project/3_pruning/pruning_plan_20260709_220413/l1_unstructured_combo_top6_amt_0p20/combo_13_16_amt_0p20/yolo26n_l1_combo_13_16_amt_0p20.pt,val,4.726974,2376981,30518,1.283898,0.503653,0.686884,0.002979,0.003171,0.251348,0.985179,0.071999,1.308526,764.218420,"13,16",0.2,mask-based unstructured pruning; sparse weights with unchanged architecture shape
l1_unstructured,"20,13,16",3,0.10,L1 unstructured pruning exploration,/home/afm176/yolo_project/3_pruning/pruning_plan_20260709_220413/l1_unstructured_combo_top6_amt_0p10/combo_20_13_16_amt_0p10/yolo26n_l1_combo_20_13_16_amt_0p10.pt,val,4.727586,2376981,30006,1.262358,0.507146,0.689605,-0.000514,0.000450,0.256679,0.986070,0.078410,1.321159,756.911409,"20,13,16",0.1,mask-based unstructured pruning; sparse weights with unchanged architecture shape
l1_unstructured,20,1,0.20,L1 unstructured pruning exploration,/home/afm176/yolo_project/3_pruning/pruning_plan_20260709_220413/l1_unstructured_combo_top6_amt_0p20/combo_20_amt_0p20/yolo26n_l1_combo_20_amt_0p20.pt,val,4.726361,2376981,29494,1.240818,0.506573,0.689777,0.000059,0.000278,0.283326,0.986667,0.064918,1.334911,749.113501,20,0.2,mask-based unstructured pruning; sparse weights with unchanged architecture shape
l1_unstructured,"10,16",2,0.10,L1 unstructured pruning exploration,/home/afm176/yolo_project/3_pruning/pruning_plan_20260709_220413/l1_unstructured_combo_top6_amt_0p10/combo_10_16_amt_0p10/yolo26n_l1_combo_10_16_amt_0p10.pt,val,4.726974,2376981,28071,1.180952,0.506387,0.690086,0.000245,-0.000031,0.273106,0.984601,0.100382,1.358089,736.328918,"10,16",0.1,mask-based unstructured pruning; sparse weights with unchanged architecture shape
l1_unstructured,"20,6,16",3,0.10,L1 unstructured pruning exploration,/home/afm176/yolo_project/3_pruning/pruning_plan_20260709_220413/l1_unstructured_combo_top6_amt_0p10/combo_20_6_16_amt_0p10/yolo26n_l1_combo_20_6_16_amt_0p10.pt,val,4.727382,2376981,26729,1.124494,0.506004,0.690287,0.000628,-0.000232,0.262047,0.972355,0.049947,1.284348,778.605046,"20,6,16",0.1,mask-based unstructured pruning; sparse weights with unchanged architecture shape
l1_unstructured,"20,13",2,0.10,L1 unstructured pruning exploration,/home/afm176/yolo_project/3_pruning/pruning_plan_20260709_220413/l1_unstructured_combo_top6_amt_0p10/combo_20_13_amt_0p10/yolo26n_l1_combo_20_13_amt_0p10.pt,val,4.726974,2376981,26630,1.120329,0.506982,0.689594,-0.000350,0.000461,0.298112,0.972363,0.045426,1.315901,759.935804,"20,13",0.1,mask-based unstructured pruning; sparse weights with unchanged architecture shape
l1_unstructured,10,1,0.10,L1 unstructured pruning exploration,/home/afm176/yolo_project/3_pruning/pruning_plan_20260709_220413/l1_unstructured_combo_top6_amt_0p10/combo_10_amt_0p10/yolo26n_l1_combo_10_amt_0p10.pt,val,4.726361,2376981,24695,1.038923,0.505913,0.689404,0.000719,0.000652,0.242349,0.987739,0.042677,1.272766,785.690585,10,0.1,mask-based unstructured pruning; sparse weights with unchanged architecture shape
l1_unstructured,"6,16",2,0.20,L1 unstructured pruning exploration,/home/afm176/yolo_project/3_pruning/pruning_plan_20260709_220413/l1_unstructured_combo_top6_amt_0p20/combo_6_16_amt_0p20/yolo26n_l1_combo_6_16_amt_0p20.pt,val,4.726769,2376981,23965,1.008212,0.505218,0.688310,0.001414,0.001745,0.306346,0.998964,0.081146,1.386456,721.263635,"6,16",0.2,mask-based unstructured pruning; sparse weights with unchanged architecture shape
l1_unstructured,"6,13,16",3,0.10,L1 unstructured pruning exploration,/home/afm176/yolo_project/3_pruning/pruning_plan_20260709_220413/l1_unstructured_combo_top6_amt_0p10/combo_6_13_16_amt_0p10/yolo26n_l1_combo_6_13_16_amt_0p10.pt,val,4.727443,2376981,23864,1.003963,0.506183,0.689392,0.000449,0.000664,0.302138,0.999790,0.076225,1.378153,725.608609,"6,13,16",0.1,mask-based unstructured pruning; sparse weights with unchanged architecture shape
l1_unstructured,13,1,0.20,L1 unstructured pruning exploration,/home/afm176/yolo_project/3_pruning/pruning_plan_20260709_220413/l1_unstructured_combo_top6_amt_0p20/combo_13_amt_0p20/yolo26n_l1_combo_13_amt_0p20.pt,val,4.726361,2376981,23759,0.999545,0.504470,0.687800,0.002163,0.002255,0.245917,0.971617,0.042813,1.260348,793.431720,13,0.2,mask-based unstructured pruning; sparse weights with unchanged architecture shape
l1_unstructured,"20,6",2,0.10,L1 unstructured pruning exploration,/home/afm176/yolo_project/3_pruning/pruning_plan_20260709_220413/l1_unstructured_combo_top6_amt_0p10/combo_20_6_amt_0p10/yolo26n_l1_combo_20_6_amt_0p10.pt,val,4.726769,2376981,23353,0.982465,0.505803,0.688123,0.000830,0.001932,0.262497,0.983177,0.073047,1.318721,758.310642,"20,6",0.1,mask-based unstructured pruning; sparse weights with unchanged architecture shape
l1_unstructured,"6,13",2,0.10,L1 unstructured pruning exploration,/home/afm176/yolo_project/3_pruning/pruning_plan_20260709_220413/l1_unstructured_combo_top6_amt_0p10/combo_6_13_amt_0p10/yolo26n_l1_combo_6_13_amt_0p10.pt,val,4.726769,2376981,20488,0.861934,0.506448,0.688691,0.000184,0.001365,0.260510,0.985214,0.065073,1.310797,762.894628,"6,13",0.1,mask-based unstructured pruning; sparse weights with unchanged architecture shape
l1_unstructured,"20,16",2,0.10,L1 unstructured pruning exploration,/home/afm176/yolo_project/3_pruning/pruning_plan_20260709_220413/l1_unstructured_combo_top6_amt_0p10/combo_20_16_amt_0p10/yolo26n_l1_combo_20_16_amt_0p10.pt,val,4.726974,2376981,18125,0.762522,0.506495,0.690810,0.000138,-0.000755,0.287819,0.972028,0.056008,1.315855,759.962007,"20,16",0.1,mask-based unstructured pruning; sparse weights with unchanged architecture shape
l1_unstructured,6,1,0.20,L1 unstructured pruning exploration,/home/afm176/yolo_project/3_pruning/pruning_plan_20260709_220413/l1_unstructured_combo_top6_amt_0p20/combo_6_amt_0p20/yolo26n_l1_combo_6_amt_0p20.pt,val,4.726157,2376981,17206,0.723859,0.505580,0.688014,0.001053,0.002041,0.298043,0.985647,0.065801,1.349491,741.020348,6,0.2,mask-based unstructured pruning; sparse weights with unchanged architecture shape
l1_unstructured,"13,16",2,0.10,L1 unstructured pruning exploration,/home/afm176/yolo_project/3_pruning/pruning_plan_20260709_220413/l1_unstructured_combo_top6_amt_0p10/combo_13_16_amt_0p10/yolo26n_l1_combo_13_16_amt_0p10.pt,val,4.726974,2376981,15260,0.641991,0.507078,0.689641,-0.000445,0.000414,0.284789,0.989869,0.072762,1.347419,742.159511,"13,16",0.1,mask-based unstructured pruning; sparse weights with unchanged architecture shape
l1_unstructured,20,1,0.10,L1 unstructured pruning exploration,/home/afm176/yolo_project/3_pruning/pruning_plan_20260709_220413/l1_unstructured_combo_top6_amt_0p10/combo_20_amt_0p10/yolo26n_l1_combo_20_amt_0p10.pt,val,4.726361,2376981,14749,0.620493,0.506356,0.689553,0.000276,0.000502,0.251910,0.998064,0.090401,1.340376,746.059285,20,0.1,mask-based unstructured pruning; sparse weights with unchanged architecture shape
l1_unstructured,"6,16",2,0.10,L1 unstructured pruning exploration,/home/afm176/yolo_project/3_pruning/pruning_plan_20260709_220413/l1_unstructured_combo_top6_amt_0p10/combo_6_16_amt_0p10/yolo26n_l1_combo_6_16_amt_0p10.pt,val,4.726769,2376981,11983,0.504127,0.506079,0.690336,0.000553,-0.000281,0.249325,0.983940,0.067040,1.300305,769.050052,"6,16",0.1,mask-based unstructured pruning; sparse weights with unchanged architecture shape
l1_unstructured,13,1,0.10,L1 unstructured pruning exploration,/home/afm176/yolo_project/3_pruning/pruning_plan_20260709_220413/l1_unstructured_combo_top6_amt_0p10/combo_13_amt_0p10/yolo26n_l1_combo_13_amt_0p10.pt,val,4.726361,2376981,11884,0.499962,0.506914,0.689559,-0.000281,0.000496,0.244640,0.998439,0.070834,1.313914,761.085045,13,0.1,mask-based unstructured pruning; sparse weights with unchanged architecture shape
l1_unstructured,6,1,0.10,L1 unstructured pruning exploration,/home/afm176/yolo_project/3_pruning/pruning_plan_20260709_220413/l1_unstructured_combo_top6_amt_0p10/combo_6_amt_0p10/yolo26n_l1_combo_6_amt_0p10.pt,val,4.726157,2376981,8607,0.362098,0.505971,0.688307,0.000661,0.001748,0.302823,0.989956,0.091427,1.384206,722.435637,6,0.1,mask-based unstructured pruning; sparse weights with unchanged architecture shape
l1_unstructured,16,1,0.20,L1 unstructured pruning exploration,/home/afm176/yolo_project/3_pruning/pruning_plan_20260709_220413/l1_unstructured_combo_top6_amt_0p20/combo_16_amt_0p20/yolo26n_l1_combo_16_amt_0p20.pt,val,4.726361,2376981,6762,0.284479,0.507359,0.689127,-0.000726,0.000928,0.243974,0.988315,0.090759,1.323049,755.830065,16,0.2,mask-based unstructured pruning; sparse weights with unchanged architecture shape
l1_unstructured,16,1,0.10,L1 unstructured pruning exploration,/home/afm176/yolo_project/3_pruning/pruning_plan_20260709_220413/l1_unstructured_combo_top6_amt_0p10/combo_16_amt_0p10/yolo26n_l1_combo_16_amt_0p10.pt,val,4.726361,2376981,3379,0.142155,0.506608,0.690905,0.000025,-0.000850,0.264487,0.982281,0.066428,1.313196,761.500827,16,0.1,mask-based unstructured pruning; sparse weights with unchanged architecture shape
