candidate_id,replaced_layers,layer_types,combination_size,gen_params_reduction_percent,snow_params_reduction_percent,mean_params_reduction_percent,target_distance_percentage_points,gen_saved_size_reduction_percent,snow_saved_size_reduction_percent,gen_baseline_map50_95,gen_replaced_map50_95,ad_gen_map50_95_signed,snow_baseline_map50_95,snow_replaced_map50_95,ad_snow_map50_95_signed,gen_accuracy_improved,snow_accuracy_improved,gen_replaced_map50,snow_replaced_map50,gen_latency_ms,snow_latency_ms,gen_fps,snow_fps,gen_model_path,snow_model_path,status
C007,"9,19","SPPF,C3k2",2,10.360074797953821,10.364909929315655,10.362492363634738,0.11249236363473791,9.053973005141613,8.964570294662638,0.6414207460892849,0.059044490471699934,0.582376255617585,0.1899135424242684,0.07606407328800945,0.11384946913625894,False,False,0.10867952346933006,0.1543771524076242,1.2048409633677113,1.0146315768361092,829.9850606048867,985.5794190027731,/home/afm176/yolo_project/5_reproduction/stage3_results/near_target_20260729_172754/saved_near_target_models/GEN_C007_layers_9-19.pt,/home/afm176/yolo_project/5_reproduction/stage3_results/near_target_20260729_172754/saved_near_target_models/SNOW_C007_layers_9-19.pt,ok
C017,10,C2PSA,1,9.956899473304388,9.961546439455587,9.959222956379987,0.2907770436200128,8.554852222740077,8.463944885057492,0.6414207460892849,0.021850742167483093,0.6195700039218018,0.1899135424242684,0.04583780444721199,0.1440757379770564,False,False,0.03800823246266724,0.13756128267531867,1.2180903050201861,1.0208719689399004,820.9571949457624,979.5547634033145,/home/afm176/yolo_project/5_reproduction/stage3_results/near_target_20260729_172754/saved_near_target_models/GEN_C017_layers_10.pt,/home/afm176/yolo_project/5_reproduction/stage3_results/near_target_20260729_172754/saved_near_target_models/SNOW_C017_layers_10.pt,ok
C026,"13,20","C3k2,Conv",2,10.666283905282507,10.671261946930894,10.668772926106701,0.41877292610670125,9.246119651581013,9.15463080364669,0.6414207460892849,0.004472580960310666,0.6369481651289742,0.1899135424242684,0.016135669142444388,0.173777873281824,False,False,0.014456258760053152,0.04240047155225727,1.1981799100441013,1.0224187839776278,834.5992046913832,978.0727972441885,/home/afm176/yolo_project/5_reproduction/stage3_results/near_target_20260729_172754/saved_near_target_models/GEN_C026_layers_13-20.pt,/home/afm176/yolo_project/5_reproduction/stage3_results/near_target_20260729_172754/saved_near_target_models/SNOW_C026_layers_13-20.pt,ok
C025,"5,13","Conv,C3k2",2,10.666283905282507,10.671261946930894,10.668772926106701,0.41877292610670125,9.258337712400218,9.168065666333835,0.6414207460892849,0.001452709083152559,0.6399680370061324,0.1899135424242684,0.00015320768128973287,0.18976033474297865,False,False,0.002677006768378677,0.0002899158271474019,1.1949899461628362,1.1437927559018135,836.827124120201,874.2842572136756,/home/afm176/yolo_project/5_reproduction/stage3_results/near_target_20260729_172754/saved_near_target_models/GEN_C025_layers_5-13.pt,/home/afm176/yolo_project/5_reproduction/stage3_results/near_target_20260729_172754/saved_near_target_models/SNOW_C025_layers_5-13.pt,ok
C014,"13,17,19","C3k2,Conv,C3k2",3,10.048762205502992,10.053452044740158,10.051107125121575,0.19889287487842466,9.117551485757046,9.029176725756493,0.6414207460892849,0.0003070715746185359,0.6411136745146664,0.1899135424242684,0.007887404950199382,0.182026137474069,False,False,0.0006420916151161237,0.03317517620604127,1.1723267031325535,1.1348090786486864,853.0045398845882,881.2054986295889,/home/afm176/yolo_project/5_reproduction/stage3_results/near_target_20260729_172754/saved_near_target_models/GEN_C014_layers_13-17-19.pt,/home/afm176/yolo_project/5_reproduction/stage3_results/near_target_20260729_172754/saved_near_target_models/SNOW_C014_layers_13-17-19.pt,ok
C015,"6,9","C3k2,SPPF",2,10.033451750136559,10.038134443859398,10.035793096997978,0.2142069030020224,8.76185365437,8.671831707690139,0.6414207460892849,4.008430882773785e-05,0.6413806617804572,0.1899135424242684,0.0,0.1899135424242684,False,False,6.887052341597796e-05,0.0,1.1858765546401795,1.0048181470483541,843.2580913140841,995.2049561778841,/home/afm176/yolo_project/5_reproduction/stage3_results/near_target_20260729_172754/saved_near_target_models/GEN_C015_layers_6-9.pt,/home/afm176/yolo_project/5_reproduction/stage3_results/near_target_20260729_172754/saved_near_target_models/SNOW_C015_layers_6-9.pt,ok
C006,"1,10","Conv,C2PSA",2,10.14317668026267,10.147910583504858,10.145543631883765,0.10445636811623515,8.74725882792031,8.656871001872322,0.6414207460892849,4.949594607990292e-06,0.641415796494677,0.1899135424242684,0.000375,0.1895385424242684,False,False,2.2336953218494647e-05,0.000625,1.1866285524923694,1.0077979136258364,842.7236963914455,992.2624233287196,/home/afm176/yolo_project/5_reproduction/stage3_results/near_target_20260729_172754/saved_near_target_models/GEN_C006_layers_1-10.pt,/home/afm176/yolo_project/5_reproduction/stage3_results/near_target_20260729_172754/saved_near_target_models/SNOW_C006_layers_1-10.pt,ok
C021,"13,16,19","C3k2,C3k2,C3k2",3,9.941589017937954,9.946228838574825,9.94390892825639,0.3060910717436105,9.426828113423712,9.340002136180383,0.6414207460892849,8.114969498264567e-07,0.641419934592335,0.1899135424242684,3.272589485793197e-08,0.18991350969837353,False,False,3.6735400311711952e-06,1.4033118158854897e-07,1.1170839737592773,1.1282722000032663,895.1878493384348,886.3109451753796,/home/afm176/yolo_project/5_reproduction/stage3_results/near_target_20260729_172754/saved_near_target_models/GEN_C021_layers_13-16-19.pt,/home/afm176/yolo_project/5_reproduction/stage3_results/near_target_20260729_172754/saved_near_target_models/SNOW_C021_layers_13-16-19.pt,ok
C010,"4,6,20","C3k2,C3k2,Conv",3,10.399626807650444,10.404480398257624,10.402053602954034,0.1520536029540338,9.196913175637409,9.10814841169034,0.6414207460892849,4.0584415584415586e-07,0.6414203402451291,0.1899135424242684,0.0,0.1899135424242684,False,False,2.0292207792207792e-06,0.0,1.190729420039464,0.9698774479329586,839.8213592193407,1031.0581013418137,/home/afm176/yolo_project/5_reproduction/stage3_results/near_target_20260729_172754/saved_near_target_models/GEN_C010_layers_4-6-20.pt,/home/afm176/yolo_project/5_reproduction/stage3_results/near_target_20260729_172754/saved_near_target_models/SNOW_C010_layers_4-6-20.pt,ok
C030,"4,19,20","C3k2,C3k2,Conv",3,10.726249855467707,10.73125588371388,10.728752869590792,0.47875286959079233,9.489366759075809,9.401221939837866,0.6414207460892849,3.6656891495601174e-07,0.6414203795203699,0.1899135424242684,0.0,0.1899135424242684,False,False,3.6656891495601173e-06,0.0,1.150301971388134,0.9740608092397451,869.3369435794706,1026.6299501162564,/home/afm176/yolo_project/5_reproduction/stage3_results/near_target_20260729_172754/saved_near_target_models/GEN_C030_layers_4-19-20.pt,/home/afm176/yolo_project/5_reproduction/stage3_results/near_target_20260729_172754/saved_near_target_models/SNOW_C030_layers_4-19-20.pt,ok
C024,"2,9,19","C3k2,SPPF,C3k2",3,10.62481808866508,10.629776777878831,10.627297433271956,0.37729743327195564,9.478819861590539,9.389573430084193,0.6414207460892849,1.8275368226800674e-07,0.6414205633356026,0.1899135424242684,0.0,0.1899135424242684,False,False,6.837855694999766e-07,0.0,1.0342763450674037,0.9135188162326813,966.8595871588169,1094.668201935855,/home/afm176/yolo_project/5_reproduction/stage3_results/near_target_20260729_172754/saved_near_target_models/GEN_C024_layers_2-9-19.pt,/home/afm176/yolo_project/5_reproduction/stage3_results/near_target_20260729_172754/saved_near_target_models/SNOW_C024_layers_2-9-19.pt,ok
C004,"2,6,9","C3k2,C3k2,SPPF",3,10.298195040847817,10.303001292422573,10.300598166635195,0.05059816663519534,9.187443250078452,9.096388254878326,0.6414207460892849,1.5153626461195604e-07,0.6414205945530203,0.1899135424242684,0.0,0.1899135424242684,False,False,7.686760678108054e-07,0.0,1.0892234387892212,0.9012011252343655,918.0852746903777,1109.630216828614,/home/afm176/yolo_project/5_reproduction/stage3_results/near_target_20260729_172754/saved_near_target_models/GEN_C004_layers_2-6-9.pt,/home/afm176/yolo_project/5_reproduction/stage3_results/near_target_20260729_172754/saved_near_target_models/SNOW_C004_layers_2-6-9.pt,ok
C019,"2,19,20","C3k2,C3k2,Conv",3,9.951158052541974,9.9558023391253,9.953480195833638,0.2965198041663619,8.75732294488689,8.667626335159259,0.6414207460892849,9.503400793225995e-08,0.641420651055277,0.1899135424242684,2.860411899313501e-08,0.1899135138201494,False,False,6.115326798934611e-07,2.860411899313501e-07,1.05549039861018,0.9206813108175993,947.4269034723128,1086.1521660648925,/home/afm176/yolo_project/5_reproduction/stage3_results/near_target_20260729_172754/saved_near_target_models/GEN_C019_layers_2-19-20.pt,/home/afm176/yolo_project/5_reproduction/stage3_results/near_target_20260729_172754/saved_near_target_models/SNOW_C019_layers_2-19-20.pt,ok
C011,"1,2,10","Conv,C3k2,C2PSA",3,10.407919970973929,10.412777432068037,10.410348701520983,0.16034870152098257,9.171437219035665,9.082395156899471,0.6414207460892849,6.101196772005535e-08,0.6414206850773172,0.1899135424242684,0.000125,0.1897885424242684,False,False,2.9288287536744905e-07,0.000625,1.040505711497231,1.0518534108996391,961.0711300767917,950.7028162267502,/home/afm176/yolo_project/5_reproduction/stage3_results/near_target_20260729_172754/saved_near_target_models/GEN_C011_layers_1-2-10.pt,/home/afm176/yolo_project/5_reproduction/stage3_results/near_target_20260729_172754/saved_near_target_models/SNOW_C011_layers_1-2-10.pt,ok
C018,"2,5,19","C3k2,Conv,C3k2",3,9.951158052541974,9.9558023391253,9.953480195833638,0.2965198041663619,8.769095362150377,8.679423707657389,0.6414207460892849,4.511522500805388e-08,0.6414207009740599,0.1899135424242684,2.0923317580996197e-07,0.18991333319109258,False,False,2.1092686879332234e-07,1.728818768568794e-06,1.0357912551950326,1.0342228319495916,965.4454939491709,966.909614744166,/home/afm176/yolo_project/5_reproduction/stage3_results/near_target_20260729_172754/saved_near_target_models/GEN_C018_layers_2-5-19.pt,/home/afm176/yolo_project/5_reproduction/stage3_results/near_target_20260729_172754/saved_near_target_models/SNOW_C018_layers_2-5-19.pt,ok
C013,"3,13,19","Conv,C3k2,C3k2",3,10.048762205502992,10.053452044740158,10.051107125121575,0.19889287487842466,9.128766848575891,9.040415862962913,0.6414207460892849,1.876813849654033e-08,0.6414207273211464,0.1899135424242684,0.0,0.1899135424242684,False,False,1.8645200655879576e-07,0.0,1.1485328866507518,0.985530000180006,870.6759829194878,1014.6824549403377,/home/afm176/yolo_project/5_reproduction/stage3_results/near_target_20260729_172754/saved_near_target_models/GEN_C013_layers_3-13-19.pt,/home/afm176/yolo_project/5_reproduction/stage3_results/near_target_20260729_172754/saved_near_target_models/SNOW_C013_layers_3-13-19.pt,ok
C032,"6,16,20","C3k2,C3k2,Conv",3,10.727525726748242,10.732532350453944,10.730029038601092,0.48002903860109214,9.7324653187187,9.645394056431634,0.6414207460892849,1.0165406152541627e-08,0.6414207359238787,0.1899135424242684,2.7843364369403484e-09,0.18991353963993196,False,False,3.26119568478587e-08,2.7843364369403483e-08,1.2028996149416673,1.106911078095436,831.3245657232115,903.414935299601,/home/afm176/yolo_project/5_reproduction/stage3_results/near_target_20260729_172754/saved_near_target_models/GEN_C032_layers_6-16-20.pt,/home/afm176/yolo_project/5_reproduction/stage3_results/near_target_20260729_172754/saved_near_target_models/SNOW_C032_layers_6-16-20.pt,ok
C029,"4,5,19","C3k2,Conv,C3k2",3,10.726249855467707,10.73125588371388,10.728752869590792,0.47875286959079233,9.501139176339299,9.413019312335996,0.6414207460892849,6.614946249829307e-09,0.6414207394743386,0.1899135424242684,1.036159540928822e-06,0.18991250626472747,False,False,3.962834373141902e-08,3.952805328268375e-06,1.165351570837877,0.9655090235173702,858.1101403424627,1035.7231011233623,/home/afm176/yolo_project/5_reproduction/stage3_results/near_target_20260729_172754/saved_near_target_models/GEN_C029_layers_4-5-19.pt,/home/afm176/yolo_project/5_reproduction/stage3_results/near_target_20260729_172754/saved_near_target_models/SNOW_C029_layers_4-5-19.pt,ok
C031,"5,6,16","Conv,C3k2,C3k2",3,10.727525726748242,10.732532350453944,10.730029038601092,0.48002903860109214,9.743680681537544,9.656633193638054,0.6414207460892849,6.315122976191014e-09,0.6414207397741619,0.1899135424242684,1.1345071192035428e-08,0.1899135310791972,False,False,3.957673884724584e-08,6.242197253433208e-08,1.1226286775517194,0.9720568358898163,890.7664840531656,1028.7464303304905,/home/afm176/yolo_project/5_reproduction/stage3_results/near_target_20260729_172754/saved_near_target_models/GEN_C031_layers_5-6-16.pt,/home/afm176/yolo_project/5_reproduction/stage3_results/near_target_20260729_172754/saved_near_target_models/SNOW_C031_layers_5-6-16.pt,ok
C009,"4,5,6","C3k2,Conv,C3k2",3,10.399626807650444,10.404480398257624,10.402053602954034,0.1520536029540338,9.20987397571614,9.11994578418847,0.6414207460892849,1.7363663862592673e-09,0.6414207443529185,0.1899135424242684,0.0,0.1899135424242684,False,False,9.191231381437482e-09,0.0,1.2111835622821343,0.9558712039142847,825.6386819812693,1046.166048213408,/home/afm176/yolo_project/5_reproduction/stage3_results/near_target_20260729_172754/saved_near_target_models/GEN_C009_layers_4-5-6.pt,/home/afm176/yolo_project/5_reproduction/stage3_results/near_target_20260729_172754/saved_near_target_models/SNOW_C009_layers_4-5-6.pt,ok
C023,"1,19,20","Conv,C3k2,Conv",3,9.872691968788999,9.877299634611395,9.874995801700198,0.375004198299802,8.525662569840701,8.435139944005279,0.6414207460892849,6.136369772733409e-10,0.6414207454756479,0.1899135424242684,1.0775862068965518e-06,0.18991246483806148,False,False,6.13636977273341e-09,1.0775862068965518e-05,1.1751140490682288,1.1605295445770025,850.9812309647049,861.6756072026469,/home/afm176/yolo_project/5_reproduction/stage3_results/near_target_20260729_172754/saved_near_target_models/GEN_C023_layers_1-19-20.pt,/home/afm176/yolo_project/5_reproduction/stage3_results/near_target_20260729_172754/saved_near_target_models/SNOW_C023_layers_1-19-20.pt,ok
C020,"1,9,19","Conv,SPPF,C3k2",3,10.546352004912105,10.551274073364926,10.548813039138516,0.29881303913851553,9.247493719211135,9.157421980105239,0.6414207460892849,1.459369546518426e-10,0.641420745943348,0.1899135424242684,0.0,0.1899135424242684,False,False,1.459369546518426e-09,0.0,1.1998472226444972,0.996023453772068,833.4394422282961,1003.9924222796886,/home/afm176/yolo_project/5_reproduction/stage3_results/near_target_20260729_172754/saved_near_target_models/GEN_C020_layers_1-9-19.pt,/home/afm176/yolo_project/5_reproduction/stage3_results/near_target_20260729_172754/saved_near_target_models/SNOW_C020_layers_1-9-19.pt,ok
C001,"0,2,10","Conv,C3k2,C2PSA",3,10.24014289758342,10.244922055749685,10.242532476666552,0.007467523333447801,8.972977288890291,8.883514530306408,0.6414207460892849,0.0,0.6414207460892849,0.1899135424242684,0.0,0.1899135424242684,False,False,0.0,0.0,1.0157102821394801,0.8972010016441345,984.5327132985321,1114.5774449287114,/home/afm176/yolo_project/5_reproduction/stage3_results/near_target_20260729_172754/saved_near_target_models/GEN_C001_layers_0-2-10.pt,/home/afm176/yolo_project/5_reproduction/stage3_results/near_target_20260729_172754/saved_near_target_models/SNOW_C001_layers_0-2-10.pt,ok
C002,"2,10","C3k2,C2PSA",2,10.221642764015645,10.226413288018763,10.224028026017205,0.02597197398279505,8.979104887781382,8.888352569501224,0.6414207460892849,0.0,0.6414207460892849,0.1899135424242684,0.0,0.1899135424242684,False,False,0.0,0.0,1.0606098453598944,0.9162190929055214,942.8537783002308,1091.4420008742582,/home/afm176/yolo_project/5_reproduction/stage3_results/near_target_20260729_172754/saved_near_target_models/GEN_C002_layers_2-10.pt,/home/afm176/yolo_project/5_reproduction/stage3_results/near_target_20260729_172754/saved_near_target_models/SNOW_C002_layers_2-10.pt,ok
C003,"1,6,9","Conv,C3k2,SPPF",3,10.21972895709484,10.224498587908668,10.222113772501753,0.02788622749824654,8.956451340365836,8.864571746074397,0.6414207460892849,0.0,0.6414207460892849,0.1899135424242684,0.0,0.1899135424242684,False,False,0.0,0.0,1.1630143878812138,1.0065655875951052,859.8345905434633,993.4772381690578,/home/afm176/yolo_project/5_reproduction/stage3_results/near_target_20260729_172754/saved_near_target_models/GEN_C003_layers_1-6-9.pt,/home/afm176/yolo_project/5_reproduction/stage3_results/near_target_20260729_172754/saved_near_target_models/SNOW_C003_layers_1-6-9.pt,ok
C005,"0,1,10","Conv,Conv,C2PSA",3,10.161676813830445,10.16641935123578,10.164048082533112,0.0859519174668879,8.72026025583654,8.629926845125805,0.6414207460892849,0.0,0.6414207460892849,0.1899135424242684,0.0,0.1899135424242684,False,False,0.0,0.0,1.1671945390884173,1.1552346963435411,856.7552079030486,865.6249705493802,/home/afm176/yolo_project/5_reproduction/stage3_results/near_target_20260729_172754/saved_near_target_models/GEN_C005_layers_0-1-10.pt,/home/afm176/yolo_project/5_reproduction/stage3_results/near_target_20260729_172754/saved_near_target_models/SNOW_C005_layers_0-1-10.pt,ok
C008,"0,9,19","Conv,SPPF,C3k2",3,10.378574931521596,10.383418697046574,10.380996814284085,0.13099681428408516,9.049033789065764,8.959732255467822,0.6414207460892849,0.0,0.6414207460892849,0.1899135424242684,0.0,0.1899135424242684,False,False,0.0,0.0,1.1542658440938052,1.1590950842946768,866.3515472772941,862.7419903247298,/home/afm176/yolo_project/5_reproduction/stage3_results/near_target_20260729_172754/saved_near_target_models/GEN_C008_layers_0-9-19.pt,/home/afm176/yolo_project/5_reproduction/stage3_results/near_target_20260729_172754/saved_near_target_models/SNOW_C008_layers_0-9-19.pt,ok
C012,"0,6,9","Conv,C3k2,SPPF",3,10.051951883704332,10.056643211590318,10.054297547647325,0.19570245235267514,8.757991410220464,8.66688202143698,0.6414207460892849,0.0,0.6414207460892849,0.1899135424242684,0.0,0.1899135424242684,False,False,0.0,0.0,1.1793547225269405,0.9749816544353962,847.9213089148898,1025.6603244284547,/home/afm176/yolo_project/5_reproduction/stage3_results/near_target_20260729_172754/saved_near_target_models/GEN_C012_layers_0-6-9.pt,/home/afm176/yolo_project/5_reproduction/stage3_results/near_target_20260729_172754/saved_near_target_models/SNOW_C012_layers_0-6-9.pt,ok
C016,"0,10","Conv,C2PSA",2,9.975399606872163,9.980055207186508,9.977727407029334,0.27227259297066553,8.546422132144455,8.455608571367963,0.6414207460892849,0.0,0.6414207460892849,0.1899135424242684,0.0,0.1899135424242684,False,False,0.0,0.0,1.192423386160623,0.9962544403970242,838.6283023346348,1003.7596415645417,/home/afm176/yolo_project/5_reproduction/stage3_results/near_target_20260729_172754/saved_near_target_models/GEN_C016_layers_0-10.pt,/home/afm176/yolo_project/5_reproduction/stage3_results/near_target_20260729_172754/saved_near_target_models/SNOW_C016_layers_0-10.pt,ok
C022,"1,5,19","Conv,Conv,C3k2",3,9.872691968788999,9.877299634611395,9.874995801700198,0.375004198299802,8.537769219770977,8.447272257678433,0.6414207460892849,0.0,0.6414207460892849,0.1899135424242684,6.592827004219409e-08,0.18991347649599835,False,False,0.0,6.592827004219409e-07,1.151880721222948,1.1219356767833233,868.1454438601102,891.3166955052875,/home/afm176/yolo_project/5_reproduction/stage3_results/near_target_20260729_172754/saved_near_target_models/GEN_C022_layers_1-5-19.pt,/home/afm176/yolo_project/5_reproduction/stage3_results/near_target_20260729_172754/saved_near_target_models/SNOW_C022_layers_1-5-19.pt,ok
C027,"0,5,13","Conv,Conv,C3k2",3,10.68478403885028,10.689770714661815,10.687277376756047,0.4372773767560467,9.25198729173127,9.163004333022334,0.6414207460892849,0.0,0.6414207460892849,0.1899135424242684,0.0,0.1899135424242684,False,False,0.0,0.0,1.1387579900805245,0.9645395167171955,878.1497110982181,1036.7641580963877,/home/afm176/yolo_project/5_reproduction/stage3_results/near_target_20260729_172754/saved_near_target_models/GEN_C027_layers_0-5-13.pt,/home/afm176/yolo_project/5_reproduction/stage3_results/near_target_20260729_172754/saved_near_target_models/SNOW_C027_layers_0-5-13.pt,ok
C028,"0,13,20","Conv,C3k2,Conv",3,10.68478403885028,10.689770714661815,10.687277376756047,0.4372773767560467,9.239880641800994,9.15087201934918,0.6414207460892849,0.0,0.6414207460892849,0.1899135424242684,0.0,0.1899135424242684,False,False,0.0,0.0,1.158312943256037,1.1170773953199387,863.3245495720554,895.1931210760854,/home/afm176/yolo_project/5_reproduction/stage3_results/near_target_20260729_172754/saved_near_target_models/GEN_C028_layers_0-13-20.pt,/home/afm176/yolo_project/5_reproduction/stage3_results/near_target_20260729_172754/saved_near_target_models/SNOW_C028_layers_0-13-20.pt,ok
