layer_id,layer_type,gen_layer_params,snow_layer_params,gen_layer_params_percent,snow_layer_params_percent,candidate_for_size_reduction,status,error,multi_input_policy,gen_baseline_map50_95,snow_baseline_map50_95,gen_input_shapes,gen_output_shape,snow_input_shapes,snow_output_shape,spatial_scale,adapter_repr,gen_model_path,snow_model_path,gen_model_sha256,snow_model_sha256,gen_params_after,snow_params_after,gen_params_reduced,snow_params_reduced,gen_params_reduction_percent,snow_params_reduction_percent,mean_params_reduction_percent,gen_replaced_model_mib,snow_replaced_model_mib,gen_replaced_map50_95,gen_replaced_map50,gen_replaced_map75,gen_precision,gen_recall,gen_latency_ms,gen_fps,snow_replaced_map50_95,snow_replaced_map50,snow_replaced_map75,snow_precision,snow_recall,snow_latency_ms,snow_fps,ad_gen_map50_95,ad_snow_map50_95,nad_gen,nad_snow,combined_nad_signed,negative_or_zero_sensitivity,score_denominator,physical_layer_score
0,Conv,464,464,0.01850013356777468,0.018508767730920812,True,ok,,concat,0.6414207460892849,0.1899135424242684,"((1, 3, 640, 640))","(1, 16, 320, 320)","((1, 3, 640, 640))","(1, 16, 320, 320)",1/2 x 1/2,"DynamicNoParamLayerAdapter(target_channels=16, h_scale=1/2, w_scale=1/2, multi_input_policy=concat)",/home/afm176/yolo_project/5_reproduction/stage2_results/layer_replacement_sweep_20260729_151557/saved_replaced_models/GEN_replace_L0_Conv.pt,/home/afm176/yolo_project/5_reproduction/stage2_results/layer_replacement_sweep_20260729_151557/saved_replaced_models/SNOW_replace_L0_Conv.pt,8470d285fc26bac3b0bef8d8080ba329fa20c10cd2ef8a1df17f0a88d7a387fa,2cdff8ea2cb0973ad070077e2a710fbf195b1dfee828253524a564edeff637cd,2507626,2506456,464,464,0.01850013356777468,0.018508767730920812,0.018504450649347748,5.197047233581543,5.191805839538574,0.0,0.0,0.0,0.0,0.0,1.2035029633817347,830.9078003348577,0.0,0.0,0.0,0.0,0.0,1.0358160641044378,965.4223704906486,0.6414207460892849,0.1899135424242684,1.0,1.0,1.0,False,1.0,0.018504450649347748
1,Conv,4672,4672,0.18627720695828298,0.18636414404927162,True,ok,,concat,0.6414207460892849,0.1899135424242684,"((1, 16, 320, 320))","(1, 32, 160, 160)","((1, 16, 320, 320))","(1, 32, 160, 160)",1/2 x 1/2,"DynamicNoParamLayerAdapter(target_channels=32, h_scale=1/2, w_scale=1/2, multi_input_policy=concat)",/home/afm176/yolo_project/5_reproduction/stage2_results/layer_replacement_sweep_20260729_151557/saved_replaced_models/GEN_replace_L1_Conv.pt,/home/afm176/yolo_project/5_reproduction/stage2_results/layer_replacement_sweep_20260729_151557/saved_replaced_models/SNOW_replace_L1_Conv.pt,dd24b76f05087d652d426e6d78f4aa04bef3c78676b78ec7ce78eb980b4e9ce8,a3968f086335a976dbe80a8554f09df3b7c54a08a29659efe5e98d1fa0e90270,2503418,2502248,4672,4672,0.18627720695828298,0.18636414404927162,0.1863206755037773,5.186488151550293,5.181246757507324,0.0,0.0,0.0,0.0,0.0,1.2076147019185803,828.0786896774812,0.0,0.0,0.0,0.0,0.0,1.0326755698770285,968.3583394144596,0.6414207460892849,0.1899135424242684,1.0,1.0,1.0,False,1.0,0.1863206755037773
2,C3k2,6640,6640,0.26474329071125835,0.2648668485631771,True,ok,,concat,0.6414207460892849,0.1899135424242684,"((1, 32, 160, 160))","(1, 64, 160, 160)","((1, 32, 160, 160))","(1, 64, 160, 160)",1/1 x 1/1,"DynamicNoParamLayerAdapter(target_channels=64, h_scale=1/1, w_scale=1/1, multi_input_policy=concat)",/home/afm176/yolo_project/5_reproduction/stage2_results/layer_replacement_sweep_20260729_151557/saved_replaced_models/GEN_replace_L2_C3k2.pt,/home/afm176/yolo_project/5_reproduction/stage2_results/layer_replacement_sweep_20260729_151557/saved_replaced_models/SNOW_replace_L2_C3k2.pt,5113d7b7c97a7c78f00537f79079f4900a2267c7434d10f16d5c8da0e4326eb5,cf5ef91acec5d39b5c5b1939226463303796ed5316b0326b4bd31c6cc24770ec,2501450,2500280,6640,6640,0.26474329071125835,0.2648668485631771,0.2648050696372177,5.17465877532959,5.169400215148926,2.194164670138352e-08,4.552502896788136e-08,2.5673281815614495e-08,5.52620831318067e-06,0.00043830042247290716,1.1052882194688374,904.7413899702693,0.0,0.0,0.0,0.0,0.0,0.9597393963485956,1041.9495165089388,0.6414207241476382,0.1899135424242684,0.9999999657921156,1.0,0.9999999828960577,False,0.9999999828960577,0.2648050741664284
3,Conv,36992,36992,1.4749072002998298,1.475595551513411,True,ok,,concat,0.6414207460892849,0.1899135424242684,"((1, 64, 160, 160))","(1, 64, 80, 80)","((1, 64, 160, 160))","(1, 64, 80, 80)",1/2 x 1/2,"DynamicNoParamLayerAdapter(target_channels=64, h_scale=1/2, w_scale=1/2, multi_input_policy=concat)",/home/afm176/yolo_project/5_reproduction/stage2_results/layer_replacement_sweep_20260729_151557/saved_replaced_models/GEN_replace_L3_Conv.pt,/home/afm176/yolo_project/5_reproduction/stage2_results/layer_replacement_sweep_20260729_151557/saved_replaced_models/SNOW_replace_L3_Conv.pt,6f4ca50df7b64b6a73e4831b35894640b2455b5ae5ee15d2a1ce58aecf42434d,bb9915769048b8d67c288b1a64f4ccf34de3c5b364dbb795f38818fa77afc769,2471098,2469928,36992,36992,1.4749072002998298,1.475595551513411,1.4752513759066204,5.124720573425293,5.119479179382324,0.0,0.0,0.0,0.0,0.0,1.1928281820463864,838.3437070412143,0.0,0.0,0.0,0.0,0.0,1.1567288730293512,864.5068203243732,0.6414207460892849,0.1899135424242684,1.0,1.0,1.0,False,1.0,1.4752513759066204
4,C3k2,26080,26080,1.0398350936369907,1.040320393151756,True,ok,,concat,0.6414207460892849,0.1899135424242684,"((1, 64, 80, 80))","(1, 128, 80, 80)","((1, 64, 80, 80))","(1, 128, 80, 80)",1/1 x 1/1,"DynamicNoParamLayerAdapter(target_channels=128, h_scale=1/1, w_scale=1/1, multi_input_policy=concat)",/home/afm176/yolo_project/5_reproduction/stage2_results/layer_replacement_sweep_20260729_151557/saved_replaced_models/GEN_replace_L4_C3k2.pt,/home/afm176/yolo_project/5_reproduction/stage2_results/layer_replacement_sweep_20260729_151557/saved_replaced_models/SNOW_replace_L4_C3k2.pt,f283d6805206a9e4b63e7bbab41e59e8b72ad60f036e68253b1d23ccc01083fb,b9d9a0e7c24cb965060d53f0eb3cb6f4962ba46cac2a07e8bf54f6f9159beb72,2482010,2480840,26080,26080,1.0398350936369907,1.040320393151756,1.0400777433943733,5.13706111907959,5.131802558898926,0.0,0.0,0.0,0.0,0.0,1.1818693280220032,846.1172282672038,0.0,0.0,0.0,0.0,0.0,1.1799245327711105,847.5118299739485,0.6414207460892849,0.1899135424242684,1.0,1.0,1.0,False,1.0,1.0400777433943733
5,Conv,147712,147712,5.88942183095503,5.892170472133135,True,ok,,concat,0.6414207460892849,0.1899135424242684,"((1, 128, 80, 80))","(1, 128, 40, 40)","((1, 128, 80, 80))","(1, 128, 40, 40)",1/2 x 1/2,"DynamicNoParamLayerAdapter(target_channels=128, h_scale=1/2, w_scale=1/2, multi_input_policy=concat)",/home/afm176/yolo_project/5_reproduction/stage2_results/layer_replacement_sweep_20260729_151557/saved_replaced_models/GEN_replace_L5_Conv.pt,/home/afm176/yolo_project/5_reproduction/stage2_results/layer_replacement_sweep_20260729_151557/saved_replaced_models/SNOW_replace_L5_Conv.pt,1d600956a77bc18f17e9ce2adcbca33feb5edbaf33232112d78691dbc1390612,5758bac0fbadfd271395b11521958ec2248a165108d768eadba59084d5bf93ab,2360378,2359208,147712,147712,5.88942183095503,5.892170472133135,5.890796151544082,4.913294792175293,4.908053398132324,0.009995022056009554,0.017073944418199292,0.010759099574308791,0.05477308864545958,0.10874218957317047,1.2164368455890906,822.0730929238866,0.0005625,0.000625,0.000625,0.125,0.0008944543828264759,1.0333248227834702,967.7499058875766,0.6314257240332753,0.1893510424242684,0.9844173701631125,0.9970381259134045,0.9907277480382585,False,0.9907277480382585,5.945928296859008
6,C3k2,87040,87040,3.470369883058423,3.4719895329727315,True,ok,,concat,0.6414207460892849,0.1899135424242684,"((1, 128, 40, 40))","(1, 128, 40, 40)","((1, 128, 40, 40))","(1, 128, 40, 40)",1/1 x 1/1,"DynamicNoParamLayerAdapter(target_channels=128, h_scale=1/1, w_scale=1/1, multi_input_policy=concat)",/home/afm176/yolo_project/5_reproduction/stage2_results/layer_replacement_sweep_20260729_151557/saved_replaced_models/GEN_replace_L6_C3k2.pt,/home/afm176/yolo_project/5_reproduction/stage2_results/layer_replacement_sweep_20260729_151557/saved_replaced_models/SNOW_replace_L6_C3k2.pt,81e29c1385caad7c61102deb21988d4562f2801759183025a81da84c9018d87c,e20c0cc5cf543b7b81119b44478b69650cdf342f29b132683dccfd26b1dbde79,2421050,2419880,87040,87040,3.470369883058423,3.4719895329727315,3.471179708015577,5.006770133972168,5.001482963562012,0.0003743635500697076,0.0006502740669589446,0.0003424873737373737,0.026592735828587476,0.004592339457084967,1.1994075473736634,833.74496199369,0.0,0.0,0.0,0.0,0.0,1.208298271521926,827.6102213904837,0.6410463825392152,0.1899135424242684,0.9994163526010779,1.0,0.9997081763005389,False,0.9997081763005389,3.472192976215139
7,Conv,295424,295424,11.77884366191006,11.78434094426627,True,ok,,concat,0.6414207460892849,0.1899135424242684,"((1, 128, 40, 40))","(1, 256, 20, 20)","((1, 128, 40, 40))","(1, 256, 20, 20)",1/2 x 1/2,"DynamicNoParamLayerAdapter(target_channels=256, h_scale=1/2, w_scale=1/2, multi_input_policy=concat)",/home/afm176/yolo_project/5_reproduction/stage2_results/layer_replacement_sweep_20260729_151557/saved_replaced_models/GEN_replace_L7_Conv.pt,/home/afm176/yolo_project/5_reproduction/stage2_results/layer_replacement_sweep_20260729_151557/saved_replaced_models/SNOW_replace_L7_Conv.pt,b487aaba6f11fd464bceea5b56d96a07525e56d83be6b2b1a2c347ab4bde42fa,58f19e04f8131e0c5d6bb0ec636b28af5ab582ef85eeb6219ee66f91759666bc,2212666,2211496,295424,295424,11.77884366191006,11.78434094426627,11.781592303088164,4.631068229675293,4.625826835632324,0.13301711730031124,0.18503516292808833,0.15117949375452766,0.3937073982054517,0.17837671539557098,1.227959862656214,814.3588649851214,0.019253328181293525,0.028304949130029476,0.02189068091421241,0.13575964977185845,0.03962086847261266,1.1448641493916512,873.4660793871238,0.5084036287889737,0.17066021424297487,0.7926211178679348,0.8986205620961909,0.8456208399820628,False,0.8456208399820628,13.932476289654916
8,C3k2,346112,346112,13.799823770279376,13.806264260526863,True,ok,,concat,0.6414207460892849,0.1899135424242684,"((1, 256, 20, 20))","(1, 256, 20, 20)","((1, 256, 20, 20))","(1, 256, 20, 20)",1/1 x 1/1,"DynamicNoParamLayerAdapter(target_channels=256, h_scale=1/1, w_scale=1/1, multi_input_policy=concat)",/home/afm176/yolo_project/5_reproduction/stage2_results/layer_replacement_sweep_20260729_151557/saved_replaced_models/GEN_replace_L8_C3k2.pt,/home/afm176/yolo_project/5_reproduction/stage2_results/layer_replacement_sweep_20260729_151557/saved_replaced_models/SNOW_replace_L8_C3k2.pt,9058fab90999c96fd2138265e06549a0fcc6af49a13587372eb96b89942311f8,ac309f5f1476a389d16f5239317caa45486d80178d0161e6649c559923df25bb,2161978,2160808,346112,346112,13.799823770279376,13.806264260526863,13.80304401540312,4.510615348815918,4.505389213562012,0.15122706356142646,0.21325904971753576,0.17041212211885076,0.317811298953615,0.2619184893391631,1.2205493820153854,819.3031881666175,0.07626943312501824,0.13743164548453043,0.07496682887073798,0.7218331244637425,0.1259902050537702,1.031055822968483,969.87959111751,0.49019368252785844,0.11364410929925015,0.7642311002825346,0.5983991865380948,0.6813151434103146,False,0.6813151434103146,20.25941174052312
9,SPPF,164608,164608,6.563081867078136,6.566144910886666,True,ok,,concat,0.6414207460892849,0.1899135424242684,"((1, 256, 20, 20))","(1, 256, 20, 20)","((1, 256, 20, 20))","(1, 256, 20, 20)",1/1 x 1/1,"DynamicNoParamLayerAdapter(target_channels=256, h_scale=1/1, w_scale=1/1, multi_input_policy=concat)",/home/afm176/yolo_project/5_reproduction/stage2_results/layer_replacement_sweep_20260729_151557/saved_replaced_models/GEN_replace_L9_SPPF.pt,/home/afm176/yolo_project/5_reproduction/stage2_results/layer_replacement_sweep_20260729_151557/saved_replaced_models/SNOW_replace_L9_SPPF.pt,fe5f0eb09efad7cabfa5d5c4f8f8731f2cfadaf38f80a6dc302717036abe0200,f403907c633ebdf21116a67a3f8a8299a64093054f1a6186afbee51c81234fba,2343482,2342312,164608,164608,6.563081867078136,6.566144910886666,6.564613388982401,4.876921653747559,4.871674537658691,0.5400832558086374,0.7146759046890989,0.6070825193527324,0.727152938977352,0.6544709063643837,1.2420002959499303,805.1527872102164,0.1558421015730203,0.2870702211029481,0.13705245158980817,0.7883954060699578,0.23196068978402967,1.0470117535442114,955.0991157596147,0.10133749028064754,0.03407144085124808,0.1579891060563568,0.17940500933383785,0.16869705769509732,False,0.16869705769509732,38.913621130531325
10,C2PSA,249728,249728,9.956899473304388,9.961546439455587,True,ok,,concat,0.6414207460892849,0.1899135424242684,"((1, 256, 20, 20))","(1, 256, 20, 20)","((1, 256, 20, 20))","(1, 256, 20, 20)",1/1 x 1/1,"DynamicNoParamLayerAdapter(target_channels=256, h_scale=1/1, w_scale=1/1, multi_input_policy=concat)",/home/afm176/yolo_project/5_reproduction/stage2_results/layer_replacement_sweep_20260729_151557/saved_replaced_models/GEN_replace_L10_C2PSA.pt,/home/afm176/yolo_project/5_reproduction/stage2_results/layer_replacement_sweep_20260729_151557/saved_replaced_models/SNOW_replace_L10_C2PSA.pt,2fd55fe228bfced7dc7adc536a316172fdb924ce6220b9ead6c1560597b02d80,fb2eca247681dd3b4c7305996451cbd51a91fb48e1392483769c9fe91d017046,2258362,2257192,249728,249728,9.956899473304388,9.961546439455587,9.959222956379987,4.698542594909668,4.693327903747559,0.021833558185143202,0.03798008919898353,0.022659340855619867,0.09465104667876584,0.10980867957683635,1.2094347081570465,826.832563391383,0.04580569005910101,0.13755657864802753,0.03370773643764785,0.7524263027842991,0.0415770566019363,1.038222936913371,963.184268470308,0.6195871879041417,0.14410785236516738,0.965960629870079,0.7588076686139068,0.8623841492419929,False,0.8623841492419929,11.548476354921196
11,Upsample,0,0,0.0,0.0,False,skipped_zero_parameter_layer,Top-level layer has no trainable parameters; replacing it cannot reduce model parameters.,concat,0.6414207460892849,0.1899135424242684,,,,,,,,,,,,,,,,,,,,,,,,,,,,,,,,,,,,,,,,,
12,Concat,0,0,0.0,0.0,False,skipped_zero_parameter_layer,Top-level layer has no trainable parameters; replacing it cannot reduce model parameters.,concat,0.6414207460892849,0.1899135424242684,,,,,,,,,,,,,,,,,,,,,,,,,,,,,,,,,,,,,,,,,
13,C3k2,119808,119808,4.776862074327477,4.77909147479776,True,ok,,concat,0.6414207460892849,0.1899135424242684,"((1, 384, 40, 40))","(1, 128, 40, 40)","((1, 384, 40, 40))","(1, 128, 40, 40)",1/1 x 1/1,"DynamicNoParamLayerAdapter(target_channels=128, h_scale=1/1, w_scale=1/1, multi_input_policy=concat)",/home/afm176/yolo_project/5_reproduction/stage2_results/layer_replacement_sweep_20260729_151557/saved_replaced_models/GEN_replace_L13_C3k2.pt,/home/afm176/yolo_project/5_reproduction/stage2_results/layer_replacement_sweep_20260729_151557/saved_replaced_models/SNOW_replace_L13_C3k2.pt,981764d74232519854a2d892457cc4f67043f7e1c3f1ca0ce5253b95db0de745,1f4bdec6a4b969baad956ef613dcd1c331b94ffc0e1a0ae608ac78ac1632e36e,2388282,2387112,119808,119808,4.776862074327477,4.77909147479776,4.777976774562619,4.944903373718262,4.9396162033081055,0.021531586019236652,0.04008836248139837,0.02225187745497548,0.12259433408494166,0.0685267535146634,1.2199954042549839,819.6752188674607,0.03232015552615068,0.07020215744400526,0.0273672619047619,0.2715298748921484,0.09636973975636767,1.0271946340799332,973.5253347538253,0.6198891600700482,0.1575933868981177,0.9664314162731501,0.8298164779953017,0.8981239471342259,False,0.8981239471342259,5.319952540858532
14,Upsample,0,0,0.0,0.0,False,skipped_zero_parameter_layer,Top-level layer has no trainable parameters; replacing it cannot reduce model parameters.,concat,0.6414207460892849,0.1899135424242684,,,,,,,,,,,,,,,,,,,,,,,,,,,,,,,,,,,,,,,,,
15,Concat,0,0,0.0,0.0,False,skipped_zero_parameter_layer,Top-level layer has no trainable parameters; replacing it cannot reduce model parameters.,concat,0.6414207460892849,0.1899135424242684,,,,,,,,,,,,,,,,,,,,,,,,,,,,,,,,,,,,,,,,,
16,C3k2,34304,34304,1.3677340127347903,1.3683723453480765,True,ok,,concat,0.6414207460892849,0.1899135424242684,"((1, 256, 80, 80))","(1, 64, 80, 80)","((1, 256, 80, 80))","(1, 64, 80, 80)",1/1 x 1/1,"DynamicNoParamLayerAdapter(target_channels=64, h_scale=1/1, w_scale=1/1, multi_input_policy=concat)",/home/afm176/yolo_project/5_reproduction/stage2_results/layer_replacement_sweep_20260729_151557/saved_replaced_models/GEN_replace_L16_C3k2.pt,/home/afm176/yolo_project/5_reproduction/stage2_results/layer_replacement_sweep_20260729_151557/saved_replaced_models/SNOW_replace_L16_C3k2.pt,0bd321fae4753b4c648a9698c953b996f6c00f3013f6fbdcb2eb7e3a7d519aad,3f268dc17d2fb5db887fb00753ba95fd5016aed553e8c22853d81293d8d19899,2473786,2472616,34304,34304,1.3677340127347903,1.3683723453480765,1.3680531790414334,5.109698295593262,5.1044111251831055,0.0002770133003312013,0.0013421661000346035,5.756820130664603e-07,0.10355301643107272,0.01397618130685489,1.1864711557599632,842.8354917397685,0.015949692284754957,0.04104801430409262,0.0006252860411899312,0.9486736789599358,0.05,1.007058508694172,992.9909646428345,0.6411437327889536,0.17396385013951343,0.9995681254433689,0.9160160350801987,0.9577920802617839,False,0.9577920802617839,1.428340458471443
17,Conv,36992,36992,1.4749072002998298,1.475595551513411,True,ok,,concat,0.6414207460892849,0.1899135424242684,"((1, 64, 80, 80))","(1, 64, 40, 40)","((1, 64, 80, 80))","(1, 64, 40, 40)",1/2 x 1/2,"DynamicNoParamLayerAdapter(target_channels=64, h_scale=1/2, w_scale=1/2, multi_input_policy=concat)",/home/afm176/yolo_project/5_reproduction/stage2_results/layer_replacement_sweep_20260729_151557/saved_replaced_models/GEN_replace_L17_Conv.pt,/home/afm176/yolo_project/5_reproduction/stage2_results/layer_replacement_sweep_20260729_151557/saved_replaced_models/SNOW_replace_L17_Conv.pt,ecbcc2224072f7f372cdf5541661d39ba750c15149a1d07e44e3273f5bc9b0fb,526522fe32b97b604a451b59f2e9a75c3416bbb7c851de77cdaee3ab9f79e273,2471098,2469928,36992,36992,1.4749072002998298,1.475595551513411,1.4752513759066204,5.125399589538574,5.1201581954956055,0.16731384322058757,0.3025820588714401,0.17246868716289485,0.5272175535947382,0.2751341447632311,1.2313506777652283,812.1163353845669,0.09474749196065071,0.22590664608245298,0.06483122885143386,0.4996720816136314,0.21652894367638412,1.1071546748280525,903.2161654877226,0.47410690286869733,0.09516605046361767,0.7391511823702415,0.5011019711854774,0.6201265767778594,False,0.6201265767778594,2.3789520255234637
18,Concat,0,0,0.0,0.0,False,skipped_zero_parameter_layer,Top-level layer has no trainable parameters; replacing it cannot reduce model parameters.,concat,0.6414207460892849,0.1899135424242684,,,,,,,,,,,,,,,,,,,,,,,,,,,,,,,,,,,,,,,,,
19,C3k2,95232,95232,3.796992930875686,3.7987650184289885,True,ok,,concat,0.6414207460892849,0.1899135424242684,"((1, 192, 40, 40))","(1, 128, 40, 40)","((1, 192, 40, 40))","(1, 128, 40, 40)",1/1 x 1/1,"DynamicNoParamLayerAdapter(target_channels=128, h_scale=1/1, w_scale=1/1, multi_input_policy=concat)",/home/afm176/yolo_project/5_reproduction/stage2_results/layer_replacement_sweep_20260729_151557/saved_replaced_models/GEN_replace_L19_C3k2.pt,/home/afm176/yolo_project/5_reproduction/stage2_results/layer_replacement_sweep_20260729_151557/saved_replaced_models/SNOW_replace_L19_C3k2.pt,9657f869a4977cbf2a177cdd9f6610d0fc3294f5cc0c5dc59211803e19031b96,32f548099bdeb692ddb3568e397a42e92e77c6ff31c814d5cbf5366facf37f70,2412858,2411688,95232,95232,3.796992930875686,3.7987650184289885,3.7978789746523374,4.991778373718262,4.9864912033081055,0.07100901678789337,0.12246946160713845,0.07514867712250071,0.2879341678361816,0.15162194944449647,1.2296609838747166,813.232275491864,0.08004569358981847,0.18432920382810264,0.06349775412190647,0.48215087723952277,0.17968285128978917,1.1831193510442972,845.223264345508,0.5704117293013915,0.10986784883444992,0.8892941688886237,0.5785150834004468,0.7339046261445352,False,0.7339046261445352,5.1748944472580325
20,Conv,147712,147712,5.88942183095503,5.892170472133135,True,ok,,concat,0.6414207460892849,0.1899135424242684,"((1, 128, 40, 40))","(1, 128, 20, 20)","((1, 128, 40, 40))","(1, 128, 20, 20)",1/2 x 1/2,"DynamicNoParamLayerAdapter(target_channels=128, h_scale=1/2, w_scale=1/2, multi_input_policy=concat)",/home/afm176/yolo_project/5_reproduction/stage2_results/layer_replacement_sweep_20260729_151557/saved_replaced_models/GEN_replace_L20_Conv.pt,/home/afm176/yolo_project/5_reproduction/stage2_results/layer_replacement_sweep_20260729_151557/saved_replaced_models/SNOW_replace_L20_Conv.pt,b4b1a8569353d5111b1da3a3c2f173ab358e02b81ca76e446d6829815e63d8d7,aca72d0c0a27a30b44cb7dd240fc32b521d004cff116bd75ca79744a1d0fdf33,2360378,2359208,147712,147712,5.88942183095503,5.892170472133135,5.890796151544082,4.913973808288574,4.9087324142456055,0.4315776749134486,0.6030473970012769,0.4957979313992254,0.7374374469796209,0.5761233027268053,1.244306062348187,803.6607955705481,0.12534378732341755,0.24453916410692428,0.11534255501336019,0.3966873355792883,0.22244264590309243,1.088631646707654,918.5843558969625,0.20984307117583628,0.06456975510085083,0.3271535453993975,0.3399955278418296,0.33357453662061354,False,0.33357453662061354,17.659609786834235
21,Concat,0,0,0.0,0.0,False,skipped_zero_parameter_layer,Top-level layer has no trainable parameters; replacing it cannot reduce model parameters.,concat,0.6414207460892849,0.1899135424242684,,,,,,,,,,,,,,,,,,,,,,,,,,,,,,,,,,,,,,,,,
22,C3k2,463104,463104,18.46440917191967,18.473026662199032,True,ok,,concat,0.6414207460892849,0.1899135424242684,"((1, 384, 20, 20))","(1, 256, 20, 20)","((1, 384, 20, 20))","(1, 256, 20, 20)",1/1 x 1/1,"DynamicNoParamLayerAdapter(target_channels=256, h_scale=1/1, w_scale=1/1, multi_input_policy=concat)",/home/afm176/yolo_project/5_reproduction/stage2_results/layer_replacement_sweep_20260729_151557/saved_replaced_models/GEN_replace_L22_C3k2.pt,/home/afm176/yolo_project/5_reproduction/stage2_results/layer_replacement_sweep_20260729_151557/saved_replaced_models/SNOW_replace_L22_C3k2.pt,581a1fb1cbe9d80cddaa6f6ad98ac11eabe6857dccd9c6ffd5badde62e5a1b5b,cc3cc3b18c4c618585d7cf087e4374b88001075677e665086762bd9566c3547e,2044986,2043816,463104,463104,18.46440917191967,18.473026662199032,18.46871791705935,4.284930229187012,4.2796430587768555,0.43117343959136384,0.6018502433067291,0.4955101935961154,0.735007560810708,0.5759155896478051,1.2039029191840778,830.6317594758644,0.12294146141339098,0.23031038084316074,0.11526902158346776,0.5869711288097568,0.16777327228232827,1.0259988810867071,974.6599323196435,0.21024730649792106,0.06697208101087741,0.32778376405782006,0.3526451044826558,0.3402144342702379,False,0.3402144342702379,54.28552129681054
