rank_by_prunability_descending,ratio_percent,group_id,group_kind,representative_root,parameters_removed,gflops_removed,baseline_parameters,baseline_gflops,RP_parameter_reduction_fraction,RF_gflop_reduction_fraction,B_geometric_resource_benefit,sensitivity_S_GEN_PROTECTED,P_updated_prunability
1,12.5,DG026,GENERIC,model.22.m.0.1.ffn.0.conv,8256,0.006656000000000439,2506140,5.782528,0.0032943091766621177,0.001151053656809001,0.0019472869907788065,0.00028426509395957993,0.872615523561528
2,12.5,DG004,GENERIC,model.10.m.0.ffn.0.conv,8256,0.006656000000000439,2506140,5.782528,0.0032943091766621177,0.001151053656809001,0.0019472869907788065,0.000711177387276622,0.7324856435365055
3,12.5,DG025,GENERIC,model.22.m.0.0.cv1.conv,18448,0.014771200000000206,2506140,5.782528,0.007361121086611282,0.0025544536922259965,0.004336316747957513,0.004889603884428873,0.4700145297950474
4,12.5,DG038,GENERIC,model.8.m.0.cv1.conv,20528,0.016460799999999942,2506140,5.782528,0.008191082700886622,0.002846644235877447,0.0048287781431822245,0.008851529324516869,0.35297292510300443
5,12.5,CDG005,CUSTOM,model.10,36464,0.02935040000000022,2506140,5.782528,0.014549865530257687,0.005075703913582471,0.008593649365317835,0.019364358688317596,0.30737702588938154
6,12.5,CDG009,CUSTOM,model.22,63120,0.050700799999999546,2506140,5.782528,0.025186142833201655,0.008767929874269446,0.014860361172086164,0.03524677451287825,0.2965717550792929
7,12.5,DG034,GENERIC,model.6.m.0.m.0.cv1.conv,2312,0.007424000000000319,2506140,5.782528,0.0009225342558675892,0.0012838675402869332,0.0010883068436388507,0.003078384078055691,0.2611921220199961
8,12.5,DG040,GENERIC,model.8.m.0.m.0.cv1.conv,9232,0.007398400000000471,2506140,5.782528,0.0036837527033605467,0.0012794404108376943,0.0021709772159587684,0.006567017019566944,0.2484525804711925
9,12.5,DG003,GENERIC,model.10.cv2.conv,20544,0.02641919999999942,2506140,5.782528,0.008197467020996432,0.004568797591641479,0.006119850290904913,0.02576812532605642,0.19191717794872312
10,12.5,DG039,GENERIC,model.8.m.0.cv2.conv,2064,0.0016639999999998878,2506140,5.782528,0.0008235772941655294,0.0002877634142022119,0.00048682174769466917,0.002160193747246319,0.18391344841958404
11,12.5,DG036,GENERIC,model.7.conv,45120,0.036147200000001156,2506140,5.782528,0.018003782709665062,0.006251106782362516,0.010608655343848639,0.05311632123333531,0.16647562562850676
12,12.5,CDG004,CUSTOM,model.8,24672,0.019814400000000454,2506140,5.782528,0.00984462160932749,0.003426598193731263,0.005808060142981419,0.031806489198803536,0.1544099356397022
13,12.5,DG042,GENERIC,model.9.cv1.conv,20512,0.016435200000000094,2506140,5.782528,0.008184698380776812,0.002842217106428208,0.004823141066649317,0.02915485863832487,0.1419489407418894
14,12.5,DG021,GENERIC,model.2.cv2.conv,5008,0.08028159999999929,2506140,5.782528,0.0019982921943706255,0.01388347795289522,0.0052671857404108305,0.03394656189897513,0.1343198765098522
15,12.5,DG037,GENERIC,model.8.cv2.conv,41088,0.03297280000000047,2506140,5.782528,0.016394934041992864,0.005702142730653525,0.00966882898634026,0.06979051701912714,0.12168271540612695
16,12.5,DG028,GENERIC,model.4.cv2.conv,21024,0.09256960000000003,2506140,5.782528,0.008388996624290742,0.016008500088542595,0.01158858288155812,0.10220930759839009,0.10183477771584958
17,12.5,DG008,GENERIC,model.13.m.0.m.0.cv1.conv,2312,0.007424000000000319,2506140,5.782528,0.0009225342558675892,0.0012838675402869332,0.0010883068436388507,0.009654164517061064,0.10130879637438876
18,12.5,DG023,GENERIC,model.20.conv,22560,0.018073600000000134,2506140,5.782528,0.009001891354832531,0.0031255533911811813,0.005304327671924254,0.04729263886161302,0.10084854738803364
19,12.5,DG033,GENERIC,model.6.m.0.cv2.conv,520,0.0016895999999997358,2506140,5.782528,0.00020749040356883493,0.0002921905436514507,0.0002462249658772172,0.0023269764535558957,0.09568818205123701
20,12.5,DG018,GENERIC,model.19.m.0.cv2.conv,520,0.0016895999999997358,2506140,5.782528,0.00020749040356883493,0.0002921905436514507,0.0002462249658772172,0.0024297422608962347,0.09201344598457695
21,12.5,DG041,GENERIC,model.8.m.0.m.1.cv1.conv,9232,0.007398400000000471,2506140,5.782528,0.0036837527033605467,0.0012794404108376943,0.0021709772159587684,0.022029413481096827,0.08970835401524761
22,12.5,DG031,GENERIC,model.6.cv2.conv,42016,0.04607999999999901,2506140,5.782528,0.016765224608361863,0.007968833008677002,0.011558515270440143,0.11894223175217962,0.08857049123586012
23,12.5,DG019,GENERIC,model.19.m.0.m.0.cv1.conv,2312,0.007424000000000319,2506140,5.782528,0.0009225342558675892,0.0012838675402869332,0.0010883068436388507,0.01198948670896376,0.08321792504686441
24,12.5,DG030,GENERIC,model.5.conv,20512,0.06574080000000038,2506140,5.782528,0.008184698380776812,0.011368868425712832,0.009646282133298633,0.13217010588079578,0.06801951642104959
25,12.5,DG024,GENERIC,model.22.cv2.conv,26368,0.021248000000000822,2506140,5.782528,0.010521359540967385,0.003674517442890172,0.006217790536533342,0.08583470943662906,0.06754613441618769
26,12.5,DG005,GENERIC,model.13.cv2.conv,6176,0.02990080000000006,2506140,5.782528,0.002464347562386778,0.005170887196741643,0.0035697147307127033,0.05012789220226755,0.06647809715557806
27,12.5,CDG006,CUSTOM,model.13,10288,0.03307519999999986,2506140,5.782528,0.004105117830608027,0.00571985124845048,0.004845685023651418,0.07476720127012561,0.06086558658067624
28,12.5,DG035,GENERIC,model.6.m.0.m.1.cv1.conv,2312,0.007424000000000319,2506140,5.782528,0.0009225342558675892,0.0012838675402869332,0.0010883068436388507,0.01753149165781223,0.05844890553214292
29,12.5,DG010,GENERIC,model.16.cv2.conv,8896,0.07024640000000026,2506140,5.782528,0.00354968198105453,0.01214804320878347,0.00656671075069479,0.11457943341378693,0.05420486797977722
30,12.5,DG009,GENERIC,model.13.m.0.m.1.cv1.conv,2312,0.007424000000000319,2506140,5.782528,0.0009225342558675892,0.0012838675402869332,0.0010883068436388507,0.02108700281778232,0.049077413585443624
31,12.5,DG007,GENERIC,model.13.m.0.cv2.conv,520,0.0016895999999997358,2506140,5.782528,0.00020749040356883493,0.0002921905436514507,0.0002462249658772172,0.0049192595793719875,0.04766735118851048
32,12.5,DG016,GENERIC,model.19.cv2.conv,28544,0.04741119999999999,2506140,5.782528,0.011389627075901586,0.008199043740038957,0.009663542341090512,0.20997363656338228,0.04399775297284025
33,12.5,DG001,GENERIC,model.0.conv,634,0.0421888000000008,2506140,5.782528,0.00025297868435123335,0.007295909332389018,0.0013585689323893945,0.03142768851594081,0.04143714586913262
34,12.5,DG020,GENERIC,model.19.m.0.m.1.cv1.conv,2312,0.007424000000000319,2506140,5.782528,0.0009225342558675892,0.0012838675402869332,0.0010883068436388507,0.028990613504705727,0.03618171234323398
35,12.5,CDG008,CUSTOM,model.19,7216,0.02324480000000051,2506140,5.782528,0.002879328369524448,0.004019833539932796,0.003402120037902012,0.09374812431121655,0.0350191608955318
36,12.5,DG029,GENERIC,model.4.m.0.cv1.conv,1156,0.014848000000000638,2506140,5.782528,0.0004612671279337946,0.0025677350805738664,0.0010883068436388507,0.03249363896521781,0.032407498059621925
37,12.5,DG015,GENERIC,model.17.conv,5648,0.01812479999999983,2506140,5.782528,0.002253664998763038,0.003134407650079659,0.002657800747392406,0.08004132997664548,0.0321381944903548
38,12.5,DG017,GENERIC,model.19.m.0.cv1.conv,5144,0.016537600000000374,2506140,5.782528,0.0020525589153040135,0.002859925624225317,0.0024228425118257416,0.07673679001426958,0.03060704597165785
39,12.5,CDG003,CUSTOM,model.6,6192,0.01996800000000043,2506140,5.782528,0.0024707318824965883,0.0034531609704268494,0.0029209304861681448,0.09627049103313917,0.029447410284362083
40,12.5,DG013,GENERIC,model.16.m.0.m.0.cv1.conv,580,0.007475200000000015,2506140,5.782528,0.00023143160398062359,0.0012927217991854107,0.0005469704557708735,0.0190560361540717,0.027902375725172807
41,12.5,DG014,GENERIC,model.16.m.0.m.1.cv1.conv,580,0.007475200000000015,2506140,5.782528,0.00023143160398062359,0.0012927217991854107,0.0005469704557708735,0.01951460300510809,0.027264584048578858
42,12.5,DG006,GENERIC,model.13.m.0.cv1.conv,5144,0.016537600000000374,2506140,5.782528,0.0020525589153040135,0.002859925624225317,0.0024228425118257416,0.09018166647729418,0.026163331983223414
43,12.5,DG022,GENERIC,model.2.m.0.cv1.conv,290,0.01495040000000003,2506140,5.782528,0.00011571580199031179,0.0025854435983708214,0.0005469704557708735,0.021066603607037,0.025306802761144782
44,12.5,DG032,GENERIC,model.6.m.0.cv1.conv,5144,0.016537600000000374,2506140,5.782528,0.0020525589153040135,0.002859925624225317,0.0024228425118257416,0.13788001067897268,0.01726866173228073
45,12.5,DG012,GENERIC,model.16.m.0.cv2.conv,132,0.0017407999999994317,2506140,5.782528,5.267064090593502e-05,0.0003010448025499283,0.0001259214941608675,0.009924921028313653,0.012528451607842482
46,12.5,DG002,GENERIC,model.1.conv,712,0.036863999999999564,2506140,5.782528,0.0002841022448865586,0.006375066406941663,0.0013457974132509744,0.11705111960886691,0.011366828183537618
47,12.5,CDG007,CUSTOM,model.16,3096,0.03993599999999997,2506140,5.782528,0.0012353659412482941,0.006906321940853545,0.0029209304861681127,0.2955538362727073,0.00978618902323426
48,12.5,DG011,GENERIC,model.16.m.0.cv1.conv,1292,0.016691199999999462,2506140,5.782528,0.0005155338488671822,0.0028864884009207497,0.0012198698598773362,0.15222870556447185,0.007949698174153055
49,12.5,CDG002,CUSTOM,model.4,3224,0.0415744000000009,2506140,5.782528,0.0012864405021267766,0.007189658225606672,0.0030412279654556244,0.3915902244212669,0.007706501717139734
50,12.5,DG027,GENERIC,model.3.conv,5136,0.06594560000000005,2506140,5.782528,0.002049366755249108,0.011404285461306897,0.004834414493170098,0.633372973516496,0.007574989860657766
51,12.5,CDG001,CUSTOM,model.2,812,0.0421888000000008,2506140,5.782528,0.00032400424557287304,0.007295909332389018,0.0015374997882955262,0.2598398653590945,0.005882298903076531
