pruning_method,search_type,layers,size,amount,baseline_mAP50_95,pruned_mAP50_95,drop_mAP50_95,baseline_mAP50,pruned_mAP50,drop_mAP50,baseline_latency_ms,pruned_latency_ms,baseline_fps,pruned_fps,zero_percent,model_path,source_csv
l2_structured,new_top6_combo,7,1,0.1,0.506632,0.496558,0.010075,0.690055,0.668741,0.021314,1.308783,1.320066,764.068792,757.538141,1.260212,/home/afm176/yolo_project/3_pruning/pruning_plan_new_sw_full_20260712_234356/l2_structured_combo_new_top6_amt_0p10/combo_7_amt_0p10/yolo26n_l2_combo_7_amt_0p10.pt,/home/afm176/yolo_project/3_pruning/pruning_plan_new_sw_full_20260712_234356/l2_structured_combo_new_top6_amt_0p10/combo_7_amt_0p10/structured_pruning_summary.csv
l2_structured,new_top6_combo,20,1,0.1,0.506632,0.489231,0.017401,0.690055,0.683530,0.006525,1.334943,1.322812,749.095577,755.965330,0.630169,/home/afm176/yolo_project/3_pruning/pruning_plan_new_sw_full_20260712_234356/l2_structured_combo_new_top6_amt_0p10/combo_20_amt_0p10/yolo26n_l2_combo_20_amt_0p10.pt,/home/afm176/yolo_project/3_pruning/pruning_plan_new_sw_full_20260712_234356/l2_structured_combo_new_top6_amt_0p10/combo_20_amt_0p10/structured_pruning_summary.csv
l2_structured,new_top6_combo,"20,7",2,0.1,0.506632,0.480049,0.026583,0.690055,0.662864,0.027191,1.398089,1.383748,715.261879,722.674981,1.890255,/home/afm176/yolo_project/3_pruning/pruning_plan_new_sw_full_20260712_234356/l2_structured_combo_new_top6_amt_0p10/combo_20_7_amt_0p10/yolo26n_l2_combo_20_7_amt_0p10.pt,/home/afm176/yolo_project/3_pruning/pruning_plan_new_sw_full_20260712_234356/l2_structured_combo_new_top6_amt_0p10/combo_20_7_amt_0p10/structured_pruning_summary.csv
l2_structured,new_top6_combo,7,1,0.2,0.506632,0.476630,0.030002,0.690055,0.644706,0.045349,1.406065,1.388977,711.204897,719.954437,2.471833,/home/afm176/yolo_project/3_pruning/pruning_plan_new_sw_full_20260712_234356/l2_structured_combo_new_top6_amt_0p20/combo_7_amt_0p20/yolo26n_l2_combo_7_amt_0p20.pt,/home/afm176/yolo_project/3_pruning/pruning_plan_new_sw_full_20260712_234356/l2_structured_combo_new_top6_amt_0p20/combo_7_amt_0p20/structured_pruning_summary.csv
l2_structured,new_top6_combo,17,1,0.1,0.506632,0.473365,0.033267,0.690055,0.676999,0.013056,1.381229,1.307052,723.992949,765.080222,0.145521,/home/afm176/yolo_project/3_pruning/pruning_plan_new_sw_full_20260712_234356/l2_structured_combo_new_top6_amt_0p10/combo_17_amt_0p10/yolo26n_l2_combo_17_amt_0p10.pt,/home/afm176/yolo_project/3_pruning/pruning_plan_new_sw_full_20260712_234356/l2_structured_combo_new_top6_amt_0p10/combo_17_amt_0p10/structured_pruning_summary.csv
l2_structured,new_top6_combo,10,1,0.1,0.506632,0.466356,0.040276,0.690055,0.637345,0.052710,1.372098,1.337527,728.811090,747.648262,1.055120,/home/afm176/yolo_project/3_pruning/pruning_plan_new_sw_full_20260712_234356/l2_structured_combo_new_top6_amt_0p10/combo_10_amt_0p10/yolo26n_l2_combo_10_amt_0p10.pt,/home/afm176/yolo_project/3_pruning/pruning_plan_new_sw_full_20260712_234356/l2_structured_combo_new_top6_amt_0p10/combo_10_amt_0p10/structured_pruning_summary.csv
l2_structured,new_top6_combo,"7,17",2,0.1,0.506632,0.460691,0.045942,0.690055,0.649156,0.040899,1.389299,1.325710,719.787278,754.313021,1.405607,/home/afm176/yolo_project/3_pruning/pruning_plan_new_sw_full_20260712_234356/l2_structured_combo_new_top6_amt_0p10/combo_7_17_amt_0p10/yolo26n_l2_combo_7_17_amt_0p10.pt,/home/afm176/yolo_project/3_pruning/pruning_plan_new_sw_full_20260712_234356/l2_structured_combo_new_top6_amt_0p10/combo_7_17_amt_0p10/structured_pruning_summary.csv
l2_structured,new_top6_combo,20,1,0.2,0.506632,0.459252,0.047380,0.690055,0.668721,0.021334,1.371468,1.358880,729.145720,735.900119,1.260212,/home/afm176/yolo_project/3_pruning/pruning_plan_new_sw_full_20260712_234356/l2_structured_combo_new_top6_amt_0p20/combo_20_amt_0p20/yolo26n_l2_combo_20_amt_0p20.pt,/home/afm176/yolo_project/3_pruning/pruning_plan_new_sw_full_20260712_234356/l2_structured_combo_new_top6_amt_0p20/combo_20_amt_0p20/structured_pruning_summary.csv
l2_structured,new_top6_combo,"7,10",2,0.1,0.506632,0.453769,0.052863,0.690055,0.616817,0.073238,1.363286,1.284222,733.521831,778.681639,2.315206,/home/afm176/yolo_project/3_pruning/pruning_plan_new_sw_full_20260712_234356/l2_structured_combo_new_top6_amt_0p10/combo_7_10_amt_0p10/yolo26n_l2_combo_7_10_amt_0p10.pt,/home/afm176/yolo_project/3_pruning/pruning_plan_new_sw_full_20260712_234356/l2_structured_combo_new_top6_amt_0p10/combo_7_10_amt_0p10/structured_pruning_summary.csv
l2_structured,new_top6_combo,"20,17",2,0.1,0.506632,0.449991,0.056641,0.690055,0.668460,0.021595,1.280547,1.328152,780.916439,752.925914,0.775564,/home/afm176/yolo_project/3_pruning/pruning_plan_new_sw_full_20260712_234356/l2_structured_combo_new_top6_amt_0p10/combo_20_17_amt_0p10/yolo26n_l2_combo_20_17_amt_0p10.pt,/home/afm176/yolo_project/3_pruning/pruning_plan_new_sw_full_20260712_234356/l2_structured_combo_new_top6_amt_0p10/combo_20_17_amt_0p10/structured_pruning_summary.csv
l2_structured,new_top6_combo,8,1,0.1,0.506632,0.441743,0.064889,0.690055,0.607205,0.082850,1.374269,1.300041,727.659533,769.206723,1.416376,/home/afm176/yolo_project/3_pruning/pruning_plan_new_sw_full_20260712_234356/l2_structured_combo_new_top6_amt_0p10/combo_8_amt_0p10/yolo26n_l2_combo_8_amt_0p10.pt,/home/afm176/yolo_project/3_pruning/pruning_plan_new_sw_full_20260712_234356/l2_structured_combo_new_top6_amt_0p10/combo_8_amt_0p10/structured_pruning_summary.csv
l2_structured,new_top6_combo,"20,7,17",3,0.1,0.506632,0.439993,0.066639,0.690055,0.641673,0.048382,1.364057,1.298315,733.107335,770.229257,2.035649,/home/afm176/yolo_project/3_pruning/pruning_plan_new_sw_full_20260712_234356/l2_structured_combo_new_top6_amt_0p10/combo_20_7_17_amt_0p10/yolo26n_l2_combo_20_7_17_amt_0p10.pt,/home/afm176/yolo_project/3_pruning/pruning_plan_new_sw_full_20260712_234356/l2_structured_combo_new_top6_amt_0p10/combo_20_7_17_amt_0p10/structured_pruning_summary.csv
l2_structured,new_top6_combo,17,1,0.2,0.506632,0.437900,0.068732,0.690055,0.647309,0.042746,1.323301,1.309770,755.685749,763.492728,0.315148,/home/afm176/yolo_project/3_pruning/pruning_plan_new_sw_full_20260712_234356/l2_structured_combo_new_top6_amt_0p20/combo_17_amt_0p20/yolo26n_l2_combo_17_amt_0p20.pt,/home/afm176/yolo_project/3_pruning/pruning_plan_new_sw_full_20260712_234356/l2_structured_combo_new_top6_amt_0p20/combo_17_amt_0p20/structured_pruning_summary.csv
l2_structured,new_top6_combo,"10,17",2,0.1,0.506632,0.437599,0.069033,0.690055,0.629899,0.060156,1.335267,1.351181,748.913998,740.093555,1.200514,/home/afm176/yolo_project/3_pruning/pruning_plan_new_sw_full_20260712_234356/l2_structured_combo_new_top6_amt_0p10/combo_10_17_amt_0p10/yolo26n_l2_combo_10_17_amt_0p10.pt,/home/afm176/yolo_project/3_pruning/pruning_plan_new_sw_full_20260712_234356/l2_structured_combo_new_top6_amt_0p10/combo_10_17_amt_0p10/structured_pruning_summary.csv
l2_structured,new_top6_combo,"20,10",2,0.1,0.506632,0.437222,0.069410,0.690055,0.618515,0.071540,1.377301,1.472474,726.057664,679.129353,1.685163,/home/afm176/yolo_project/3_pruning/pruning_plan_new_sw_full_20260712_234356/l2_structured_combo_new_top6_amt_0p10/combo_20_10_amt_0p10/yolo26n_l2_combo_20_10_amt_0p10.pt,/home/afm176/yolo_project/3_pruning/pruning_plan_new_sw_full_20260712_234356/l2_structured_combo_new_top6_amt_0p10/combo_20_10_amt_0p10/structured_pruning_summary.csv
l2_structured,new_top6_combo,"20,7",2,0.2,0.506632,0.431699,0.074934,0.690055,0.620957,0.069098,1.340711,1.347729,745.872840,741.988910,3.731919,/home/afm176/yolo_project/3_pruning/pruning_plan_new_sw_full_20260712_234356/l2_structured_combo_new_top6_amt_0p20/combo_20_7_amt_0p20/yolo26n_l2_combo_20_7_amt_0p20.pt,/home/afm176/yolo_project/3_pruning/pruning_plan_new_sw_full_20260712_234356/l2_structured_combo_new_top6_amt_0p20/combo_20_7_amt_0p20/structured_pruning_summary.csv
l2_structured,new_top6_combo,"20,8",2,0.1,0.506632,0.425683,0.080950,0.690055,0.599002,0.091053,1.297181,1.373483,770.902492,728.076179,2.046419,/home/afm176/yolo_project/3_pruning/pruning_plan_new_sw_full_20260712_234356/l2_structured_combo_new_top6_amt_0p10/combo_20_8_amt_0p10/yolo26n_l2_combo_20_8_amt_0p10.pt,/home/afm176/yolo_project/3_pruning/pruning_plan_new_sw_full_20260712_234356/l2_structured_combo_new_top6_amt_0p10/combo_20_8_amt_0p10/structured_pruning_summary.csv
l2_structured,new_top6_combo,"20,7,10",3,0.1,0.506632,0.425103,0.081529,0.690055,0.596060,0.093995,1.335124,1.335054,748.994156,749.033352,2.945249,/home/afm176/yolo_project/3_pruning/pruning_plan_new_sw_full_20260712_234356/l2_structured_combo_new_top6_amt_0p10/combo_20_7_10_amt_0p10/yolo26n_l2_combo_20_7_10_amt_0p10.pt,/home/afm176/yolo_project/3_pruning/pruning_plan_new_sw_full_20260712_234356/l2_structured_combo_new_top6_amt_0p10/combo_20_7_10_amt_0p10/structured_pruning_summary.csv
l2_structured,new_top6_combo,"7,10,17",3,0.1,0.506632,0.423142,0.083490,0.690055,0.604016,0.086039,1.390365,1.337652,719.235486,747.578709,2.460600,/home/afm176/yolo_project/3_pruning/pruning_plan_new_sw_full_20260712_234356/l2_structured_combo_new_top6_amt_0p10/combo_7_10_17_amt_0p10/yolo26n_l2_combo_7_10_17_amt_0p10.pt,/home/afm176/yolo_project/3_pruning/pruning_plan_new_sw_full_20260712_234356/l2_structured_combo_new_top6_amt_0p10/combo_7_10_17_amt_0p10/structured_pruning_summary.csv
l2_structured,new_top6_combo,"7,17",2,0.2,0.506632,0.408839,0.097793,0.690055,0.596856,0.093200,1.375760,1.311467,726.871047,762.504919,2.786854,/home/afm176/yolo_project/3_pruning/pruning_plan_new_sw_full_20260712_234356/l2_structured_combo_new_top6_amt_0p20/combo_7_17_amt_0p20/yolo26n_l2_combo_7_17_amt_0p20.pt,/home/afm176/yolo_project/3_pruning/pruning_plan_new_sw_full_20260712_234356/l2_structured_combo_new_top6_amt_0p20/combo_7_17_amt_0p20/structured_pruning_summary.csv
l2_structured,new_top6_combo,"8,17",2,0.1,0.506632,0.404544,0.102088,0.690055,0.578006,0.112050,1.413306,1.307642,707.561022,764.735373,1.561771,/home/afm176/yolo_project/3_pruning/pruning_plan_new_sw_full_20260712_234356/l2_structured_combo_new_top6_amt_0p10/combo_8_17_amt_0p10/yolo26n_l2_combo_8_17_amt_0p10.pt,/home/afm176/yolo_project/3_pruning/pruning_plan_new_sw_full_20260712_234356/l2_structured_combo_new_top6_amt_0p10/combo_8_17_amt_0p10/structured_pruning_summary.csv
l2_structured,new_top6_combo,"20,10,17",3,0.1,0.506632,0.402979,0.103653,0.690055,0.606759,0.083296,1.317338,1.385315,759.106866,721.857307,1.830557,/home/afm176/yolo_project/3_pruning/pruning_plan_new_sw_full_20260712_234356/l2_structured_combo_new_top6_amt_0p10/combo_20_10_17_amt_0p10/yolo26n_l2_combo_20_10_17_amt_0p10.pt,/home/afm176/yolo_project/3_pruning/pruning_plan_new_sw_full_20260712_234356/l2_structured_combo_new_top6_amt_0p10/combo_20_10_17_amt_0p10/structured_pruning_summary.csv
l2_structured,new_top6_combo,"7,8",2,0.1,0.506632,0.396388,0.110244,0.690055,0.549201,0.140854,1.380555,1.387192,724.346278,720.880844,2.676462,/home/afm176/yolo_project/3_pruning/pruning_plan_new_sw_full_20260712_234356/l2_structured_combo_new_top6_amt_0p10/combo_7_8_amt_0p10/yolo26n_l2_combo_7_8_amt_0p10.pt,/home/afm176/yolo_project/3_pruning/pruning_plan_new_sw_full_20260712_234356/l2_structured_combo_new_top6_amt_0p10/combo_7_8_amt_0p10/structured_pruning_summary.csv
l2_structured,new_top6_combo,22,1,0.1,0.506632,0.396377,0.110255,0.690055,0.581774,0.108281,1.431379,1.474939,698.627123,677.994227,1.940949,/home/afm176/yolo_project/3_pruning/pruning_plan_new_sw_full_20260712_234356/l2_structured_combo_new_top6_amt_0p10/combo_22_amt_0p10/yolo26n_l2_combo_22_amt_0p10.pt,/home/afm176/yolo_project/3_pruning/pruning_plan_new_sw_full_20260712_234356/l2_structured_combo_new_top6_amt_0p10/combo_22_amt_0p10/structured_pruning_summary.csv
l2_structured,new_top6_combo,"7,22",2,0.1,0.506632,0.390154,0.116479,0.690055,0.566636,0.123419,1.336444,1.341289,748.254252,745.551730,3.201035,/home/afm176/yolo_project/3_pruning/pruning_plan_new_sw_full_20260712_234356/l2_structured_combo_new_top6_amt_0p10/combo_7_22_amt_0p10/yolo26n_l2_combo_7_22_amt_0p10.pt,/home/afm176/yolo_project/3_pruning/pruning_plan_new_sw_full_20260712_234356/l2_structured_combo_new_top6_amt_0p10/combo_7_22_amt_0p10/structured_pruning_summary.csv
l2_structured,new_top6_combo,"20,7,10,17",4,0.1,0.506632,0.388410,0.118222,0.690055,0.579129,0.110926,1.308789,1.317476,764.064907,759.026925,3.090643,/home/afm176/yolo_project/3_pruning/pruning_plan_new_sw_full_20260712_234356/l2_structured_combo_new_top6_amt_0p10/combo_20_7_10_17_amt_0p10/yolo26n_l2_combo_20_7_10_17_amt_0p10.pt,/home/afm176/yolo_project/3_pruning/pruning_plan_new_sw_full_20260712_234356/l2_structured_combo_new_top6_amt_0p10/combo_20_7_10_17_amt_0p10/structured_pruning_summary.csv
l2_structured,new_top6_combo,10,1,0.2,0.506632,0.387412,0.119220,0.690055,0.537850,0.152205,1.290182,1.337873,775.084509,747.455201,2.077804,/home/afm176/yolo_project/3_pruning/pruning_plan_new_sw_full_20260712_234356/l2_structured_combo_new_top6_amt_0p20/combo_10_amt_0p20/yolo26n_l2_combo_10_amt_0p20.pt,/home/afm176/yolo_project/3_pruning/pruning_plan_new_sw_full_20260712_234356/l2_structured_combo_new_top6_amt_0p20/combo_10_amt_0p20/structured_pruning_summary.csv
l2_structured,new_top6_combo,"10,8",2,0.1,0.506632,0.384992,0.121640,0.690055,0.536325,0.153730,1.289752,1.301472,775.342944,768.360529,2.471370,/home/afm176/yolo_project/3_pruning/pruning_plan_new_sw_full_20260712_234356/l2_structured_combo_new_top6_amt_0p10/combo_10_8_amt_0p10/yolo26n_l2_combo_10_8_amt_0p10.pt,/home/afm176/yolo_project/3_pruning/pruning_plan_new_sw_full_20260712_234356/l2_structured_combo_new_top6_amt_0p10/combo_10_8_amt_0p10/structured_pruning_summary.csv
l2_structured,new_top6_combo,"20,8,17",3,0.1,0.506632,0.380284,0.126349,0.690055,0.564248,0.125807,1.330968,1.335577,751.333133,748.740029,2.191814,/home/afm176/yolo_project/3_pruning/pruning_plan_new_sw_full_20260712_234356/l2_structured_combo_new_top6_amt_0p10/combo_20_8_17_amt_0p10/yolo26n_l2_combo_20_8_17_amt_0p10.pt,/home/afm176/yolo_project/3_pruning/pruning_plan_new_sw_full_20260712_234356/l2_structured_combo_new_top6_amt_0p10/combo_20_8_17_amt_0p10/structured_pruning_summary.csv
l2_structured,new_top6_combo,"20,17",2,0.2,0.506632,0.380176,0.126457,0.690055,0.619465,0.070591,1.424613,1.344794,701.944820,743.608493,1.575233,/home/afm176/yolo_project/3_pruning/pruning_plan_new_sw_full_20260712_234356/l2_structured_combo_new_top6_amt_0p20/combo_20_17_amt_0p20/yolo26n_l2_combo_20_17_amt_0p20.pt,/home/afm176/yolo_project/3_pruning/pruning_plan_new_sw_full_20260712_234356/l2_structured_combo_new_top6_amt_0p20/combo_20_17_amt_0p20/structured_pruning_summary.csv
l2_structured,new_top6_combo,"20,7,8",3,0.1,0.506632,0.375834,0.130799,0.690055,0.534254,0.155802,1.331168,1.316105,751.220206,759.817703,3.306505,/home/afm176/yolo_project/3_pruning/pruning_plan_new_sw_full_20260712_234356/l2_structured_combo_new_top6_amt_0p10/combo_20_7_8_amt_0p10/yolo26n_l2_combo_20_7_8_amt_0p10.pt,/home/afm176/yolo_project/3_pruning/pruning_plan_new_sw_full_20260712_234356/l2_structured_combo_new_top6_amt_0p10/combo_20_7_8_amt_0p10/structured_pruning_summary.csv
l2_structured,new_top6_combo,"20,7,17",3,0.2,0.506632,0.356852,0.149780,0.690055,0.567381,0.122674,1.407084,1.311776,710.689491,762.325406,4.046940,/home/afm176/yolo_project/3_pruning/pruning_plan_new_sw_full_20260712_234356/l2_structured_combo_new_top6_amt_0p20/combo_20_7_17_amt_0p20/yolo26n_l2_combo_20_7_17_amt_0p20.pt,/home/afm176/yolo_project/3_pruning/pruning_plan_new_sw_full_20260712_234356/l2_structured_combo_new_top6_amt_0p20/combo_20_7_17_amt_0p20/structured_pruning_summary.csv
l2_structured,new_top6_combo,"20,10,8",3,0.1,0.506632,0.355927,0.150705,0.690055,0.510865,0.179190,1.334439,1.359202,749.378412,735.726036,3.101413,/home/afm176/yolo_project/3_pruning/pruning_plan_new_sw_full_20260712_234356/l2_structured_combo_new_top6_amt_0p10/combo_20_10_8_amt_0p10/yolo26n_l2_combo_20_10_8_amt_0p10.pt,/home/afm176/yolo_project/3_pruning/pruning_plan_new_sw_full_20260712_234356/l2_structured_combo_new_top6_amt_0p10/combo_20_10_8_amt_0p10/structured_pruning_summary.csv
l2_structured,new_top6_combo,"7,8,17",3,0.1,0.506632,0.355531,0.151101,0.690055,0.513649,0.176406,1.441418,1.427947,693.761149,700.306228,2.821857,/home/afm176/yolo_project/3_pruning/pruning_plan_new_sw_full_20260712_234356/l2_structured_combo_new_top6_amt_0p10/combo_7_8_17_amt_0p10/yolo26n_l2_combo_7_8_17_amt_0p10.pt,/home/afm176/yolo_project/3_pruning/pruning_plan_new_sw_full_20260712_234356/l2_structured_combo_new_top6_amt_0p10/combo_7_8_17_amt_0p10/structured_pruning_summary.csv
l2_structured,new_top6_combo,"20,22",2,0.1,0.506632,0.354291,0.152341,0.690055,0.526529,0.163526,1.377324,1.285785,726.045826,777.734728,2.570992,/home/afm176/yolo_project/3_pruning/pruning_plan_new_sw_full_20260712_234356/l2_structured_combo_new_top6_amt_0p10/combo_20_22_amt_0p10/yolo26n_l2_combo_20_22_amt_0p10.pt,/home/afm176/yolo_project/3_pruning/pruning_plan_new_sw_full_20260712_234356/l2_structured_combo_new_top6_amt_0p10/combo_20_22_amt_0p10/structured_pruning_summary.csv
l2_structured,new_top6_combo,"7,10,8",3,0.1,0.506632,0.349366,0.157266,0.690055,0.485491,0.204564,1.392009,1.347394,718.386277,742.173201,3.731456,/home/afm176/yolo_project/3_pruning/pruning_plan_new_sw_full_20260712_234356/l2_structured_combo_new_top6_amt_0p10/combo_7_10_8_amt_0p10/yolo26n_l2_combo_7_10_8_amt_0p10.pt,/home/afm176/yolo_project/3_pruning/pruning_plan_new_sw_full_20260712_234356/l2_structured_combo_new_top6_amt_0p10/combo_7_10_8_amt_0p10/structured_pruning_summary.csv
l2_structured,new_top6_combo,"20,7,22",3,0.1,0.506632,0.348820,0.157812,0.690055,0.513002,0.177053,1.374785,1.291784,727.386540,774.123023,3.831078,/home/afm176/yolo_project/3_pruning/pruning_plan_new_sw_full_20260712_234356/l2_structured_combo_new_top6_amt_0p10/combo_20_7_22_amt_0p10/yolo26n_l2_combo_20_7_22_amt_0p10.pt,/home/afm176/yolo_project/3_pruning/pruning_plan_new_sw_full_20260712_234356/l2_structured_combo_new_top6_amt_0p10/combo_20_7_22_amt_0p10/structured_pruning_summary.csv
l2_structured,new_top6_combo,22,1,0.2,0.506632,0.348809,0.157823,0.690055,0.517914,0.172141,1.378235,1.336997,725.565529,747.944689,3.887158,/home/afm176/yolo_project/3_pruning/pruning_plan_new_sw_full_20260712_234356/l2_structured_combo_new_top6_amt_0p20/combo_22_amt_0p20/yolo26n_l2_combo_22_amt_0p20.pt,/home/afm176/yolo_project/3_pruning/pruning_plan_new_sw_full_20260712_234356/l2_structured_combo_new_top6_amt_0p20/combo_22_amt_0p20/structured_pruning_summary.csv
l2_structured,new_top6_combo,"20,22",2,0.2,0.506632,0.348328,0.158304,0.690055,0.517314,0.172741,1.341381,1.299123,745.500132,769.749874,5.147243,/home/afm176/yolo_project/3_pruning/pruning_plan_new_sw_full_20260712_234356/l2_structured_combo_new_top6_amt_0p20/combo_20_22_amt_0p20/yolo26n_l2_combo_20_22_amt_0p20.pt,/home/afm176/yolo_project/3_pruning/pruning_plan_new_sw_full_20260712_234356/l2_structured_combo_new_top6_amt_0p20/combo_20_22_amt_0p20/structured_pruning_summary.csv
l2_structured,new_top6_combo,"7,10",2,0.2,0.506632,0.347581,0.159052,0.690055,0.482036,0.208019,1.412742,1.359135,707.843388,735.762320,4.549510,/home/afm176/yolo_project/3_pruning/pruning_plan_new_sw_full_20260712_234356/l2_structured_combo_new_top6_amt_0p20/combo_7_10_amt_0p20/yolo26n_l2_combo_7_10_amt_0p20.pt,/home/afm176/yolo_project/3_pruning/pruning_plan_new_sw_full_20260712_234356/l2_structured_combo_new_top6_amt_0p20/combo_7_10_amt_0p20/structured_pruning_summary.csv
l2_structured,new_top6_combo,"10,8,17",3,0.1,0.506632,0.345392,0.161241,0.690055,0.508636,0.181420,1.350411,1.304292,740.515408,766.699594,2.616765,/home/afm176/yolo_project/3_pruning/pruning_plan_new_sw_full_20260712_234356/l2_structured_combo_new_top6_amt_0p10/combo_10_8_17_amt_0p10/yolo26n_l2_combo_10_8_17_amt_0p10.pt,/home/afm176/yolo_project/3_pruning/pruning_plan_new_sw_full_20260712_234356/l2_structured_combo_new_top6_amt_0p10/combo_10_8_17_amt_0p10/structured_pruning_summary.csv
l2_structured,new_top6_combo,"22,17",2,0.1,0.506632,0.344446,0.162186,0.690055,0.544271,0.145785,1.316153,1.386891,759.789959,721.037450,2.086344,/home/afm176/yolo_project/3_pruning/pruning_plan_new_sw_full_20260712_234356/l2_structured_combo_new_top6_amt_0p10/combo_22_17_amt_0p10/yolo26n_l2_combo_22_17_amt_0p10.pt,/home/afm176/yolo_project/3_pruning/pruning_plan_new_sw_full_20260712_234356/l2_structured_combo_new_top6_amt_0p10/combo_22_17_amt_0p10/structured_pruning_summary.csv
l2_structured,new_top6_combo,"22,10",2,0.1,0.506632,0.342008,0.164624,0.690055,0.505811,0.184244,1.395491,1.314545,716.593501,760.719317,2.995943,/home/afm176/yolo_project/3_pruning/pruning_plan_new_sw_full_20260712_234356/l2_structured_combo_new_top6_amt_0p10/combo_22_10_amt_0p10/yolo26n_l2_combo_22_10_amt_0p10.pt,/home/afm176/yolo_project/3_pruning/pruning_plan_new_sw_full_20260712_234356/l2_structured_combo_new_top6_amt_0p10/combo_22_10_amt_0p10/structured_pruning_summary.csv
l2_structured,new_top6_combo,"7,22,10",3,0.1,0.506632,0.335385,0.171248,0.690055,0.493036,0.197019,1.396416,1.424970,716.119166,701.769199,4.256029,/home/afm176/yolo_project/3_pruning/pruning_plan_new_sw_full_20260712_234356/l2_structured_combo_new_top6_amt_0p10/combo_7_22_10_amt_0p10/yolo26n_l2_combo_7_22_10_amt_0p10.pt,/home/afm176/yolo_project/3_pruning/pruning_plan_new_sw_full_20260712_234356/l2_structured_combo_new_top6_amt_0p10/combo_7_22_10_amt_0p10/structured_pruning_summary.csv
l2_structured,new_top6_combo,"7,22,17",3,0.1,0.506632,0.330787,0.175845,0.690055,0.514580,0.175476,1.338630,1.311243,747.032535,762.634978,3.346430,/home/afm176/yolo_project/3_pruning/pruning_plan_new_sw_full_20260712_234356/l2_structured_combo_new_top6_amt_0p10/combo_7_22_17_amt_0p10/yolo26n_l2_combo_7_22_17_amt_0p10.pt,/home/afm176/yolo_project/3_pruning/pruning_plan_new_sw_full_20260712_234356/l2_structured_combo_new_top6_amt_0p10/combo_7_22_17_amt_0p10/structured_pruning_summary.csv
l2_structured,new_top6_combo,"20,10",2,0.2,0.506632,0.329753,0.176879,0.690055,0.490498,0.199557,1.326792,1.354074,753.697797,738.512278,3.337890,/home/afm176/yolo_project/3_pruning/pruning_plan_new_sw_full_20260712_234356/l2_structured_combo_new_top6_amt_0p20/combo_20_10_amt_0p20/yolo26n_l2_combo_20_10_amt_0p20.pt,/home/afm176/yolo_project/3_pruning/pruning_plan_new_sw_full_20260712_234356/l2_structured_combo_new_top6_amt_0p20/combo_20_10_amt_0p20/structured_pruning_summary.csv
l2_structured,new_top6_combo,"20,7,8,17",4,0.1,0.506632,0.328111,0.178522,0.690055,0.494217,0.195839,1.385153,1.318409,721.941875,758.490239,3.451900,/home/afm176/yolo_project/3_pruning/pruning_plan_new_sw_full_20260712_234356/l2_structured_combo_new_top6_amt_0p10/combo_20_7_8_17_amt_0p10/yolo26n_l2_combo_20_7_8_17_amt_0p10.pt,/home/afm176/yolo_project/3_pruning/pruning_plan_new_sw_full_20260712_234356/l2_structured_combo_new_top6_amt_0p10/combo_20_7_8_17_amt_0p10/structured_pruning_summary.csv
l2_structured,new_top6_combo,"22,8",2,0.1,0.506632,0.322634,0.183999,0.690055,0.481647,0.208409,1.455190,1.426804,687.195435,700.866898,3.357200,/home/afm176/yolo_project/3_pruning/pruning_plan_new_sw_full_20260712_234356/l2_structured_combo_new_top6_amt_0p10/combo_22_8_amt_0p10/yolo26n_l2_combo_22_8_amt_0p10.pt,/home/afm176/yolo_project/3_pruning/pruning_plan_new_sw_full_20260712_234356/l2_structured_combo_new_top6_amt_0p10/combo_22_8_amt_0p10/structured_pruning_summary.csv
l2_structured,new_top6_combo,"20,22,17",3,0.1,0.506632,0.320785,0.185847,0.690055,0.512244,0.177811,1.298587,1.304941,770.067936,766.317969,2.716387,/home/afm176/yolo_project/3_pruning/pruning_plan_new_sw_full_20260712_234356/l2_structured_combo_new_top6_amt_0p10/combo_20_22_17_amt_0p10/yolo26n_l2_combo_20_22_17_amt_0p10.pt,/home/afm176/yolo_project/3_pruning/pruning_plan_new_sw_full_20260712_234356/l2_structured_combo_new_top6_amt_0p10/combo_20_22_17_amt_0p10/structured_pruning_summary.csv
l2_structured,new_top6_combo,"20,22,10",3,0.1,0.506632,0.320624,0.186008,0.690055,0.476723,0.213332,1.329341,1.329736,752.252501,752.029165,3.625986,/home/afm176/yolo_project/3_pruning/pruning_plan_new_sw_full_20260712_234356/l2_structured_combo_new_top6_amt_0p10/combo_20_22_10_amt_0p10/yolo26n_l2_combo_20_22_10_amt_0p10.pt,/home/afm176/yolo_project/3_pruning/pruning_plan_new_sw_full_20260712_234356/l2_structured_combo_new_top6_amt_0p10/combo_20_22_10_amt_0p10/structured_pruning_summary.csv
l2_structured,new_top6_combo,"20,7,10,8",4,0.1,0.506632,0.320480,0.186152,0.690055,0.458471,0.231584,1.329592,1.261923,752.110671,792.441676,4.361499,/home/afm176/yolo_project/3_pruning/pruning_plan_new_sw_full_20260712_234356/l2_structured_combo_new_top6_amt_0p10/combo_20_7_10_8_amt_0p10/yolo26n_l2_combo_20_7_10_8_amt_0p10.pt,/home/afm176/yolo_project/3_pruning/pruning_plan_new_sw_full_20260712_234356/l2_structured_combo_new_top6_amt_0p10/combo_20_7_10_8_amt_0p10/structured_pruning_summary.csv
l2_structured,new_top6_combo,"7,22",2,0.2,0.506632,0.319888,0.186744,0.690055,0.473885,0.216170,1.385457,1.376443,721.783547,726.510334,6.358864,/home/afm176/yolo_project/3_pruning/pruning_plan_new_sw_full_20260712_234356/l2_structured_combo_new_top6_amt_0p20/combo_7_22_amt_0p20/yolo26n_l2_combo_7_22_amt_0p20.pt,/home/afm176/yolo_project/3_pruning/pruning_plan_new_sw_full_20260712_234356/l2_structured_combo_new_top6_amt_0p20/combo_7_22_amt_0p20/structured_pruning_summary.csv
l2_structured,new_top6_combo,"20,7,22",3,0.2,0.506632,0.319271,0.187361,0.690055,0.473351,0.216704,1.337639,1.332581,747.585809,750.423337,7.618950,/home/afm176/yolo_project/3_pruning/pruning_plan_new_sw_full_20260712_234356/l2_structured_combo_new_top6_amt_0p20/combo_20_7_22_amt_0p20/yolo26n_l2_combo_20_7_22_amt_0p20.pt,/home/afm176/yolo_project/3_pruning/pruning_plan_new_sw_full_20260712_234356/l2_structured_combo_new_top6_amt_0p20/combo_20_7_22_amt_0p20/structured_pruning_summary.csv
l2_structured,new_top6_combo,"20,10,8,17",4,0.1,0.506632,0.313642,0.192990,0.690055,0.483355,0.206700,1.313546,1.274432,761.298048,784.663509,3.246808,/home/afm176/yolo_project/3_pruning/pruning_plan_new_sw_full_20260712_234356/l2_structured_combo_new_top6_amt_0p10/combo_20_10_8_17_amt_0p10/yolo26n_l2_combo_20_10_8_17_amt_0p10.pt,/home/afm176/yolo_project/3_pruning/pruning_plan_new_sw_full_20260712_234356/l2_structured_combo_new_top6_amt_0p10/combo_20_10_8_17_amt_0p10/structured_pruning_summary.csv
l2_structured,new_top6_combo,"20,7,22,10",4,0.1,0.506632,0.311952,0.194680,0.690055,0.461063,0.228993,1.335548,1.308922,748.756390,763.987710,4.886072,/home/afm176/yolo_project/3_pruning/pruning_plan_new_sw_full_20260712_234356/l2_structured_combo_new_top6_amt_0p10/combo_20_7_22_10_amt_0p10/yolo26n_l2_combo_20_7_22_10_amt_0p10.pt,/home/afm176/yolo_project/3_pruning/pruning_plan_new_sw_full_20260712_234356/l2_structured_combo_new_top6_amt_0p10/combo_20_7_22_10_amt_0p10/structured_pruning_summary.csv
l2_structured,new_top6_combo,"7,10,8,17",4,0.1,0.506632,0.311936,0.194696,0.690055,0.460642,0.229413,1.362987,1.392554,733.682938,718.104793,3.876851,/home/afm176/yolo_project/3_pruning/pruning_plan_new_sw_full_20260712_234356/l2_structured_combo_new_top6_amt_0p10/combo_7_10_8_17_amt_0p10/yolo26n_l2_combo_7_10_8_17_amt_0p10.pt,/home/afm176/yolo_project/3_pruning/pruning_plan_new_sw_full_20260712_234356/l2_structured_combo_new_top6_amt_0p10/combo_7_10_8_17_amt_0p10/structured_pruning_summary.csv
l2_structured,new_top6_combo,"20,7,22,17",4,0.1,0.506632,0.308461,0.198171,0.690055,0.485262,0.204793,1.391799,1.271679,718.494476,786.361847,3.976473,/home/afm176/yolo_project/3_pruning/pruning_plan_new_sw_full_20260712_234356/l2_structured_combo_new_top6_amt_0p10/combo_20_7_22_17_amt_0p10/yolo26n_l2_combo_20_7_22_17_amt_0p10.pt,/home/afm176/yolo_project/3_pruning/pruning_plan_new_sw_full_20260712_234356/l2_structured_combo_new_top6_amt_0p10/combo_20_7_22_17_amt_0p10/structured_pruning_summary.csv
l2_structured,new_top6_combo,"20,22,8",3,0.1,0.506632,0.302104,0.204529,0.690055,0.453836,0.236219,1.404996,1.292174,711.745752,773.889400,3.987243,/home/afm176/yolo_project/3_pruning/pruning_plan_new_sw_full_20260712_234356/l2_structured_combo_new_top6_amt_0p10/combo_20_22_8_amt_0p10/yolo26n_l2_combo_20_22_8_amt_0p10.pt,/home/afm176/yolo_project/3_pruning/pruning_plan_new_sw_full_20260712_234356/l2_structured_combo_new_top6_amt_0p10/combo_20_22_8_amt_0p10/structured_pruning_summary.csv
l2_structured,new_top6_combo,"20,7,10",3,0.2,0.506632,0.302053,0.204579,0.690055,0.450284,0.239771,1.337847,1.388155,747.469510,720.380518,5.809596,/home/afm176/yolo_project/3_pruning/pruning_plan_new_sw_full_20260712_234356/l2_structured_combo_new_top6_amt_0p20/combo_20_7_10_amt_0p20/yolo26n_l2_combo_20_7_10_amt_0p20.pt,/home/afm176/yolo_project/3_pruning/pruning_plan_new_sw_full_20260712_234356/l2_structured_combo_new_top6_amt_0p20/combo_20_7_10_amt_0p20/structured_pruning_summary.csv
l2_structured,new_top6_combo,"22,10,17",3,0.1,0.506632,0.301798,0.204834,0.690055,0.479902,0.210153,1.329055,1.261763,752.414383,792.541717,3.141338,/home/afm176/yolo_project/3_pruning/pruning_plan_new_sw_full_20260712_234356/l2_structured_combo_new_top6_amt_0p10/combo_22_10_17_amt_0p10/yolo26n_l2_combo_22_10_17_amt_0p10.pt,/home/afm176/yolo_project/3_pruning/pruning_plan_new_sw_full_20260712_234356/l2_structured_combo_new_top6_amt_0p10/combo_22_10_17_amt_0p10/structured_pruning_summary.csv
l2_structured,new_top6_combo,"20,22,10,17",4,0.1,0.506632,0.292393,0.214239,0.690055,0.466619,0.223436,1.399606,1.304412,714.486893,766.628878,3.771381,/home/afm176/yolo_project/3_pruning/pruning_plan_new_sw_full_20260712_234356/l2_structured_combo_new_top6_amt_0p10/combo_20_22_10_17_amt_0p10/yolo26n_l2_combo_20_22_10_17_amt_0p10.pt,/home/afm176/yolo_project/3_pruning/pruning_plan_new_sw_full_20260712_234356/l2_structured_combo_new_top6_amt_0p10/combo_20_22_10_17_amt_0p10/structured_pruning_summary.csv
l2_structured,new_top6_combo,"7,22,10,17",4,0.1,0.506632,0.292016,0.214616,0.690055,0.458143,0.231912,1.339876,1.320949,746.337579,757.031671,4.401423,/home/afm176/yolo_project/3_pruning/pruning_plan_new_sw_full_20260712_234356/l2_structured_combo_new_top6_amt_0p10/combo_7_22_10_17_amt_0p10/yolo26n_l2_combo_7_22_10_17_amt_0p10.pt,/home/afm176/yolo_project/3_pruning/pruning_plan_new_sw_full_20260712_234356/l2_structured_combo_new_top6_amt_0p10/combo_7_22_10_17_amt_0p10/structured_pruning_summary.csv
l2_structured,new_top6_combo,"10,17",2,0.2,0.506632,0.291411,0.215222,0.690055,0.455320,0.234736,1.354219,1.376772,738.433074,726.336515,2.392825,/home/afm176/yolo_project/3_pruning/pruning_plan_new_sw_full_20260712_234356/l2_structured_combo_new_top6_amt_0p20/combo_10_17_amt_0p20/yolo26n_l2_combo_10_17_amt_0p20.pt,/home/afm176/yolo_project/3_pruning/pruning_plan_new_sw_full_20260712_234356/l2_structured_combo_new_top6_amt_0p20/combo_10_17_amt_0p20/structured_pruning_summary.csv
l2_structured,new_top6_combo,"20,7,22,10,17",5,0.1,0.506632,0.282290,0.224342,0.690055,0.444768,0.245287,1.377136,1.310549,726.144707,763.038721,5.031466,/home/afm176/yolo_project/3_pruning/pruning_plan_new_sw_full_20260712_234356/l2_structured_combo_new_top6_amt_0p10/combo_20_7_22_10_17_amt_0p10/yolo26n_l2_combo_20_7_22_10_17_amt_0p10.pt,/home/afm176/yolo_project/3_pruning/pruning_plan_new_sw_full_20260712_234356/l2_structured_combo_new_top6_amt_0p10/combo_20_7_22_10_17_amt_0p10/structured_pruning_summary.csv
l2_structured,new_top6_combo,"22,17",2,0.2,0.506632,0.281719,0.224913,0.690055,0.475279,0.214776,1.302386,1.308905,767.821650,763.997314,4.202179,/home/afm176/yolo_project/3_pruning/pruning_plan_new_sw_full_20260712_234356/l2_structured_combo_new_top6_amt_0p20/combo_22_17_amt_0p20/yolo26n_l2_combo_22_17_amt_0p20.pt,/home/afm176/yolo_project/3_pruning/pruning_plan_new_sw_full_20260712_234356/l2_structured_combo_new_top6_amt_0p20/combo_22_17_amt_0p20/structured_pruning_summary.csv
l2_structured,new_top6_combo,"20,22,17",3,0.2,0.506632,0.280908,0.225725,0.690055,0.474394,0.215662,1.343167,1.337257,744.509010,747.799199,5.462265,/home/afm176/yolo_project/3_pruning/pruning_plan_new_sw_full_20260712_234356/l2_structured_combo_new_top6_amt_0p20/combo_20_22_17_amt_0p20/yolo26n_l2_combo_20_22_17_amt_0p20.pt,/home/afm176/yolo_project/3_pruning/pruning_plan_new_sw_full_20260712_234356/l2_structured_combo_new_top6_amt_0p20/combo_20_22_17_amt_0p20/structured_pruning_summary.csv
l2_structured,new_top6_combo,"20,7,10,8,17",5,0.1,0.506632,0.279273,0.227360,0.690055,0.430847,0.259208,1.398018,1.331406,715.298276,751.085460,4.506893,/home/afm176/yolo_project/3_pruning/pruning_plan_new_sw_full_20260712_234356/l2_structured_combo_new_top6_amt_0p10/combo_20_7_10_8_17_amt_0p10/yolo26n_l2_combo_20_7_10_8_17_amt_0p10.pt,/home/afm176/yolo_project/3_pruning/pruning_plan_new_sw_full_20260712_234356/l2_structured_combo_new_top6_amt_0p10/combo_20_7_10_8_17_amt_0p10/structured_pruning_summary.csv
l2_structured,new_top6_combo,"22,10,8",3,0.1,0.506632,0.278733,0.227900,0.690055,0.418218,0.271837,1.359401,1.281927,735.618028,780.075605,4.412193,/home/afm176/yolo_project/3_pruning/pruning_plan_new_sw_full_20260712_234356/l2_structured_combo_new_top6_amt_0p10/combo_22_10_8_amt_0p10/yolo26n_l2_combo_22_10_8_amt_0p10.pt,/home/afm176/yolo_project/3_pruning/pruning_plan_new_sw_full_20260712_234356/l2_structured_combo_new_top6_amt_0p10/combo_22_10_8_amt_0p10/structured_pruning_summary.csv
l2_structured,new_top6_combo,"7,22,8",3,0.1,0.506632,0.275940,0.230692,0.690055,0.416285,0.273770,1.292771,1.368366,773.532084,730.798799,4.617286,/home/afm176/yolo_project/3_pruning/pruning_plan_new_sw_full_20260712_234356/l2_structured_combo_new_top6_amt_0p10/combo_7_22_8_amt_0p10/yolo26n_l2_combo_7_22_8_amt_0p10.pt,/home/afm176/yolo_project/3_pruning/pruning_plan_new_sw_full_20260712_234356/l2_structured_combo_new_top6_amt_0p10/combo_7_22_8_amt_0p10/structured_pruning_summary.csv
l2_structured,new_top6_combo,8,1,0.2,0.506632,0.274723,0.231909,0.690055,0.374931,0.315125,1.341139,1.369194,745.634814,730.356689,2.913401,/home/afm176/yolo_project/3_pruning/pruning_plan_new_sw_full_20260712_234356/l2_structured_combo_new_top6_amt_0p20/combo_8_amt_0p20/yolo26n_l2_combo_8_amt_0p20.pt,/home/afm176/yolo_project/3_pruning/pruning_plan_new_sw_full_20260712_234356/l2_structured_combo_new_top6_amt_0p20/combo_8_amt_0p20/structured_pruning_summary.csv
l2_structured,new_top6_combo,"22,8,17",3,0.1,0.506632,0.273106,0.233526,0.690055,0.434857,0.255198,1.371359,1.317237,729.203663,759.164922,3.502594,/home/afm176/yolo_project/3_pruning/pruning_plan_new_sw_full_20260712_234356/l2_structured_combo_new_top6_amt_0p10/combo_22_8_17_amt_0p10/yolo26n_l2_combo_22_8_17_amt_0p10.pt,/home/afm176/yolo_project/3_pruning/pruning_plan_new_sw_full_20260712_234356/l2_structured_combo_new_top6_amt_0p10/combo_22_8_17_amt_0p10/structured_pruning_summary.csv
l2_structured,new_top6_combo,"22,10",2,0.2,0.506632,0.270453,0.236179,0.690055,0.409920,0.280136,1.317462,1.315189,759.035315,760.346867,5.964835,/home/afm176/yolo_project/3_pruning/pruning_plan_new_sw_full_20260712_234356/l2_structured_combo_new_top6_amt_0p20/combo_22_10_amt_0p20/yolo26n_l2_combo_22_10_amt_0p20.pt,/home/afm176/yolo_project/3_pruning/pruning_plan_new_sw_full_20260712_234356/l2_structured_combo_new_top6_amt_0p20/combo_22_10_amt_0p20/structured_pruning_summary.csv
l2_structured,new_top6_combo,"20,22,10",3,0.2,0.506632,0.270399,0.236234,0.690055,0.409864,0.280191,1.381639,1.332190,723.778303,750.643831,7.224921,/home/afm176/yolo_project/3_pruning/pruning_plan_new_sw_full_20260712_234356/l2_structured_combo_new_top6_amt_0p20/combo_20_22_10_amt_0p20/yolo26n_l2_combo_20_22_10_amt_0p20.pt,/home/afm176/yolo_project/3_pruning/pruning_plan_new_sw_full_20260712_234356/l2_structured_combo_new_top6_amt_0p20/combo_20_22_10_amt_0p20/structured_pruning_summary.csv
l2_structured,new_top6_combo,"20,22,10,8",4,0.1,0.506632,0.267789,0.238843,0.690055,0.403740,0.286315,1.294623,1.349589,772.425871,740.966383,5.042236,/home/afm176/yolo_project/3_pruning/pruning_plan_new_sw_full_20260712_234356/l2_structured_combo_new_top6_amt_0p10/combo_20_22_10_8_amt_0p10/yolo26n_l2_combo_20_22_10_8_amt_0p10.pt,/home/afm176/yolo_project/3_pruning/pruning_plan_new_sw_full_20260712_234356/l2_structured_combo_new_top6_amt_0p10/combo_20_22_10_8_amt_0p10/structured_pruning_summary.csv
l2_structured,new_top6_combo,"20,22,8,17",4,0.1,0.506632,0.265903,0.240730,0.690055,0.424839,0.265216,1.403507,1.342258,712.500955,745.013014,4.132637,/home/afm176/yolo_project/3_pruning/pruning_plan_new_sw_full_20260712_234356/l2_structured_combo_new_top6_amt_0p10/combo_20_22_8_17_amt_0p10/yolo26n_l2_combo_20_22_8_17_amt_0p10.pt,/home/afm176/yolo_project/3_pruning/pruning_plan_new_sw_full_20260712_234356/l2_structured_combo_new_top6_amt_0p10/combo_20_22_8_17_amt_0p10/structured_pruning_summary.csv
l2_structured,new_top6_combo,"7,10,17",3,0.2,0.506632,0.265377,0.241256,0.690055,0.411787,0.278268,1.330150,1.329812,751.794809,751.986144,4.864532,/home/afm176/yolo_project/3_pruning/pruning_plan_new_sw_full_20260712_234356/l2_structured_combo_new_top6_amt_0p20/combo_7_10_17_amt_0p20/yolo26n_l2_combo_7_10_17_amt_0p20.pt,/home/afm176/yolo_project/3_pruning/pruning_plan_new_sw_full_20260712_234356/l2_structured_combo_new_top6_amt_0p20/combo_7_10_17_amt_0p20/structured_pruning_summary.csv
l2_structured,new_top6_combo,"20,7,22,8",4,0.1,0.506632,0.262164,0.244469,0.690055,0.397914,0.292141,1.333904,1.339699,749.679394,746.436391,5.247328,/home/afm176/yolo_project/3_pruning/pruning_plan_new_sw_full_20260712_234356/l2_structured_combo_new_top6_amt_0p10/combo_20_7_22_8_amt_0p10/yolo26n_l2_combo_20_7_22_8_amt_0p10.pt,/home/afm176/yolo_project/3_pruning/pruning_plan_new_sw_full_20260712_234356/l2_structured_combo_new_top6_amt_0p10/combo_20_7_22_8_amt_0p10/structured_pruning_summary.csv
l2_structured,new_top6_combo,"7,22,17",3,0.2,0.506632,0.256869,0.249764,0.690055,0.427594,0.262461,1.372637,1.365242,728.524591,732.471125,6.673886,/home/afm176/yolo_project/3_pruning/pruning_plan_new_sw_full_20260712_234356/l2_structured_combo_new_top6_amt_0p20/combo_7_22_17_amt_0p20/yolo26n_l2_combo_7_22_17_amt_0p20.pt,/home/afm176/yolo_project/3_pruning/pruning_plan_new_sw_full_20260712_234356/l2_structured_combo_new_top6_amt_0p20/combo_7_22_17_amt_0p20/structured_pruning_summary.csv
l2_structured,new_top6_combo,"20,7,22,17",4,0.2,0.506632,0.256091,0.250541,0.690055,0.426933,0.263122,1.394106,1.321115,717.305479,756.936581,7.933972,/home/afm176/yolo_project/3_pruning/pruning_plan_new_sw_full_20260712_234356/l2_structured_combo_new_top6_amt_0p20/combo_20_7_22_17_amt_0p20/yolo26n_l2_combo_20_7_22_17_amt_0p20.pt,/home/afm176/yolo_project/3_pruning/pruning_plan_new_sw_full_20260712_234356/l2_structured_combo_new_top6_amt_0p20/combo_20_7_22_17_amt_0p20/structured_pruning_summary.csv
l2_structured,new_top6_combo,"7,22,10,8",4,0.1,0.506632,0.253168,0.253464,0.690055,0.377413,0.312642,1.397856,1.372046,715.381171,728.838319,5.672279,/home/afm176/yolo_project/3_pruning/pruning_plan_new_sw_full_20260712_234356/l2_structured_combo_new_top6_amt_0p10/combo_7_22_10_8_amt_0p10/yolo26n_l2_combo_7_22_10_8_amt_0p10.pt,/home/afm176/yolo_project/3_pruning/pruning_plan_new_sw_full_20260712_234356/l2_structured_combo_new_top6_amt_0p10/combo_7_22_10_8_amt_0p10/structured_pruning_summary.csv
l2_structured,new_top6_combo,"10,8",2,0.2,0.506632,0.251799,0.254833,0.690055,0.348136,0.341919,1.376436,1.311831,726.513772,762.293567,4.991079,/home/afm176/yolo_project/3_pruning/pruning_plan_new_sw_full_20260712_234356/l2_structured_combo_new_top6_amt_0p20/combo_10_8_amt_0p20/yolo26n_l2_combo_10_8_amt_0p20.pt,/home/afm176/yolo_project/3_pruning/pruning_plan_new_sw_full_20260712_234356/l2_structured_combo_new_top6_amt_0p20/combo_10_8_amt_0p20/structured_pruning_summary.csv
l2_structured,new_top6_combo,"20,10,17",3,0.2,0.506632,0.244617,0.262015,0.690055,0.417061,0.272994,1.325874,1.363966,754.219515,733.156293,3.652911,/home/afm176/yolo_project/3_pruning/pruning_plan_new_sw_full_20260712_234356/l2_structured_combo_new_top6_amt_0p20/combo_20_10_17_amt_0p20/yolo26n_l2_combo_20_10_17_amt_0p20.pt,/home/afm176/yolo_project/3_pruning/pruning_plan_new_sw_full_20260712_234356/l2_structured_combo_new_top6_amt_0p20/combo_20_10_17_amt_0p20/structured_pruning_summary.csv
l2_structured,new_top6_combo,"20,7,22,10,8",5,0.1,0.506632,0.243284,0.263349,0.690055,0.364362,0.325693,1.333898,1.343930,749.682746,744.086474,6.302322,/home/afm176/yolo_project/3_pruning/pruning_plan_new_sw_full_20260712_234356/l2_structured_combo_new_top6_amt_0p10/combo_20_7_22_10_8_amt_0p10/yolo26n_l2_combo_20_7_22_10_8_amt_0p10.pt,/home/afm176/yolo_project/3_pruning/pruning_plan_new_sw_full_20260712_234356/l2_structured_combo_new_top6_amt_0p10/combo_20_7_22_10_8_amt_0p10/structured_pruning_summary.csv
l2_structured,new_top6_combo,"8,17",2,0.2,0.506632,0.243172,0.263461,0.690055,0.355249,0.334806,1.403271,1.305426,712.620520,766.033521,3.228423,/home/afm176/yolo_project/3_pruning/pruning_plan_new_sw_full_20260712_234356/l2_structured_combo_new_top6_amt_0p20/combo_8_17_amt_0p20/yolo26n_l2_combo_8_17_amt_0p20.pt,/home/afm176/yolo_project/3_pruning/pruning_plan_new_sw_full_20260712_234356/l2_structured_combo_new_top6_amt_0p20/combo_8_17_amt_0p20/structured_pruning_summary.csv
l2_structured,new_top6_combo,"7,22,10",3,0.2,0.506632,0.241684,0.264948,0.690055,0.366706,0.323349,1.295866,1.320887,771.684581,757.067306,8.436542,/home/afm176/yolo_project/3_pruning/pruning_plan_new_sw_full_20260712_234356/l2_structured_combo_new_top6_amt_0p20/combo_7_22_10_amt_0p20/yolo26n_l2_combo_7_22_10_amt_0p20.pt,/home/afm176/yolo_project/3_pruning/pruning_plan_new_sw_full_20260712_234356/l2_structured_combo_new_top6_amt_0p20/combo_7_22_10_amt_0p20/structured_pruning_summary.csv
l2_structured,new_top6_combo,"20,7,22,10",4,0.2,0.506632,0.241653,0.264980,0.690055,0.366698,0.323357,1.330385,1.365809,751.661988,732.166618,9.696628,/home/afm176/yolo_project/3_pruning/pruning_plan_new_sw_full_20260712_234356/l2_structured_combo_new_top6_amt_0p20/combo_20_7_22_10_amt_0p20/yolo26n_l2_combo_20_7_22_10_amt_0p20.pt,/home/afm176/yolo_project/3_pruning/pruning_plan_new_sw_full_20260712_234356/l2_structured_combo_new_top6_amt_0p20/combo_20_7_22_10_amt_0p20/structured_pruning_summary.csv
l2_structured,new_top6_combo,"22,10,8,17",4,0.1,0.506632,0.238607,0.268025,0.690055,0.390065,0.299990,1.329169,1.303215,752.350019,767.333357,4.557588,/home/afm176/yolo_project/3_pruning/pruning_plan_new_sw_full_20260712_234356/l2_structured_combo_new_top6_amt_0p10/combo_22_10_8_17_amt_0p10/yolo26n_l2_combo_22_10_8_17_amt_0p10.pt,/home/afm176/yolo_project/3_pruning/pruning_plan_new_sw_full_20260712_234356/l2_structured_combo_new_top6_amt_0p10/combo_22_10_8_17_amt_0p10/structured_pruning_summary.csv
l2_structured,new_top6_combo,"20,22,10,8,17",5,0.1,0.506632,0.235554,0.271078,0.690055,0.385793,0.304263,1.336184,1.317146,748.400042,759.217042,5.187631,/home/afm176/yolo_project/3_pruning/pruning_plan_new_sw_full_20260712_234356/l2_structured_combo_new_top6_amt_0p10/combo_20_22_10_8_17_amt_0p10/yolo26n_l2_combo_20_22_10_8_17_amt_0p10.pt,/home/afm176/yolo_project/3_pruning/pruning_plan_new_sw_full_20260712_234356/l2_structured_combo_new_top6_amt_0p10/combo_20_22_10_8_17_amt_0p10/structured_pruning_summary.csv
l2_structured,new_top6_combo,"20,8",2,0.2,0.506632,0.232410,0.274223,0.690055,0.340350,0.349705,1.432117,1.353141,698.266977,739.021429,4.173487,/home/afm176/yolo_project/3_pruning/pruning_plan_new_sw_full_20260712_234356/l2_structured_combo_new_top6_amt_0p20/combo_20_8_amt_0p20/yolo26n_l2_combo_20_8_amt_0p20.pt,/home/afm176/yolo_project/3_pruning/pruning_plan_new_sw_full_20260712_234356/l2_structured_combo_new_top6_amt_0p20/combo_20_8_amt_0p20/structured_pruning_summary.csv
l2_structured,new_top6_combo,"7,22,8,17",4,0.1,0.506632,0.230074,0.276558,0.690055,0.372005,0.318050,1.320997,1.429192,757.004074,699.696162,4.762680,/home/afm176/yolo_project/3_pruning/pruning_plan_new_sw_full_20260712_234356/l2_structured_combo_new_top6_amt_0p10/combo_7_22_8_17_amt_0p10/yolo26n_l2_combo_7_22_8_17_amt_0p10.pt,/home/afm176/yolo_project/3_pruning/pruning_plan_new_sw_full_20260712_234356/l2_structured_combo_new_top6_amt_0p10/combo_7_22_8_17_amt_0p10/structured_pruning_summary.csv
l2_structured,new_top6_combo,"20,7,10,17",4,0.2,0.506632,0.228041,0.278591,0.690055,0.386224,0.303831,1.326463,1.314788,753.884762,760.578722,6.124618,/home/afm176/yolo_project/3_pruning/pruning_plan_new_sw_full_20260712_234356/l2_structured_combo_new_top6_amt_0p20/combo_20_7_10_17_amt_0p20/yolo26n_l2_combo_20_7_10_17_amt_0p20.pt,/home/afm176/yolo_project/3_pruning/pruning_plan_new_sw_full_20260712_234356/l2_structured_combo_new_top6_amt_0p20/combo_20_7_10_17_amt_0p20/structured_pruning_summary.csv
l2_structured,new_top6_combo,"20,7,22,8,17",5,0.1,0.506632,0.226404,0.280228,0.690055,0.366948,0.323107,1.307914,1.306618,764.576016,765.334860,5.392723,/home/afm176/yolo_project/3_pruning/pruning_plan_new_sw_full_20260712_234356/l2_structured_combo_new_top6_amt_0p10/combo_20_7_22_8_17_amt_0p10/yolo26n_l2_combo_20_7_22_8_17_amt_0p10.pt,/home/afm176/yolo_project/3_pruning/pruning_plan_new_sw_full_20260712_234356/l2_structured_combo_new_top6_amt_0p10/combo_20_7_22_8_17_amt_0p10/structured_pruning_summary.csv
l2_structured,new_top6_combo,"7,22,10,8,17",5,0.1,0.506632,0.215476,0.291156,0.690055,0.349552,0.340503,1.366347,1.315313,731.878346,760.275322,5.817674,/home/afm176/yolo_project/3_pruning/pruning_plan_new_sw_full_20260712_234356/l2_structured_combo_new_top6_amt_0p10/combo_7_22_10_8_17_amt_0p10/yolo26n_l2_combo_7_22_10_8_17_amt_0p10.pt,/home/afm176/yolo_project/3_pruning/pruning_plan_new_sw_full_20260712_234356/l2_structured_combo_new_top6_amt_0p10/combo_7_22_10_8_17_amt_0p10/structured_pruning_summary.csv
l2_structured,new_top6_combo,"7,10,8",3,0.2,0.506632,0.213399,0.293234,0.690055,0.302316,0.387739,1.385949,1.333487,721.527259,749.913702,7.462786,/home/afm176/yolo_project/3_pruning/pruning_plan_new_sw_full_20260712_234356/l2_structured_combo_new_top6_amt_0p20/combo_7_10_8_amt_0p20/yolo26n_l2_combo_7_10_8_amt_0p20.pt,/home/afm176/yolo_project/3_pruning/pruning_plan_new_sw_full_20260712_234356/l2_structured_combo_new_top6_amt_0p20/combo_7_10_8_amt_0p20/structured_pruning_summary.csv
l2_structured,new_top6_combo,"20,7,22,10,8,17",6,0.1,0.506632,0.212943,0.293689,0.690055,0.346030,0.344025,1.375887,1.267301,726.803819,789.078384,6.447717,/home/afm176/yolo_project/3_pruning/pruning_plan_new_sw_full_20260712_234356/l2_structured_combo_new_top6_amt_0p10/combo_20_7_22_10_8_17_amt_0p10/yolo26n_l2_combo_20_7_22_10_8_17_amt_0p10.pt,/home/afm176/yolo_project/3_pruning/pruning_plan_new_sw_full_20260712_234356/l2_structured_combo_new_top6_amt_0p10/combo_20_7_22_10_8_17_amt_0p10/structured_pruning_summary.csv
l2_structured,new_top6_combo,"7,8",2,0.2,0.506632,0.209423,0.297210,0.690055,0.287057,0.402998,1.307144,1.378949,765.026565,725.189923,5.385108,/home/afm176/yolo_project/3_pruning/pruning_plan_new_sw_full_20260712_234356/l2_structured_combo_new_top6_amt_0p20/combo_7_8_amt_0p20/yolo26n_l2_combo_7_8_amt_0p20.pt,/home/afm176/yolo_project/3_pruning/pruning_plan_new_sw_full_20260712_234356/l2_structured_combo_new_top6_amt_0p20/combo_7_8_amt_0p20/structured_pruning_summary.csv
l2_structured,new_top6_combo,"20,10,8",3,0.2,0.506632,0.208998,0.297635,0.690055,0.305885,0.384170,1.427514,1.341148,700.518534,745.630063,6.251165,/home/afm176/yolo_project/3_pruning/pruning_plan_new_sw_full_20260712_234356/l2_structured_combo_new_top6_amt_0p20/combo_20_10_8_amt_0p20/yolo26n_l2_combo_20_10_8_amt_0p20.pt,/home/afm176/yolo_project/3_pruning/pruning_plan_new_sw_full_20260712_234356/l2_structured_combo_new_top6_amt_0p20/combo_20_10_8_amt_0p20/structured_pruning_summary.csv
l2_structured,new_top6_combo,"22,10,17",3,0.2,0.506632,0.201672,0.304960,0.690055,0.353718,0.336337,1.383312,1.343714,722.902647,744.205821,6.279857,/home/afm176/yolo_project/3_pruning/pruning_plan_new_sw_full_20260712_234356/l2_structured_combo_new_top6_amt_0p20/combo_22_10_17_amt_0p20/yolo26n_l2_combo_22_10_17_amt_0p20.pt,/home/afm176/yolo_project/3_pruning/pruning_plan_new_sw_full_20260712_234356/l2_structured_combo_new_top6_amt_0p20/combo_22_10_17_amt_0p20/structured_pruning_summary.csv
l2_structured,new_top6_combo,"20,22,10,17",4,0.2,0.506632,0.201501,0.305131,0.690055,0.353622,0.336433,1.335649,1.346670,748.699695,742.572623,7.539942,/home/afm176/yolo_project/3_pruning/pruning_plan_new_sw_full_20260712_234356/l2_structured_combo_new_top6_amt_0p20/combo_20_22_10_17_amt_0p20/yolo26n_l2_combo_20_22_10_17_amt_0p20.pt,/home/afm176/yolo_project/3_pruning/pruning_plan_new_sw_full_20260712_234356/l2_structured_combo_new_top6_amt_0p20/combo_20_22_10_17_amt_0p20/structured_pruning_summary.csv
l2_structured,new_top6_combo,"20,8,17",3,0.2,0.506632,0.195821,0.310812,0.690055,0.316285,0.373770,1.327657,1.313504,753.206355,761.322216,4.488509,/home/afm176/yolo_project/3_pruning/pruning_plan_new_sw_full_20260712_234356/l2_structured_combo_new_top6_amt_0p20/combo_20_8_17_amt_0p20/yolo26n_l2_combo_20_8_17_amt_0p20.pt,/home/afm176/yolo_project/3_pruning/pruning_plan_new_sw_full_20260712_234356/l2_structured_combo_new_top6_amt_0p20/combo_20_8_17_amt_0p20/structured_pruning_summary.csv
l2_structured,new_top6_combo,"10,8,17",3,0.2,0.506632,0.190330,0.316303,0.690055,0.299225,0.390830,1.386775,1.333665,721.097656,749.813601,5.306100,/home/afm176/yolo_project/3_pruning/pruning_plan_new_sw_full_20260712_234356/l2_structured_combo_new_top6_amt_0p20/combo_10_8_17_amt_0p20/yolo26n_l2_combo_10_8_17_amt_0p20.pt,/home/afm176/yolo_project/3_pruning/pruning_plan_new_sw_full_20260712_234356/l2_structured_combo_new_top6_amt_0p20/combo_10_8_17_amt_0p20/structured_pruning_summary.csv
l2_structured,new_top6_combo,"7,8,17",3,0.2,0.506632,0.184757,0.321875,0.690055,0.275559,0.414496,1.343577,1.279194,744.281622,781.742390,5.700130,/home/afm176/yolo_project/3_pruning/pruning_plan_new_sw_full_20260712_234356/l2_structured_combo_new_top6_amt_0p20/combo_7_8_17_amt_0p20/yolo26n_l2_combo_7_8_17_amt_0p20.pt,/home/afm176/yolo_project/3_pruning/pruning_plan_new_sw_full_20260712_234356/l2_structured_combo_new_top6_amt_0p20/combo_7_8_17_amt_0p20/structured_pruning_summary.csv
l2_structured,new_top6_combo,"20,7,10,8",4,0.2,0.506632,0.183695,0.322937,0.690055,0.272640,0.417415,1.416317,1.286685,706.056530,777.190939,8.722872,/home/afm176/yolo_project/3_pruning/pruning_plan_new_sw_full_20260712_234356/l2_structured_combo_new_top6_amt_0p20/combo_20_7_10_8_amt_0p20/yolo26n_l2_combo_20_7_10_8_amt_0p20.pt,/home/afm176/yolo_project/3_pruning/pruning_plan_new_sw_full_20260712_234356/l2_structured_combo_new_top6_amt_0p20/combo_20_7_10_8_amt_0p20/structured_pruning_summary.csv
l2_structured,new_top6_combo,"20,22,10,8",4,0.2,0.506632,0.181930,0.324702,0.690055,0.270996,0.419059,1.393017,1.355434,717.866514,737.770894,10.138196,/home/afm176/yolo_project/3_pruning/pruning_plan_new_sw_full_20260712_234356/l2_structured_combo_new_top6_amt_0p20/combo_20_22_10_8_amt_0p20/yolo26n_l2_combo_20_22_10_8_amt_0p20.pt,/home/afm176/yolo_project/3_pruning/pruning_plan_new_sw_full_20260712_234356/l2_structured_combo_new_top6_amt_0p20/combo_20_22_10_8_amt_0p20/structured_pruning_summary.csv
l2_structured,new_top6_combo,"22,10,8",3,0.2,0.506632,0.181930,0.324702,0.690055,0.270996,0.419059,1.365391,1.274669,732.390846,784.517446,8.878111,/home/afm176/yolo_project/3_pruning/pruning_plan_new_sw_full_20260712_234356/l2_structured_combo_new_top6_amt_0p20/combo_22_10_8_amt_0p20/yolo26n_l2_combo_22_10_8_amt_0p20.pt,/home/afm176/yolo_project/3_pruning/pruning_plan_new_sw_full_20260712_234356/l2_structured_combo_new_top6_amt_0p20/combo_22_10_8_amt_0p20/structured_pruning_summary.csv
l2_structured,new_top6_combo,"7,22,10,17",4,0.2,0.506632,0.177419,0.329214,0.690055,0.309994,0.380061,1.293147,1.329099,773.307428,752.389145,8.751563,/home/afm176/yolo_project/3_pruning/pruning_plan_new_sw_full_20260712_234356/l2_structured_combo_new_top6_amt_0p20/combo_7_22_10_17_amt_0p20/yolo26n_l2_combo_7_22_10_17_amt_0p20.pt,/home/afm176/yolo_project/3_pruning/pruning_plan_new_sw_full_20260712_234356/l2_structured_combo_new_top6_amt_0p20/combo_7_22_10_17_amt_0p20/structured_pruning_summary.csv
l2_structured,new_top6_combo,"20,7,22,10,17",5,0.2,0.506632,0.177320,0.329313,0.690055,0.309939,0.380116,1.329559,1.354231,752.129135,738.426345,10.011649,/home/afm176/yolo_project/3_pruning/pruning_plan_new_sw_full_20260712_234356/l2_structured_combo_new_top6_amt_0p20/combo_20_7_22_10_17_amt_0p20/yolo26n_l2_combo_20_7_22_10_17_amt_0p20.pt,/home/afm176/yolo_project/3_pruning/pruning_plan_new_sw_full_20260712_234356/l2_structured_combo_new_top6_amt_0p20/combo_20_7_22_10_17_amt_0p20/structured_pruning_summary.csv
l2_structured,new_top6_combo,"20,7,8",3,0.2,0.506632,0.176149,0.330484,0.690055,0.258038,0.432017,1.379471,1.329655,724.915716,752.074665,6.645194,/home/afm176/yolo_project/3_pruning/pruning_plan_new_sw_full_20260712_234356/l2_structured_combo_new_top6_amt_0p20/combo_20_7_8_amt_0p20/yolo26n_l2_combo_20_7_8_amt_0p20.pt,/home/afm176/yolo_project/3_pruning/pruning_plan_new_sw_full_20260712_234356/l2_structured_combo_new_top6_amt_0p20/combo_20_7_8_amt_0p20/structured_pruning_summary.csv
l2_structured,new_top6_combo,"20,22,8",3,0.2,0.506632,0.174227,0.332405,0.690055,0.262868,0.427188,1.300266,1.251439,769.073227,799.080101,8.060519,/home/afm176/yolo_project/3_pruning/pruning_plan_new_sw_full_20260712_234356/l2_structured_combo_new_top6_amt_0p20/combo_20_22_8_amt_0p20/yolo26n_l2_combo_20_22_8_amt_0p20.pt,/home/afm176/yolo_project/3_pruning/pruning_plan_new_sw_full_20260712_234356/l2_structured_combo_new_top6_amt_0p20/combo_20_22_8_amt_0p20/structured_pruning_summary.csv
l2_structured,new_top6_combo,"22,8",2,0.2,0.506632,0.174227,0.332406,0.690055,0.262864,0.427192,1.339349,1.372180,746.631471,728.767325,6.800433,/home/afm176/yolo_project/3_pruning/pruning_plan_new_sw_full_20260712_234356/l2_structured_combo_new_top6_amt_0p20/combo_22_8_amt_0p20/yolo26n_l2_combo_22_8_amt_0p20.pt,/home/afm176/yolo_project/3_pruning/pruning_plan_new_sw_full_20260712_234356/l2_structured_combo_new_top6_amt_0p20/combo_22_8_amt_0p20/structured_pruning_summary.csv
l2_structured,new_top6_combo,"20,7,22,10,8",5,0.2,0.506632,0.165960,0.340672,0.690055,0.249747,0.440308,1.350715,1.341149,740.348588,745.629276,12.609903,/home/afm176/yolo_project/3_pruning/pruning_plan_new_sw_full_20260712_234356/l2_structured_combo_new_top6_amt_0p20/combo_20_7_22_10_8_amt_0p20/yolo26n_l2_combo_20_7_22_10_8_amt_0p20.pt,/home/afm176/yolo_project/3_pruning/pruning_plan_new_sw_full_20260712_234356/l2_structured_combo_new_top6_amt_0p20/combo_20_7_22_10_8_amt_0p20/structured_pruning_summary.csv
l2_structured,new_top6_combo,"7,22,10,8",4,0.2,0.506632,0.165960,0.340672,0.690055,0.249747,0.440308,1.309578,1.307695,763.604518,764.704396,11.349817,/home/afm176/yolo_project/3_pruning/pruning_plan_new_sw_full_20260712_234356/l2_structured_combo_new_top6_amt_0p20/combo_7_22_10_8_amt_0p20/yolo26n_l2_combo_7_22_10_8_amt_0p20.pt,/home/afm176/yolo_project/3_pruning/pruning_plan_new_sw_full_20260712_234356/l2_structured_combo_new_top6_amt_0p20/combo_7_22_10_8_amt_0p20/structured_pruning_summary.csv
l2_structured,new_top6_combo,"20,10,8,17",4,0.2,0.506632,0.155385,0.351247,0.690055,0.266342,0.423714,1.316395,1.366523,759.650638,731.784381,6.566186,/home/afm176/yolo_project/3_pruning/pruning_plan_new_sw_full_20260712_234356/l2_structured_combo_new_top6_amt_0p20/combo_20_10_8_17_amt_0p20/yolo26n_l2_combo_20_10_8_17_amt_0p20.pt,/home/afm176/yolo_project/3_pruning/pruning_plan_new_sw_full_20260712_234356/l2_structured_combo_new_top6_amt_0p20/combo_20_10_8_17_amt_0p20/structured_pruning_summary.csv
l2_structured,new_top6_combo,"7,10,8,17",4,0.2,0.506632,0.153241,0.353391,0.690055,0.248460,0.441595,1.305468,1.362387,766.008650,734.005762,7.777807,/home/afm176/yolo_project/3_pruning/pruning_plan_new_sw_full_20260712_234356/l2_structured_combo_new_top6_amt_0p20/combo_7_10_8_17_amt_0p20/yolo26n_l2_combo_7_10_8_17_amt_0p20.pt,/home/afm176/yolo_project/3_pruning/pruning_plan_new_sw_full_20260712_234356/l2_structured_combo_new_top6_amt_0p20/combo_7_10_8_17_amt_0p20/structured_pruning_summary.csv
l2_structured,new_top6_combo,"20,7,8,17",4,0.2,0.506632,0.151668,0.354964,0.690055,0.247279,0.442776,1.332835,1.264975,750.280295,790.529151,6.960216,/home/afm176/yolo_project/3_pruning/pruning_plan_new_sw_full_20260712_234356/l2_structured_combo_new_top6_amt_0p20/combo_20_7_8_17_amt_0p20/yolo26n_l2_combo_20_7_8_17_amt_0p20.pt,/home/afm176/yolo_project/3_pruning/pruning_plan_new_sw_full_20260712_234356/l2_structured_combo_new_top6_amt_0p20/combo_20_7_8_17_amt_0p20/structured_pruning_summary.csv
l2_structured,new_top6_combo,"20,22,8,17",4,0.2,0.506632,0.150220,0.356412,0.690055,0.249953,0.440103,1.377138,1.349732,726.143791,740.887996,8.375540,/home/afm176/yolo_project/3_pruning/pruning_plan_new_sw_full_20260712_234356/l2_structured_combo_new_top6_amt_0p20/combo_20_22_8_17_amt_0p20/yolo26n_l2_combo_20_22_8_17_amt_0p20.pt,/home/afm176/yolo_project/3_pruning/pruning_plan_new_sw_full_20260712_234356/l2_structured_combo_new_top6_amt_0p20/combo_20_22_8_17_amt_0p20/structured_pruning_summary.csv
l2_structured,new_top6_combo,"22,8,17",3,0.2,0.506632,0.150220,0.356413,0.690055,0.249956,0.440099,1.364842,1.308324,732.685345,764.336811,7.115454,/home/afm176/yolo_project/3_pruning/pruning_plan_new_sw_full_20260712_234356/l2_structured_combo_new_top6_amt_0p20/combo_22_8_17_amt_0p20/yolo26n_l2_combo_22_8_17_amt_0p20.pt,/home/afm176/yolo_project/3_pruning/pruning_plan_new_sw_full_20260712_234356/l2_structured_combo_new_top6_amt_0p20/combo_22_8_17_amt_0p20/structured_pruning_summary.csv
l2_structured,new_top6_combo,"20,7,22,8",4,0.2,0.506632,0.137394,0.369239,0.690055,0.206531,0.483524,1.393460,1.311036,717.638083,762.755320,10.532226,/home/afm176/yolo_project/3_pruning/pruning_plan_new_sw_full_20260712_234356/l2_structured_combo_new_top6_amt_0p20/combo_20_7_22_8_amt_0p20/yolo26n_l2_combo_20_7_22_8_amt_0p20.pt,/home/afm176/yolo_project/3_pruning/pruning_plan_new_sw_full_20260712_234356/l2_structured_combo_new_top6_amt_0p20/combo_20_7_22_8_amt_0p20/structured_pruning_summary.csv
l2_structured,new_top6_combo,"7,22,8",3,0.2,0.506632,0.137394,0.369239,0.690055,0.206531,0.483524,1.368050,1.335943,730.967348,748.535108,9.272140,/home/afm176/yolo_project/3_pruning/pruning_plan_new_sw_full_20260712_234356/l2_structured_combo_new_top6_amt_0p20/combo_7_22_8_amt_0p20/yolo26n_l2_combo_7_22_8_amt_0p20.pt,/home/afm176/yolo_project/3_pruning/pruning_plan_new_sw_full_20260712_234356/l2_structured_combo_new_top6_amt_0p20/combo_7_22_8_amt_0p20/structured_pruning_summary.csv
l2_structured,new_top6_combo,"20,22,10,8,17",5,0.2,0.506632,0.130096,0.376536,0.690055,0.230488,0.459567,1.325773,1.360419,754.276706,735.067562,10.453218,/home/afm176/yolo_project/3_pruning/pruning_plan_new_sw_full_20260712_234356/l2_structured_combo_new_top6_amt_0p20/combo_20_22_10_8_17_amt_0p20/yolo26n_l2_combo_20_22_10_8_17_amt_0p20.pt,/home/afm176/yolo_project/3_pruning/pruning_plan_new_sw_full_20260712_234356/l2_structured_combo_new_top6_amt_0p20/combo_20_22_10_8_17_amt_0p20/structured_pruning_summary.csv
l2_structured,new_top6_combo,"22,10,8,17",4,0.2,0.506632,0.130088,0.376545,0.690055,0.230449,0.459606,1.299258,1.353060,769.670162,739.065295,9.193132,/home/afm176/yolo_project/3_pruning/pruning_plan_new_sw_full_20260712_234356/l2_structured_combo_new_top6_amt_0p20/combo_22_10_8_17_amt_0p20/yolo26n_l2_combo_22_10_8_17_amt_0p20.pt,/home/afm176/yolo_project/3_pruning/pruning_plan_new_sw_full_20260712_234356/l2_structured_combo_new_top6_amt_0p20/combo_22_10_8_17_amt_0p20/structured_pruning_summary.csv
l2_structured,new_top6_combo,"20,7,10,8,17",5,0.2,0.506632,0.126265,0.380367,0.690055,0.221606,0.468450,1.333776,1.351515,749.751271,739.910172,9.037893,/home/afm176/yolo_project/3_pruning/pruning_plan_new_sw_full_20260712_234356/l2_structured_combo_new_top6_amt_0p20/combo_20_7_10_8_17_amt_0p20/yolo26n_l2_combo_20_7_10_8_17_amt_0p20.pt,/home/afm176/yolo_project/3_pruning/pruning_plan_new_sw_full_20260712_234356/l2_structured_combo_new_top6_amt_0p20/combo_20_7_10_8_17_amt_0p20/structured_pruning_summary.csv
l2_structured,new_top6_combo,"20,7,22,8,17",5,0.2,0.506632,0.122949,0.383683,0.690055,0.206694,0.483362,1.308791,1.351824,764.064188,739.741420,10.847247,/home/afm176/yolo_project/3_pruning/pruning_plan_new_sw_full_20260712_234356/l2_structured_combo_new_top6_amt_0p20/combo_20_7_22_8_17_amt_0p20/yolo26n_l2_combo_20_7_22_8_17_amt_0p20.pt,/home/afm176/yolo_project/3_pruning/pruning_plan_new_sw_full_20260712_234356/l2_structured_combo_new_top6_amt_0p20/combo_20_7_22_8_17_amt_0p20/structured_pruning_summary.csv
l2_structured,new_top6_combo,"7,22,8,17",4,0.2,0.506632,0.122949,0.383683,0.690055,0.206694,0.483362,1.369071,1.341234,730.422084,745.582103,9.587161,/home/afm176/yolo_project/3_pruning/pruning_plan_new_sw_full_20260712_234356/l2_structured_combo_new_top6_amt_0p20/combo_7_22_8_17_amt_0p20/yolo26n_l2_combo_7_22_8_17_amt_0p20.pt,/home/afm176/yolo_project/3_pruning/pruning_plan_new_sw_full_20260712_234356/l2_structured_combo_new_top6_amt_0p20/combo_7_22_8_17_amt_0p20/structured_pruning_summary.csv
l2_structured,new_top6_combo,"20,7,22,10,8,17",6,0.2,0.506632,0.113589,0.393044,0.690055,0.202499,0.487556,1.379549,1.350632,724.874839,740.394100,12.924925,/home/afm176/yolo_project/3_pruning/pruning_plan_new_sw_full_20260712_234356/l2_structured_combo_new_top6_amt_0p20/combo_20_7_22_10_8_17_amt_0p20/yolo26n_l2_combo_20_7_22_10_8_17_amt_0p20.pt,/home/afm176/yolo_project/3_pruning/pruning_plan_new_sw_full_20260712_234356/l2_structured_combo_new_top6_amt_0p20/combo_20_7_22_10_8_17_amt_0p20/structured_pruning_summary.csv
l2_structured,new_top6_combo,"7,22,10,8,17",5,0.2,0.506632,0.113586,0.393046,0.690055,0.202482,0.487573,1.321758,1.353255,756.567899,738.959170,11.664839,/home/afm176/yolo_project/3_pruning/pruning_plan_new_sw_full_20260712_234356/l2_structured_combo_new_top6_amt_0p20/combo_7_22_10_8_17_amt_0p20/yolo26n_l2_combo_7_22_10_8_17_amt_0p20.pt,/home/afm176/yolo_project/3_pruning/pruning_plan_new_sw_full_20260712_234356/l2_structured_combo_new_top6_amt_0p20/combo_7_22_10_8_17_amt_0p20/structured_pruning_summary.csv
