candidate_id,replaced_layers,layer_types,combination_size,estimated_gen_reduction_percent,estimated_snow_reduction_percent,estimated_mean_reduction_percent,estimated_target_distance_percentage_points,target_percent,accepted_lower_percent,accepted_upper_percent,negative_accuracy_drop_policy,status,error,gen_baseline_map50_95,snow_baseline_map50_95,gen_params_before,snow_params_before,gen_params_after,snow_params_after,gen_params_reduced,snow_params_reduced,gen_params_reduction_percent,snow_params_reduction_percent,mean_params_reduction_percent,target_distance_percentage_points,gen_exact_within_tolerance,snow_exact_within_tolerance,both_exact_within_tolerance,gen_model_path,snow_model_path,gen_model_sha256,snow_model_sha256,gen_model_mib,snow_model_mib,gen_saved_size_reduction_percent,snow_saved_size_reduction_percent,gen_replaced_map50_95,gen_replaced_map50,gen_replaced_map75,gen_precision,gen_recall,gen_latency_ms,gen_fps,snow_replaced_map50_95,snow_replaced_map50,snow_replaced_map75,snow_precision,snow_recall,snow_latency_ms,snow_fps,ad_gen_map50_95_signed,ad_snow_map50_95_signed,gen_accuracy_improved,snow_accuracy_improved,gen_adapter_details_json,snow_adapter_details_json
C001,"0,2,10","Conv,C3k2,C2PSA",3,10.240142897583421,10.244922055749685,10.242532476666554,0.0074675233334460245,10.25,9.737499999999999,10.762500000000001,retain_signed,ok,,0.6414207460892849,0.1899135424242684,2508090,2506920,2251258,2250088,256832,256832,10.24014289758342,10.244922055749685,10.242532476666552,0.007467523333447801,True,True,True,/home/afm176/yolo_project/5_reproduction/stage3_results/near_target_20260729_172754/saved_near_target_models/GEN_C001_layers_0-2-10.pt,/home/afm176/yolo_project/5_reproduction/stage3_results/near_target_20260729_172754/saved_near_target_models/SNOW_C001_layers_0-2-10.pt,4806cfdf3d83f75c3be3a6b8a20fee100f63de80a3a7292a8be9e1a0fbd85d50,87511cea6b2c75a5b2252d7d071e615c76255395eab937c0ff2d6fbc4f1e5028,4.67513370513916,4.669829368591309,8.972977288890291,8.883514530306408,0.0,0.0,0.0,0.0,0.0,1.0157102821394801,984.5327132985321,0.0,0.0,0.0,0.0,0.0,0.8972010016441345,1114.5774449287114,0.6414207460892849,0.1899135424242684,False,False,"[{""layer_id"": 0, ""old_layer_type"": ""Conv"", ""original_layer_params"": 464, ""input_shapes"": ""((1, 3, 640, 640))"", ""output_shape"": ""(1, 16, 320, 320)"", ""adapter_repr"": ""DynamicNoParamLayerAdapter(target_channels=16, h_scale=1/2, w_scale=1/2, multi_input_policy=concat)""}, {""layer_id"": 2, ""old_layer_type"": ""C3k2"", ""original_layer_params"": 6640, ""input_shapes"": ""((1, 32, 160, 160))"", ""output_shape"": ""(1, 64, 160, 160)"", ""adapter_repr"": ""DynamicNoParamLayerAdapter(target_channels=64, h_scale=1/1, w_scale=1/1, multi_input_policy=concat)""}, {""layer_id"": 10, ""old_layer_type"": ""C2PSA"", ""original_layer_params"": 249728, ""input_shapes"": ""((1, 256, 20, 20))"", ""output_shape"": ""(1, 256, 20, 20)"", ""adapter_repr"": ""DynamicNoParamLayerAdapter(target_channels=256, h_scale=1/1, w_scale=1/1, multi_input_policy=concat)""}]","[{""layer_id"": 0, ""old_layer_type"": ""Conv"", ""original_layer_params"": 464, ""input_shapes"": ""((1, 3, 640, 640))"", ""output_shape"": ""(1, 16, 320, 320)"", ""adapter_repr"": ""DynamicNoParamLayerAdapter(target_channels=16, h_scale=1/2, w_scale=1/2, multi_input_policy=concat)""}, {""layer_id"": 2, ""old_layer_type"": ""C3k2"", ""original_layer_params"": 6640, ""input_shapes"": ""((1, 32, 160, 160))"", ""output_shape"": ""(1, 64, 160, 160)"", ""adapter_repr"": ""DynamicNoParamLayerAdapter(target_channels=64, h_scale=1/1, w_scale=1/1, multi_input_policy=concat)""}, {""layer_id"": 10, ""old_layer_type"": ""C2PSA"", ""original_layer_params"": 249728, ""input_shapes"": ""((1, 256, 20, 20))"", ""output_shape"": ""(1, 256, 20, 20)"", ""adapter_repr"": ""DynamicNoParamLayerAdapter(target_channels=256, h_scale=1/1, w_scale=1/1, multi_input_policy=concat)""}]"
C002,"2,10","C3k2,C2PSA",2,10.221642764015646,10.226413288018763,10.224028026017205,0.02597197398279505,10.25,9.737499999999999,10.762500000000001,retain_signed,ok,,0.6414207460892849,0.1899135424242684,2508090,2506920,2251722,2250552,256368,256368,10.221642764015645,10.226413288018763,10.224028026017205,0.02597197398279505,True,True,True,/home/afm176/yolo_project/5_reproduction/stage3_results/near_target_20260729_172754/saved_near_target_models/GEN_C002_layers_2-10.pt,/home/afm176/yolo_project/5_reproduction/stage3_results/near_target_20260729_172754/saved_near_target_models/SNOW_C002_layers_2-10.pt,8f707d6147cc61afb7c8889c0ee7186ac1183473d71890547d2141b79e369d6c,dd984d298d7896c46f5350f598164eb86575b0127173c47a2e5f6f2931674db4,4.674818992614746,4.669581413269043,8.979104887781382,8.888352569501224,0.0,0.0,0.0,0.0,0.0,1.0606098453598944,942.8537783002308,0.0,0.0,0.0,0.0,0.0,0.9162190929055214,1091.4420008742582,0.6414207460892849,0.1899135424242684,False,False,"[{""layer_id"": 2, ""old_layer_type"": ""C3k2"", ""original_layer_params"": 6640, ""input_shapes"": ""((1, 32, 160, 160))"", ""output_shape"": ""(1, 64, 160, 160)"", ""adapter_repr"": ""DynamicNoParamLayerAdapter(target_channels=64, h_scale=1/1, w_scale=1/1, multi_input_policy=concat)""}, {""layer_id"": 10, ""old_layer_type"": ""C2PSA"", ""original_layer_params"": 249728, ""input_shapes"": ""((1, 256, 20, 20))"", ""output_shape"": ""(1, 256, 20, 20)"", ""adapter_repr"": ""DynamicNoParamLayerAdapter(target_channels=256, h_scale=1/1, w_scale=1/1, multi_input_policy=concat)""}]","[{""layer_id"": 2, ""old_layer_type"": ""C3k2"", ""original_layer_params"": 6640, ""input_shapes"": ""((1, 32, 160, 160))"", ""output_shape"": ""(1, 64, 160, 160)"", ""adapter_repr"": ""DynamicNoParamLayerAdapter(target_channels=64, h_scale=1/1, w_scale=1/1, multi_input_policy=concat)""}, {""layer_id"": 10, ""old_layer_type"": ""C2PSA"", ""original_layer_params"": 249728, ""input_shapes"": ""((1, 256, 20, 20))"", ""output_shape"": ""(1, 256, 20, 20)"", ""adapter_repr"": ""DynamicNoParamLayerAdapter(target_channels=256, h_scale=1/1, w_scale=1/1, multi_input_policy=concat)""}]"
C003,"1,6,9","Conv,C3k2,SPPF",3,10.219728957094842,10.22449858790867,10.222113772501757,0.027886227498242988,10.25,9.737499999999999,10.762500000000001,retain_signed,ok,,0.6414207460892849,0.1899135424242684,2508090,2506920,2251770,2250600,256320,256320,10.21972895709484,10.224498587908668,10.222113772501753,0.02788622749824654,True,True,True,/home/afm176/yolo_project/5_reproduction/stage3_results/near_target_20260729_172754/saved_near_target_models/GEN_C003_layers_1-6-9.pt,/home/afm176/yolo_project/5_reproduction/stage3_results/near_target_20260729_172754/saved_near_target_models/SNOW_C003_layers_1-6-9.pt,ac13c07f3889c35f472b6dee773b2d3cbe9372e06d0f2896b07ab351adf9ab44,173b58bd8beab0140f6382c62a8ee5d763b3f935603229e8a0e74245671dad8b,4.675982475280762,4.67080020904541,8.956451340365836,8.864571746074397,0.0,0.0,0.0,0.0,0.0,1.1630143878812138,859.8345905434633,0.0,0.0,0.0,0.0,0.0,1.0065655875951052,993.4772381690578,0.6414207460892849,0.1899135424242684,False,False,"[{""layer_id"": 1, ""old_layer_type"": ""Conv"", ""original_layer_params"": 4672, ""input_shapes"": ""((1, 16, 320, 320))"", ""output_shape"": ""(1, 32, 160, 160)"", ""adapter_repr"": ""DynamicNoParamLayerAdapter(target_channels=32, h_scale=1/2, w_scale=1/2, multi_input_policy=concat)""}, {""layer_id"": 6, ""old_layer_type"": ""C3k2"", ""original_layer_params"": 87040, ""input_shapes"": ""((1, 128, 40, 40))"", ""output_shape"": ""(1, 128, 40, 40)"", ""adapter_repr"": ""DynamicNoParamLayerAdapter(target_channels=128, h_scale=1/1, w_scale=1/1, multi_input_policy=concat)""}, {""layer_id"": 9, ""old_layer_type"": ""SPPF"", ""original_layer_params"": 164608, ""input_shapes"": ""((1, 256, 20, 20))"", ""output_shape"": ""(1, 256, 20, 20)"", ""adapter_repr"": ""DynamicNoParamLayerAdapter(target_channels=256, h_scale=1/1, w_scale=1/1, multi_input_policy=concat)""}]","[{""layer_id"": 1, ""old_layer_type"": ""Conv"", ""original_layer_params"": 4672, ""input_shapes"": ""((1, 16, 320, 320))"", ""output_shape"": ""(1, 32, 160, 160)"", ""adapter_repr"": ""DynamicNoParamLayerAdapter(target_channels=32, h_scale=1/2, w_scale=1/2, multi_input_policy=concat)""}, {""layer_id"": 6, ""old_layer_type"": ""C3k2"", ""original_layer_params"": 87040, ""input_shapes"": ""((1, 128, 40, 40))"", ""output_shape"": ""(1, 128, 40, 40)"", ""adapter_repr"": ""DynamicNoParamLayerAdapter(target_channels=128, h_scale=1/1, w_scale=1/1, multi_input_policy=concat)""}, {""layer_id"": 9, ""old_layer_type"": ""SPPF"", ""original_layer_params"": 164608, ""input_shapes"": ""((1, 256, 20, 20))"", ""output_shape"": ""(1, 256, 20, 20)"", ""adapter_repr"": ""DynamicNoParamLayerAdapter(target_channels=256, h_scale=1/1, w_scale=1/1, multi_input_policy=concat)""}]"
C004,"2,6,9","C3k2,C3k2,SPPF",3,10.298195040847817,10.303001292422575,10.300598166635197,0.05059816663519712,10.25,9.737499999999999,10.762500000000001,retain_signed,ok,,0.6414207460892849,0.1899135424242684,2508090,2506920,2249802,2248632,258288,258288,10.298195040847817,10.303001292422573,10.300598166635195,0.05059816663519534,True,True,True,/home/afm176/yolo_project/5_reproduction/stage3_results/near_target_20260729_172754/saved_near_target_models/GEN_C004_layers_2-6-9.pt,/home/afm176/yolo_project/5_reproduction/stage3_results/near_target_20260729_172754/saved_near_target_models/SNOW_C004_layers_2-6-9.pt,cb6b94ce63585a06378574a08cc6d8c0a7293a7c058a451e83cbb7b619072915,8c13fa3277dc8f00fe1589508c6120324d5db6bfa9de6c0bb66ccad44859c1db,4.664118766784668,4.658919334411621,9.187443250078452,9.096388254878326,1.5153626461195604e-07,7.686760678108054e-07,0.0,8.295199236767011e-05,0.0005330339442488975,1.0892234387892212,918.0852746903777,0.0,0.0,0.0,0.0,0.0,0.9012011252343655,1109.630216828614,0.6414205945530203,0.1899135424242684,False,False,"[{""layer_id"": 2, ""old_layer_type"": ""C3k2"", ""original_layer_params"": 6640, ""input_shapes"": ""((1, 32, 160, 160))"", ""output_shape"": ""(1, 64, 160, 160)"", ""adapter_repr"": ""DynamicNoParamLayerAdapter(target_channels=64, h_scale=1/1, w_scale=1/1, multi_input_policy=concat)""}, {""layer_id"": 6, ""old_layer_type"": ""C3k2"", ""original_layer_params"": 87040, ""input_shapes"": ""((1, 128, 40, 40))"", ""output_shape"": ""(1, 128, 40, 40)"", ""adapter_repr"": ""DynamicNoParamLayerAdapter(target_channels=128, h_scale=1/1, w_scale=1/1, multi_input_policy=concat)""}, {""layer_id"": 9, ""old_layer_type"": ""SPPF"", ""original_layer_params"": 164608, ""input_shapes"": ""((1, 256, 20, 20))"", ""output_shape"": ""(1, 256, 20, 20)"", ""adapter_repr"": ""DynamicNoParamLayerAdapter(target_channels=256, h_scale=1/1, w_scale=1/1, multi_input_policy=concat)""}]","[{""layer_id"": 2, ""old_layer_type"": ""C3k2"", ""original_layer_params"": 6640, ""input_shapes"": ""((1, 32, 160, 160))"", ""output_shape"": ""(1, 64, 160, 160)"", ""adapter_repr"": ""DynamicNoParamLayerAdapter(target_channels=64, h_scale=1/1, w_scale=1/1, multi_input_policy=concat)""}, {""layer_id"": 6, ""old_layer_type"": ""C3k2"", ""original_layer_params"": 87040, ""input_shapes"": ""((1, 128, 40, 40))"", ""output_shape"": ""(1, 128, 40, 40)"", ""adapter_repr"": ""DynamicNoParamLayerAdapter(target_channels=128, h_scale=1/1, w_scale=1/1, multi_input_policy=concat)""}, {""layer_id"": 9, ""old_layer_type"": ""SPPF"", ""original_layer_params"": 164608, ""input_shapes"": ""((1, 256, 20, 20))"", ""output_shape"": ""(1, 256, 20, 20)"", ""adapter_repr"": ""DynamicNoParamLayerAdapter(target_channels=256, h_scale=1/1, w_scale=1/1, multi_input_policy=concat)""}]"
C005,"0,1,10","Conv,Conv,C2PSA",3,10.161676813830445,10.16641935123578,10.164048082533112,0.0859519174668879,10.25,9.737499999999999,10.762500000000001,retain_signed,ok,,0.6414207460892849,0.1899135424242684,2508090,2506920,2253226,2252056,254864,254864,10.161676813830445,10.16641935123578,10.164048082533112,0.0859519174668879,True,True,True,/home/afm176/yolo_project/5_reproduction/stage3_results/near_target_20260729_172754/saved_near_target_models/GEN_C005_layers_0-1-10.pt,/home/afm176/yolo_project/5_reproduction/stage3_results/near_target_20260729_172754/saved_near_target_models/SNOW_C005_layers_0-1-10.pt,9f279d15af02c4665029ac19df736c773f73d92895afebca7b2e08641d52a974,3a0bee843b9f46f0e6d583d0b0fc0126b74915fa66afdf6ebd21d6283bd295b9,4.688113212585449,4.682826042175293,8.72026025583654,8.629926845125805,0.0,0.0,0.0,0.0,0.0,1.1671945390884173,856.7552079030486,0.0,0.0,0.0,0.0,0.0,1.1552346963435411,865.6249705493802,0.6414207460892849,0.1899135424242684,False,False,"[{""layer_id"": 0, ""old_layer_type"": ""Conv"", ""original_layer_params"": 464, ""input_shapes"": ""((1, 3, 640, 640))"", ""output_shape"": ""(1, 16, 320, 320)"", ""adapter_repr"": ""DynamicNoParamLayerAdapter(target_channels=16, h_scale=1/2, w_scale=1/2, multi_input_policy=concat)""}, {""layer_id"": 1, ""old_layer_type"": ""Conv"", ""original_layer_params"": 4672, ""input_shapes"": ""((1, 16, 320, 320))"", ""output_shape"": ""(1, 32, 160, 160)"", ""adapter_repr"": ""DynamicNoParamLayerAdapter(target_channels=32, h_scale=1/2, w_scale=1/2, multi_input_policy=concat)""}, {""layer_id"": 10, ""old_layer_type"": ""C2PSA"", ""original_layer_params"": 249728, ""input_shapes"": ""((1, 256, 20, 20))"", ""output_shape"": ""(1, 256, 20, 20)"", ""adapter_repr"": ""DynamicNoParamLayerAdapter(target_channels=256, h_scale=1/1, w_scale=1/1, multi_input_policy=concat)""}]","[{""layer_id"": 0, ""old_layer_type"": ""Conv"", ""original_layer_params"": 464, ""input_shapes"": ""((1, 3, 640, 640))"", ""output_shape"": ""(1, 16, 320, 320)"", ""adapter_repr"": ""DynamicNoParamLayerAdapter(target_channels=16, h_scale=1/2, w_scale=1/2, multi_input_policy=concat)""}, {""layer_id"": 1, ""old_layer_type"": ""Conv"", ""original_layer_params"": 4672, ""input_shapes"": ""((1, 16, 320, 320))"", ""output_shape"": ""(1, 32, 160, 160)"", ""adapter_repr"": ""DynamicNoParamLayerAdapter(target_channels=32, h_scale=1/2, w_scale=1/2, multi_input_policy=concat)""}, {""layer_id"": 10, ""old_layer_type"": ""C2PSA"", ""original_layer_params"": 249728, ""input_shapes"": ""((1, 256, 20, 20))"", ""output_shape"": ""(1, 256, 20, 20)"", ""adapter_repr"": ""DynamicNoParamLayerAdapter(target_channels=256, h_scale=1/1, w_scale=1/1, multi_input_policy=concat)""}]"
C006,"1,10","Conv,C2PSA",2,10.14317668026267,10.147910583504858,10.145543631883765,0.10445636811623515,10.25,9.737499999999999,10.762500000000001,retain_signed,ok,,0.6414207460892849,0.1899135424242684,2508090,2506920,2253690,2252520,254400,254400,10.14317668026267,10.147910583504858,10.145543631883765,0.10445636811623515,True,True,True,/home/afm176/yolo_project/5_reproduction/stage3_results/near_target_20260729_172754/saved_near_target_models/GEN_C006_layers_1-10.pt,/home/afm176/yolo_project/5_reproduction/stage3_results/near_target_20260729_172754/saved_near_target_models/SNOW_C006_layers_1-10.pt,00eae35d36f551ca4ba9061479ec038cc3a50edd68ea1508aaf9f710c147c79a,d58dda1c115c2eaa537226fd2cf62b39936b6c38fd6c21e28ea30e62cd406210,4.6867265701293945,4.681445121765137,8.74725882792031,8.656871001872322,4.949594607990292e-06,2.2336953218494647e-05,1.8659501418122107e-07,0.00030516164254684936,0.002307006193162146,1.1866285524923694,842.7236963914455,0.000375,0.000625,0.000625,0.00124750499001996,0.0011180679785330948,1.0077979136258364,992.2624233287196,0.641415796494677,0.1895385424242684,False,False,"[{""layer_id"": 1, ""old_layer_type"": ""Conv"", ""original_layer_params"": 4672, ""input_shapes"": ""((1, 16, 320, 320))"", ""output_shape"": ""(1, 32, 160, 160)"", ""adapter_repr"": ""DynamicNoParamLayerAdapter(target_channels=32, h_scale=1/2, w_scale=1/2, multi_input_policy=concat)""}, {""layer_id"": 10, ""old_layer_type"": ""C2PSA"", ""original_layer_params"": 249728, ""input_shapes"": ""((1, 256, 20, 20))"", ""output_shape"": ""(1, 256, 20, 20)"", ""adapter_repr"": ""DynamicNoParamLayerAdapter(target_channels=256, h_scale=1/1, w_scale=1/1, multi_input_policy=concat)""}]","[{""layer_id"": 1, ""old_layer_type"": ""Conv"", ""original_layer_params"": 4672, ""input_shapes"": ""((1, 16, 320, 320))"", ""output_shape"": ""(1, 32, 160, 160)"", ""adapter_repr"": ""DynamicNoParamLayerAdapter(target_channels=32, h_scale=1/2, w_scale=1/2, multi_input_policy=concat)""}, {""layer_id"": 10, ""old_layer_type"": ""C2PSA"", ""original_layer_params"": 249728, ""input_shapes"": ""((1, 256, 20, 20))"", ""output_shape"": ""(1, 256, 20, 20)"", ""adapter_repr"": ""DynamicNoParamLayerAdapter(target_channels=256, h_scale=1/1, w_scale=1/1, multi_input_policy=concat)""}]"
C007,"9,19","SPPF,C3k2",2,10.360074797953821,10.364909929315655,10.362492363634738,0.11249236363473791,10.25,9.737499999999999,10.762500000000001,retain_signed,ok,,0.6414207460892849,0.1899135424242684,2508090,2506920,2248250,2247080,259840,259840,10.360074797953821,10.364909929315655,10.362492363634738,0.11249236363473791,True,True,True,/home/afm176/yolo_project/5_reproduction/stage3_results/near_target_20260729_172754/saved_near_target_models/GEN_C007_layers_9-19.pt,/home/afm176/yolo_project/5_reproduction/stage3_results/near_target_20260729_172754/saved_near_target_models/SNOW_C007_layers_9-19.pt,5e95b4042bb4c83a36149b86d5a73af0ad9ade8cfe9b393466daec8bb01ab2e3,84064337124810bbf7a58144615fd73ddbe38b1a0860fdef5fb638bd18e6503c,4.670973777770996,4.665675163269043,9.053973005141613,8.964570294662638,0.059044490471699934,0.10867952346933006,0.059970503342713095,0.33362069712794096,0.12762259289027422,1.2048409633677113,829.9850606048867,0.07606407328800945,0.1543771524076242,0.06713168744459373,0.7351713210725462,0.12299203945775139,1.0146315768361092,985.5794190027731,0.582376255617585,0.11384946913625894,False,False,"[{""layer_id"": 9, ""old_layer_type"": ""SPPF"", ""original_layer_params"": 164608, ""input_shapes"": ""((1, 256, 20, 20))"", ""output_shape"": ""(1, 256, 20, 20)"", ""adapter_repr"": ""DynamicNoParamLayerAdapter(target_channels=256, h_scale=1/1, w_scale=1/1, multi_input_policy=concat)""}, {""layer_id"": 19, ""old_layer_type"": ""C3k2"", ""original_layer_params"": 95232, ""input_shapes"": ""((1, 192, 40, 40))"", ""output_shape"": ""(1, 128, 40, 40)"", ""adapter_repr"": ""DynamicNoParamLayerAdapter(target_channels=128, h_scale=1/1, w_scale=1/1, multi_input_policy=concat)""}]","[{""layer_id"": 9, ""old_layer_type"": ""SPPF"", ""original_layer_params"": 164608, ""input_shapes"": ""((1, 256, 20, 20))"", ""output_shape"": ""(1, 256, 20, 20)"", ""adapter_repr"": ""DynamicNoParamLayerAdapter(target_channels=256, h_scale=1/1, w_scale=1/1, multi_input_policy=concat)""}, {""layer_id"": 19, ""old_layer_type"": ""C3k2"", ""original_layer_params"": 95232, ""input_shapes"": ""((1, 192, 40, 40))"", ""output_shape"": ""(1, 128, 40, 40)"", ""adapter_repr"": ""DynamicNoParamLayerAdapter(target_channels=128, h_scale=1/1, w_scale=1/1, multi_input_policy=concat)""}]"
C008,"0,9,19","Conv,SPPF,C3k2",3,10.378574931521596,10.383418697046576,10.380996814284085,0.13099681428408516,10.25,9.737499999999999,10.762500000000001,retain_signed,ok,,0.6414207460892849,0.1899135424242684,2508090,2506920,2247786,2246616,260304,260304,10.378574931521596,10.383418697046574,10.380996814284085,0.13099681428408516,True,True,True,/home/afm176/yolo_project/5_reproduction/stage3_results/near_target_20260729_172754/saved_near_target_models/GEN_C008_layers_0-9-19.pt,/home/afm176/yolo_project/5_reproduction/stage3_results/near_target_20260729_172754/saved_near_target_models/SNOW_C008_layers_0-9-19.pt,834e26ce7295d9165b1e264062e200188f66bfd1b4898357272519e8697d101d,4dee23b1baa307443a6b4022d2d4f63090edf5410ff11b7f2cb2a4d8cd37b53f,4.67122745513916,4.665923118591309,9.049033789065764,8.959732255467822,0.0,0.0,0.0,0.0,0.0,1.1542658440938052,866.3515472772941,0.0,0.0,0.0,0.0,0.0,1.1590950842946768,862.7419903247298,0.6414207460892849,0.1899135424242684,False,False,"[{""layer_id"": 0, ""old_layer_type"": ""Conv"", ""original_layer_params"": 464, ""input_shapes"": ""((1, 3, 640, 640))"", ""output_shape"": ""(1, 16, 320, 320)"", ""adapter_repr"": ""DynamicNoParamLayerAdapter(target_channels=16, h_scale=1/2, w_scale=1/2, multi_input_policy=concat)""}, {""layer_id"": 9, ""old_layer_type"": ""SPPF"", ""original_layer_params"": 164608, ""input_shapes"": ""((1, 256, 20, 20))"", ""output_shape"": ""(1, 256, 20, 20)"", ""adapter_repr"": ""DynamicNoParamLayerAdapter(target_channels=256, h_scale=1/1, w_scale=1/1, multi_input_policy=concat)""}, {""layer_id"": 19, ""old_layer_type"": ""C3k2"", ""original_layer_params"": 95232, ""input_shapes"": ""((1, 192, 40, 40))"", ""output_shape"": ""(1, 128, 40, 40)"", ""adapter_repr"": ""DynamicNoParamLayerAdapter(target_channels=128, h_scale=1/1, w_scale=1/1, multi_input_policy=concat)""}]","[{""layer_id"": 0, ""old_layer_type"": ""Conv"", ""original_layer_params"": 464, ""input_shapes"": ""((1, 3, 640, 640))"", ""output_shape"": ""(1, 16, 320, 320)"", ""adapter_repr"": ""DynamicNoParamLayerAdapter(target_channels=16, h_scale=1/2, w_scale=1/2, multi_input_policy=concat)""}, {""layer_id"": 9, ""old_layer_type"": ""SPPF"", ""original_layer_params"": 164608, ""input_shapes"": ""((1, 256, 20, 20))"", ""output_shape"": ""(1, 256, 20, 20)"", ""adapter_repr"": ""DynamicNoParamLayerAdapter(target_channels=256, h_scale=1/1, w_scale=1/1, multi_input_policy=concat)""}, {""layer_id"": 19, ""old_layer_type"": ""C3k2"", ""original_layer_params"": 95232, ""input_shapes"": ""((1, 192, 40, 40))"", ""output_shape"": ""(1, 128, 40, 40)"", ""adapter_repr"": ""DynamicNoParamLayerAdapter(target_channels=128, h_scale=1/1, w_scale=1/1, multi_input_policy=concat)""}]"
C009,"4,5,6","C3k2,Conv,C3k2",3,10.399626807650444,10.404480398257622,10.402053602954034,0.1520536029540338,10.25,9.737499999999999,10.762500000000001,retain_signed,ok,,0.6414207460892849,0.1899135424242684,2508090,2506920,2247258,2246088,260832,260832,10.399626807650444,10.404480398257624,10.402053602954034,0.1520536029540338,True,True,True,/home/afm176/yolo_project/5_reproduction/stage3_results/near_target_20260729_172754/saved_near_target_models/GEN_C009_layers_4-5-6.pt,/home/afm176/yolo_project/5_reproduction/stage3_results/near_target_20260729_172754/saved_near_target_models/SNOW_C009_layers_4-5-6.pt,c6e092a3db640e6a995a78423c387766d56db7cbf5c1e336eabe09f106910227,92a6efb899376fa6baad853f6ffb2d9cb299f1d98055aa55db08994fc1a0366c,4.662966728210449,4.657711982727051,9.20987397571614,9.11994578418847,1.7363663862592673e-09,9.191231381437482e-09,0.0,1.765302191048947e-06,0.0005501306560308073,1.2111835622821343,825.6386819812693,0.0,0.0,0.0,0.0,0.0,0.9558712039142847,1046.166048213408,0.6414207443529185,0.1899135424242684,False,False,"[{""layer_id"": 4, ""old_layer_type"": ""C3k2"", ""original_layer_params"": 26080, ""input_shapes"": ""((1, 64, 80, 80))"", ""output_shape"": ""(1, 128, 80, 80)"", ""adapter_repr"": ""DynamicNoParamLayerAdapter(target_channels=128, h_scale=1/1, w_scale=1/1, multi_input_policy=concat)""}, {""layer_id"": 5, ""old_layer_type"": ""Conv"", ""original_layer_params"": 147712, ""input_shapes"": ""((1, 128, 80, 80))"", ""output_shape"": ""(1, 128, 40, 40)"", ""adapter_repr"": ""DynamicNoParamLayerAdapter(target_channels=128, h_scale=1/2, w_scale=1/2, multi_input_policy=concat)""}, {""layer_id"": 6, ""old_layer_type"": ""C3k2"", ""original_layer_params"": 87040, ""input_shapes"": ""((1, 128, 40, 40))"", ""output_shape"": ""(1, 128, 40, 40)"", ""adapter_repr"": ""DynamicNoParamLayerAdapter(target_channels=128, h_scale=1/1, w_scale=1/1, multi_input_policy=concat)""}]","[{""layer_id"": 4, ""old_layer_type"": ""C3k2"", ""original_layer_params"": 26080, ""input_shapes"": ""((1, 64, 80, 80))"", ""output_shape"": ""(1, 128, 80, 80)"", ""adapter_repr"": ""DynamicNoParamLayerAdapter(target_channels=128, h_scale=1/1, w_scale=1/1, multi_input_policy=concat)""}, {""layer_id"": 5, ""old_layer_type"": ""Conv"", ""original_layer_params"": 147712, ""input_shapes"": ""((1, 128, 80, 80))"", ""output_shape"": ""(1, 128, 40, 40)"", ""adapter_repr"": ""DynamicNoParamLayerAdapter(target_channels=128, h_scale=1/2, w_scale=1/2, multi_input_policy=concat)""}, {""layer_id"": 6, ""old_layer_type"": ""C3k2"", ""original_layer_params"": 87040, ""input_shapes"": ""((1, 128, 40, 40))"", ""output_shape"": ""(1, 128, 40, 40)"", ""adapter_repr"": ""DynamicNoParamLayerAdapter(target_channels=128, h_scale=1/1, w_scale=1/1, multi_input_policy=concat)""}]"
C010,"4,6,20","C3k2,C3k2,Conv",3,10.399626807650444,10.404480398257622,10.402053602954034,0.1520536029540338,10.25,9.737499999999999,10.762500000000001,retain_signed,ok,,0.6414207460892849,0.1899135424242684,2508090,2506920,2247258,2246088,260832,260832,10.399626807650444,10.404480398257624,10.402053602954034,0.1520536029540338,True,True,True,/home/afm176/yolo_project/5_reproduction/stage3_results/near_target_20260729_172754/saved_near_target_models/GEN_C010_layers_4-6-20.pt,/home/afm176/yolo_project/5_reproduction/stage3_results/near_target_20260729_172754/saved_near_target_models/SNOW_C010_layers_4-6-20.pt,89d3cb3f7e2c2491c2d980c541619facc91fa5f96c44dd745082d2dba0459cc3,4bc2bad7ef1cb283c9c11b276ae231198780817707e3a3d5317500953d008011,4.663632392883301,4.658316612243652,9.196913175637409,9.10814841169034,4.0584415584415586e-07,2.0292207792207792e-06,0.0,3.077491229149997e-05,0.00010822510822510824,1.190729420039464,839.8213592193407,0.0,0.0,0.0,0.0,0.0,0.9698774479329586,1031.0581013418137,0.6414203402451291,0.1899135424242684,False,False,"[{""layer_id"": 4, ""old_layer_type"": ""C3k2"", ""original_layer_params"": 26080, ""input_shapes"": ""((1, 64, 80, 80))"", ""output_shape"": ""(1, 128, 80, 80)"", ""adapter_repr"": ""DynamicNoParamLayerAdapter(target_channels=128, h_scale=1/1, w_scale=1/1, multi_input_policy=concat)""}, {""layer_id"": 6, ""old_layer_type"": ""C3k2"", ""original_layer_params"": 87040, ""input_shapes"": ""((1, 128, 40, 40))"", ""output_shape"": ""(1, 128, 40, 40)"", ""adapter_repr"": ""DynamicNoParamLayerAdapter(target_channels=128, h_scale=1/1, w_scale=1/1, multi_input_policy=concat)""}, {""layer_id"": 20, ""old_layer_type"": ""Conv"", ""original_layer_params"": 147712, ""input_shapes"": ""((1, 128, 40, 40))"", ""output_shape"": ""(1, 128, 20, 20)"", ""adapter_repr"": ""DynamicNoParamLayerAdapter(target_channels=128, h_scale=1/2, w_scale=1/2, multi_input_policy=concat)""}]","[{""layer_id"": 4, ""old_layer_type"": ""C3k2"", ""original_layer_params"": 26080, ""input_shapes"": ""((1, 64, 80, 80))"", ""output_shape"": ""(1, 128, 80, 80)"", ""adapter_repr"": ""DynamicNoParamLayerAdapter(target_channels=128, h_scale=1/1, w_scale=1/1, multi_input_policy=concat)""}, {""layer_id"": 6, ""old_layer_type"": ""C3k2"", ""original_layer_params"": 87040, ""input_shapes"": ""((1, 128, 40, 40))"", ""output_shape"": ""(1, 128, 40, 40)"", ""adapter_repr"": ""DynamicNoParamLayerAdapter(target_channels=128, h_scale=1/1, w_scale=1/1, multi_input_policy=concat)""}, {""layer_id"": 20, ""old_layer_type"": ""Conv"", ""original_layer_params"": 147712, ""input_shapes"": ""((1, 128, 40, 40))"", ""output_shape"": ""(1, 128, 20, 20)"", ""adapter_repr"": ""DynamicNoParamLayerAdapter(target_channels=128, h_scale=1/2, w_scale=1/2, multi_input_policy=concat)""}]"
C011,"1,2,10","Conv,C3k2,C2PSA",3,10.407919970973929,10.412777432068035,10.41034870152098,0.1603487015209808,10.25,9.737499999999999,10.762500000000001,retain_signed,ok,,0.6414207460892849,0.1899135424242684,2508090,2506920,2247050,2245880,261040,261040,10.407919970973929,10.412777432068037,10.410348701520983,0.16034870152098257,True,True,True,/home/afm176/yolo_project/5_reproduction/stage3_results/near_target_20260729_172754/saved_near_target_models/GEN_C011_layers_1-2-10.pt,/home/afm176/yolo_project/5_reproduction/stage3_results/near_target_20260729_172754/saved_near_target_models/SNOW_C011_layers_1-2-10.pt,12c44dd3b79433ba99764c11cac0601485f3f7891ac195cc2af0081986f9fe27,14119f2aadb2b9c9aafca765230afa58c68e47b9ef891d05fe4120099616e23c,4.66494083404541,4.659636497497559,9.171437219035665,9.082395156899471,6.101196772005535e-08,2.9288287536744905e-07,1.0643826727151906e-08,3.3122659456327604e-05,0.0007132175890303034,1.040505711497231,961.0711300767917,0.000125,0.000625,0.0,0.001984126984126984,0.00022361359570661896,1.0518534108996391,950.7028162267502,0.6414206850773172,0.1897885424242684,False,False,"[{""layer_id"": 1, ""old_layer_type"": ""Conv"", ""original_layer_params"": 4672, ""input_shapes"": ""((1, 16, 320, 320))"", ""output_shape"": ""(1, 32, 160, 160)"", ""adapter_repr"": ""DynamicNoParamLayerAdapter(target_channels=32, h_scale=1/2, w_scale=1/2, multi_input_policy=concat)""}, {""layer_id"": 2, ""old_layer_type"": ""C3k2"", ""original_layer_params"": 6640, ""input_shapes"": ""((1, 32, 160, 160))"", ""output_shape"": ""(1, 64, 160, 160)"", ""adapter_repr"": ""DynamicNoParamLayerAdapter(target_channels=64, h_scale=1/1, w_scale=1/1, multi_input_policy=concat)""}, {""layer_id"": 10, ""old_layer_type"": ""C2PSA"", ""original_layer_params"": 249728, ""input_shapes"": ""((1, 256, 20, 20))"", ""output_shape"": ""(1, 256, 20, 20)"", ""adapter_repr"": ""DynamicNoParamLayerAdapter(target_channels=256, h_scale=1/1, w_scale=1/1, multi_input_policy=concat)""}]","[{""layer_id"": 1, ""old_layer_type"": ""Conv"", ""original_layer_params"": 4672, ""input_shapes"": ""((1, 16, 320, 320))"", ""output_shape"": ""(1, 32, 160, 160)"", ""adapter_repr"": ""DynamicNoParamLayerAdapter(target_channels=32, h_scale=1/2, w_scale=1/2, multi_input_policy=concat)""}, {""layer_id"": 2, ""old_layer_type"": ""C3k2"", ""original_layer_params"": 6640, ""input_shapes"": ""((1, 32, 160, 160))"", ""output_shape"": ""(1, 64, 160, 160)"", ""adapter_repr"": ""DynamicNoParamLayerAdapter(target_channels=64, h_scale=1/1, w_scale=1/1, multi_input_policy=concat)""}, {""layer_id"": 10, ""old_layer_type"": ""C2PSA"", ""original_layer_params"": 249728, ""input_shapes"": ""((1, 256, 20, 20))"", ""output_shape"": ""(1, 256, 20, 20)"", ""adapter_repr"": ""DynamicNoParamLayerAdapter(target_channels=256, h_scale=1/1, w_scale=1/1, multi_input_policy=concat)""}]"
C012,"0,6,9","Conv,C3k2,SPPF",3,10.051951883704334,10.056643211590318,10.054297547647327,0.19570245235267336,10.25,9.737499999999999,10.762500000000001,retain_signed,ok,,0.6414207460892849,0.1899135424242684,2508090,2506920,2255978,2254808,252112,252112,10.051951883704332,10.056643211590318,10.054297547647325,0.19570245235267514,True,True,True,/home/afm176/yolo_project/5_reproduction/stage3_results/near_target_20260729_172754/saved_near_target_models/GEN_C012_layers_0-6-9.pt,/home/afm176/yolo_project/5_reproduction/stage3_results/near_target_20260729_172754/saved_near_target_models/SNOW_C012_layers_0-6-9.pt,06f4dcad815d2b345151f36e347b3bc1c9127865d1765ba93c8a687521425695,243068c93ebf600fdafd77054a695cb1fa7c70199bf2829455effd21a0b9c679,4.686175346374512,4.68093204498291,8.757991410220464,8.66688202143698,0.0,0.0,0.0,0.0,0.0,1.1793547225269405,847.9213089148898,0.0,0.0,0.0,0.0,0.0,0.9749816544353962,1025.6603244284547,0.6414207460892849,0.1899135424242684,False,False,"[{""layer_id"": 0, ""old_layer_type"": ""Conv"", ""original_layer_params"": 464, ""input_shapes"": ""((1, 3, 640, 640))"", ""output_shape"": ""(1, 16, 320, 320)"", ""adapter_repr"": ""DynamicNoParamLayerAdapter(target_channels=16, h_scale=1/2, w_scale=1/2, multi_input_policy=concat)""}, {""layer_id"": 6, ""old_layer_type"": ""C3k2"", ""original_layer_params"": 87040, ""input_shapes"": ""((1, 128, 40, 40))"", ""output_shape"": ""(1, 128, 40, 40)"", ""adapter_repr"": ""DynamicNoParamLayerAdapter(target_channels=128, h_scale=1/1, w_scale=1/1, multi_input_policy=concat)""}, {""layer_id"": 9, ""old_layer_type"": ""SPPF"", ""original_layer_params"": 164608, ""input_shapes"": ""((1, 256, 20, 20))"", ""output_shape"": ""(1, 256, 20, 20)"", ""adapter_repr"": ""DynamicNoParamLayerAdapter(target_channels=256, h_scale=1/1, w_scale=1/1, multi_input_policy=concat)""}]","[{""layer_id"": 0, ""old_layer_type"": ""Conv"", ""original_layer_params"": 464, ""input_shapes"": ""((1, 3, 640, 640))"", ""output_shape"": ""(1, 16, 320, 320)"", ""adapter_repr"": ""DynamicNoParamLayerAdapter(target_channels=16, h_scale=1/2, w_scale=1/2, multi_input_policy=concat)""}, {""layer_id"": 6, ""old_layer_type"": ""C3k2"", ""original_layer_params"": 87040, ""input_shapes"": ""((1, 128, 40, 40))"", ""output_shape"": ""(1, 128, 40, 40)"", ""adapter_repr"": ""DynamicNoParamLayerAdapter(target_channels=128, h_scale=1/1, w_scale=1/1, multi_input_policy=concat)""}, {""layer_id"": 9, ""old_layer_type"": ""SPPF"", ""original_layer_params"": 164608, ""input_shapes"": ""((1, 256, 20, 20))"", ""output_shape"": ""(1, 256, 20, 20)"", ""adapter_repr"": ""DynamicNoParamLayerAdapter(target_channels=256, h_scale=1/1, w_scale=1/1, multi_input_policy=concat)""}]"
C013,"3,13,19","Conv,C3k2,C3k2",3,10.048762205502992,10.05345204474016,10.051107125121575,0.19889287487842466,10.25,9.737499999999999,10.762500000000001,retain_signed,ok,,0.6414207460892849,0.1899135424242684,2508090,2506920,2256058,2254888,252032,252032,10.048762205502992,10.053452044740158,10.051107125121575,0.19889287487842466,True,True,True,/home/afm176/yolo_project/5_reproduction/stage3_results/near_target_20260729_172754/saved_near_target_models/GEN_C013_layers_3-13-19.pt,/home/afm176/yolo_project/5_reproduction/stage3_results/near_target_20260729_172754/saved_near_target_models/SNOW_C013_layers_3-13-19.pt,c74bb02e488a27373a6124a226fafabf24a6e438125b6c549711468c9eccb9b1,30a8f2e9847253e26b8c79a2d6d153c63c2b62eb513bd33dcb00758c7eb053f5,4.667132377624512,4.661787986755371,9.128766848575891,9.040415862962913,1.876813849654033e-08,1.8645200655879576e-07,0.0,3.0099206384206356e-06,0.00045865916203394007,1.1485328866507518,870.6759829194878,0.0,0.0,0.0,0.0,0.0,0.985530000180006,1014.6824549403377,0.6414207273211464,0.1899135424242684,False,False,"[{""layer_id"": 3, ""old_layer_type"": ""Conv"", ""original_layer_params"": 36992, ""input_shapes"": ""((1, 64, 160, 160))"", ""output_shape"": ""(1, 64, 80, 80)"", ""adapter_repr"": ""DynamicNoParamLayerAdapter(target_channels=64, h_scale=1/2, w_scale=1/2, multi_input_policy=concat)""}, {""layer_id"": 13, ""old_layer_type"": ""C3k2"", ""original_layer_params"": 119808, ""input_shapes"": ""((1, 384, 40, 40))"", ""output_shape"": ""(1, 128, 40, 40)"", ""adapter_repr"": ""DynamicNoParamLayerAdapter(target_channels=128, h_scale=1/1, w_scale=1/1, multi_input_policy=concat)""}, {""layer_id"": 19, ""old_layer_type"": ""C3k2"", ""original_layer_params"": 95232, ""input_shapes"": ""((1, 192, 40, 40))"", ""output_shape"": ""(1, 128, 40, 40)"", ""adapter_repr"": ""DynamicNoParamLayerAdapter(target_channels=128, h_scale=1/1, w_scale=1/1, multi_input_policy=concat)""}]","[{""layer_id"": 3, ""old_layer_type"": ""Conv"", ""original_layer_params"": 36992, ""input_shapes"": ""((1, 64, 160, 160))"", ""output_shape"": ""(1, 64, 80, 80)"", ""adapter_repr"": ""DynamicNoParamLayerAdapter(target_channels=64, h_scale=1/2, w_scale=1/2, multi_input_policy=concat)""}, {""layer_id"": 13, ""old_layer_type"": ""C3k2"", ""original_layer_params"": 119808, ""input_shapes"": ""((1, 384, 40, 40))"", ""output_shape"": ""(1, 128, 40, 40)"", ""adapter_repr"": ""DynamicNoParamLayerAdapter(target_channels=128, h_scale=1/1, w_scale=1/1, multi_input_policy=concat)""}, {""layer_id"": 19, ""old_layer_type"": ""C3k2"", ""original_layer_params"": 95232, ""input_shapes"": ""((1, 192, 40, 40))"", ""output_shape"": ""(1, 128, 40, 40)"", ""adapter_repr"": ""DynamicNoParamLayerAdapter(target_channels=128, h_scale=1/1, w_scale=1/1, multi_input_policy=concat)""}]"
C014,"13,17,19","C3k2,Conv,C3k2",3,10.048762205502992,10.05345204474016,10.051107125121575,0.19889287487842466,10.25,9.737499999999999,10.762500000000001,retain_signed,ok,,0.6414207460892849,0.1899135424242684,2508090,2506920,2256058,2254888,252032,252032,10.048762205502992,10.053452044740158,10.051107125121575,0.19889287487842466,True,True,True,/home/afm176/yolo_project/5_reproduction/stage3_results/near_target_20260729_172754/saved_near_target_models/GEN_C014_layers_13-17-19.pt,/home/afm176/yolo_project/5_reproduction/stage3_results/near_target_20260729_172754/saved_near_target_models/SNOW_C014_layers_13-17-19.pt,8ab88702ccdc01c415f52ec47f74ba3e865940715a7470238f933e7cd1a177e6,1a4dc8aa016bb73c8c0d51e097dcc005a7d5c3bd91f5a49bfbe32afd11d2378e,4.667708396911621,4.6623640060424805,9.117551485757046,9.029176725756493,0.0003070715746185359,0.0006420916151161237,0.00026595075946357947,0.005598866852343048,0.03363890411998419,1.1723267031325535,853.0045398845882,0.007887404950199382,0.03317517620604127,0.005593678344798165,0.09677353896103896,0.060505845898287766,1.1348090786486864,881.2054986295889,0.6411136745146664,0.182026137474069,False,False,"[{""layer_id"": 13, ""old_layer_type"": ""C3k2"", ""original_layer_params"": 119808, ""input_shapes"": ""((1, 384, 40, 40))"", ""output_shape"": ""(1, 128, 40, 40)"", ""adapter_repr"": ""DynamicNoParamLayerAdapter(target_channels=128, h_scale=1/1, w_scale=1/1, multi_input_policy=concat)""}, {""layer_id"": 17, ""old_layer_type"": ""Conv"", ""original_layer_params"": 36992, ""input_shapes"": ""((1, 64, 80, 80))"", ""output_shape"": ""(1, 64, 40, 40)"", ""adapter_repr"": ""DynamicNoParamLayerAdapter(target_channels=64, h_scale=1/2, w_scale=1/2, multi_input_policy=concat)""}, {""layer_id"": 19, ""old_layer_type"": ""C3k2"", ""original_layer_params"": 95232, ""input_shapes"": ""((1, 192, 40, 40))"", ""output_shape"": ""(1, 128, 40, 40)"", ""adapter_repr"": ""DynamicNoParamLayerAdapter(target_channels=128, h_scale=1/1, w_scale=1/1, multi_input_policy=concat)""}]","[{""layer_id"": 13, ""old_layer_type"": ""C3k2"", ""original_layer_params"": 119808, ""input_shapes"": ""((1, 384, 40, 40))"", ""output_shape"": ""(1, 128, 40, 40)"", ""adapter_repr"": ""DynamicNoParamLayerAdapter(target_channels=128, h_scale=1/1, w_scale=1/1, multi_input_policy=concat)""}, {""layer_id"": 17, ""old_layer_type"": ""Conv"", ""original_layer_params"": 36992, ""input_shapes"": ""((1, 64, 80, 80))"", ""output_shape"": ""(1, 64, 40, 40)"", ""adapter_repr"": ""DynamicNoParamLayerAdapter(target_channels=64, h_scale=1/2, w_scale=1/2, multi_input_policy=concat)""}, {""layer_id"": 19, ""old_layer_type"": ""C3k2"", ""original_layer_params"": 95232, ""input_shapes"": ""((1, 192, 40, 40))"", ""output_shape"": ""(1, 128, 40, 40)"", ""adapter_repr"": ""DynamicNoParamLayerAdapter(target_channels=128, h_scale=1/1, w_scale=1/1, multi_input_policy=concat)""}]"
C015,"6,9","C3k2,SPPF",2,10.033451750136559,10.038134443859398,10.035793096997978,0.2142069030020224,10.25,9.737499999999999,10.762500000000001,retain_signed,ok,,0.6414207460892849,0.1899135424242684,2508090,2506920,2256442,2255272,251648,251648,10.033451750136559,10.038134443859398,10.035793096997978,0.2142069030020224,True,True,True,/home/afm176/yolo_project/5_reproduction/stage3_results/near_target_20260729_172754/saved_near_target_models/GEN_C015_layers_6-9.pt,/home/afm176/yolo_project/5_reproduction/stage3_results/near_target_20260729_172754/saved_near_target_models/SNOW_C015_layers_6-9.pt,4b4912865ff965c9fd59635e437f84741d9042e1493412aeea1adff102020232,b4d12cd5f041008bea03e515adadcfe3fbfd7e74d46ec014a205da3d7785a2a4,4.685976982116699,4.680678367614746,8.76185365437,8.671831707690139,4.008430882773785e-05,6.887052341597796e-05,3.53045013239188e-05,0.011841865549280378,0.00030802183637880054,1.1858765546401795,843.2580913140841,0.0,0.0,0.0,0.0,0.0,1.0048181470483541,995.2049561778841,0.6413806617804572,0.1899135424242684,False,False,"[{""layer_id"": 6, ""old_layer_type"": ""C3k2"", ""original_layer_params"": 87040, ""input_shapes"": ""((1, 128, 40, 40))"", ""output_shape"": ""(1, 128, 40, 40)"", ""adapter_repr"": ""DynamicNoParamLayerAdapter(target_channels=128, h_scale=1/1, w_scale=1/1, multi_input_policy=concat)""}, {""layer_id"": 9, ""old_layer_type"": ""SPPF"", ""original_layer_params"": 164608, ""input_shapes"": ""((1, 256, 20, 20))"", ""output_shape"": ""(1, 256, 20, 20)"", ""adapter_repr"": ""DynamicNoParamLayerAdapter(target_channels=256, h_scale=1/1, w_scale=1/1, multi_input_policy=concat)""}]","[{""layer_id"": 6, ""old_layer_type"": ""C3k2"", ""original_layer_params"": 87040, ""input_shapes"": ""((1, 128, 40, 40))"", ""output_shape"": ""(1, 128, 40, 40)"", ""adapter_repr"": ""DynamicNoParamLayerAdapter(target_channels=128, h_scale=1/1, w_scale=1/1, multi_input_policy=concat)""}, {""layer_id"": 9, ""old_layer_type"": ""SPPF"", ""original_layer_params"": 164608, ""input_shapes"": ""((1, 256, 20, 20))"", ""output_shape"": ""(1, 256, 20, 20)"", ""adapter_repr"": ""DynamicNoParamLayerAdapter(target_channels=256, h_scale=1/1, w_scale=1/1, multi_input_policy=concat)""}]"
C016,"0,10","Conv,C2PSA",2,9.975399606872163,9.980055207186508,9.977727407029334,0.27227259297066553,10.25,9.737499999999999,10.762500000000001,retain_signed,ok,,0.6414207460892849,0.1899135424242684,2508090,2506920,2257898,2256728,250192,250192,9.975399606872163,9.980055207186508,9.977727407029334,0.27227259297066553,True,True,True,/home/afm176/yolo_project/5_reproduction/stage3_results/near_target_20260729_172754/saved_near_target_models/GEN_C016_layers_0-10.pt,/home/afm176/yolo_project/5_reproduction/stage3_results/near_target_20260729_172754/saved_near_target_models/SNOW_C016_layers_0-10.pt,d3d9defc121d436c9882ef7d833ee57638a3b69478e5bbc79d43de439a49717a,6eec2f06142a8997d4badd0bbfbb2b9d219042177e15bd569b735a3b5f5e77c5,4.6970415115356445,4.691760063171387,8.546422132144455,8.455608571367963,0.0,0.0,0.0,0.0,0.0,1.192423386160623,838.6283023346348,0.0,0.0,0.0,0.0,0.0,0.9962544403970242,1003.7596415645417,0.6414207460892849,0.1899135424242684,False,False,"[{""layer_id"": 0, ""old_layer_type"": ""Conv"", ""original_layer_params"": 464, ""input_shapes"": ""((1, 3, 640, 640))"", ""output_shape"": ""(1, 16, 320, 320)"", ""adapter_repr"": ""DynamicNoParamLayerAdapter(target_channels=16, h_scale=1/2, w_scale=1/2, multi_input_policy=concat)""}, {""layer_id"": 10, ""old_layer_type"": ""C2PSA"", ""original_layer_params"": 249728, ""input_shapes"": ""((1, 256, 20, 20))"", ""output_shape"": ""(1, 256, 20, 20)"", ""adapter_repr"": ""DynamicNoParamLayerAdapter(target_channels=256, h_scale=1/1, w_scale=1/1, multi_input_policy=concat)""}]","[{""layer_id"": 0, ""old_layer_type"": ""Conv"", ""original_layer_params"": 464, ""input_shapes"": ""((1, 3, 640, 640))"", ""output_shape"": ""(1, 16, 320, 320)"", ""adapter_repr"": ""DynamicNoParamLayerAdapter(target_channels=16, h_scale=1/2, w_scale=1/2, multi_input_policy=concat)""}, {""layer_id"": 10, ""old_layer_type"": ""C2PSA"", ""original_layer_params"": 249728, ""input_shapes"": ""((1, 256, 20, 20))"", ""output_shape"": ""(1, 256, 20, 20)"", ""adapter_repr"": ""DynamicNoParamLayerAdapter(target_channels=256, h_scale=1/1, w_scale=1/1, multi_input_policy=concat)""}]"
C017,10,C2PSA,1,9.956899473304388,9.961546439455587,9.959222956379987,0.2907770436200128,10.25,9.737499999999999,10.762500000000001,retain_signed,ok,,0.6414207460892849,0.1899135424242684,2508090,2506920,2258362,2257192,249728,249728,9.956899473304388,9.961546439455587,9.959222956379987,0.2907770436200128,True,True,True,/home/afm176/yolo_project/5_reproduction/stage3_results/near_target_20260729_172754/saved_near_target_models/GEN_C017_layers_10.pt,/home/afm176/yolo_project/5_reproduction/stage3_results/near_target_20260729_172754/saved_near_target_models/SNOW_C017_layers_10.pt,72bc7d32f3ab1cf5fdf88bc3640fce3a8a5db734a92c04985d5d4a8b35e78568,8d1966feb6844263e04b3e1caa768ae772b5fdda564dcdf3a8b64314792323e2,4.696608543395996,4.691332817077637,8.554852222740077,8.463944885057492,0.021850742167483093,0.03800823246266724,0.022674336717972077,0.09483412939712112,0.10978693010975199,1.2180903050201861,820.9571949457624,0.04583780444721199,0.13756128267531867,0.03365076609231585,0.7527109851665252,0.04157346572613701,1.0208719689399004,979.5547634033145,0.6195700039218018,0.1440757379770564,False,False,"[{""layer_id"": 10, ""old_layer_type"": ""C2PSA"", ""original_layer_params"": 249728, ""input_shapes"": ""((1, 256, 20, 20))"", ""output_shape"": ""(1, 256, 20, 20)"", ""adapter_repr"": ""DynamicNoParamLayerAdapter(target_channels=256, h_scale=1/1, w_scale=1/1, multi_input_policy=concat)""}]","[{""layer_id"": 10, ""old_layer_type"": ""C2PSA"", ""original_layer_params"": 249728, ""input_shapes"": ""((1, 256, 20, 20))"", ""output_shape"": ""(1, 256, 20, 20)"", ""adapter_repr"": ""DynamicNoParamLayerAdapter(target_channels=256, h_scale=1/1, w_scale=1/1, multi_input_policy=concat)""}]"
C018,"2,5,19","C3k2,Conv,C3k2",3,9.951158052541974,9.9558023391253,9.953480195833638,0.2965198041663619,10.25,9.737499999999999,10.762500000000001,retain_signed,ok,,0.6414207460892849,0.1899135424242684,2508090,2506920,2258506,2257336,249584,249584,9.951158052541974,9.9558023391253,9.953480195833638,0.2965198041663619,True,True,True,/home/afm176/yolo_project/5_reproduction/stage3_results/near_target_20260729_172754/saved_near_target_models/GEN_C018_layers_2-5-19.pt,/home/afm176/yolo_project/5_reproduction/stage3_results/near_target_20260729_172754/saved_near_target_models/SNOW_C018_layers_2-5-19.pt,6fedffab75b679746a645ac9875ede7a2ff75af67148c07ce7fff81b3767e7f1,5d42706c2521a6fc5aff1a6383580bc88075d151112c1bf96a1e6fbb2ea36f09,4.685605049133301,4.680289268493652,8.769095362150377,8.679423707657389,4.511522500805388e-08,2.1092686879332234e-07,0.0,1.7431669436228097e-05,0.0016344974867676177,1.0357912551950326,965.4454939491709,2.0923317580996197e-07,1.728818768568794e-06,0.0,0.00010721433336510055,0.002012522361359571,1.0342228319495916,966.909614744166,0.6414207009740599,0.18991333319109258,False,False,"[{""layer_id"": 2, ""old_layer_type"": ""C3k2"", ""original_layer_params"": 6640, ""input_shapes"": ""((1, 32, 160, 160))"", ""output_shape"": ""(1, 64, 160, 160)"", ""adapter_repr"": ""DynamicNoParamLayerAdapter(target_channels=64, h_scale=1/1, w_scale=1/1, multi_input_policy=concat)""}, {""layer_id"": 5, ""old_layer_type"": ""Conv"", ""original_layer_params"": 147712, ""input_shapes"": ""((1, 128, 80, 80))"", ""output_shape"": ""(1, 128, 40, 40)"", ""adapter_repr"": ""DynamicNoParamLayerAdapter(target_channels=128, h_scale=1/2, w_scale=1/2, multi_input_policy=concat)""}, {""layer_id"": 19, ""old_layer_type"": ""C3k2"", ""original_layer_params"": 95232, ""input_shapes"": ""((1, 192, 40, 40))"", ""output_shape"": ""(1, 128, 40, 40)"", ""adapter_repr"": ""DynamicNoParamLayerAdapter(target_channels=128, h_scale=1/1, w_scale=1/1, multi_input_policy=concat)""}]","[{""layer_id"": 2, ""old_layer_type"": ""C3k2"", ""original_layer_params"": 6640, ""input_shapes"": ""((1, 32, 160, 160))"", ""output_shape"": ""(1, 64, 160, 160)"", ""adapter_repr"": ""DynamicNoParamLayerAdapter(target_channels=64, h_scale=1/1, w_scale=1/1, multi_input_policy=concat)""}, {""layer_id"": 5, ""old_layer_type"": ""Conv"", ""original_layer_params"": 147712, ""input_shapes"": ""((1, 128, 80, 80))"", ""output_shape"": ""(1, 128, 40, 40)"", ""adapter_repr"": ""DynamicNoParamLayerAdapter(target_channels=128, h_scale=1/2, w_scale=1/2, multi_input_policy=concat)""}, {""layer_id"": 19, ""old_layer_type"": ""C3k2"", ""original_layer_params"": 95232, ""input_shapes"": ""((1, 192, 40, 40))"", ""output_shape"": ""(1, 128, 40, 40)"", ""adapter_repr"": ""DynamicNoParamLayerAdapter(target_channels=128, h_scale=1/1, w_scale=1/1, multi_input_policy=concat)""}]"
C019,"2,19,20","C3k2,C3k2,Conv",3,9.951158052541974,9.9558023391253,9.953480195833638,0.2965198041663619,10.25,9.737499999999999,10.762500000000001,retain_signed,ok,,0.6414207460892849,0.1899135424242684,2508090,2506920,2258506,2257336,249584,249584,9.951158052541974,9.9558023391253,9.953480195833638,0.2965198041663619,True,True,True,/home/afm176/yolo_project/5_reproduction/stage3_results/near_target_20260729_172754/saved_near_target_models/GEN_C019_layers_2-19-20.pt,/home/afm176/yolo_project/5_reproduction/stage3_results/near_target_20260729_172754/saved_near_target_models/SNOW_C019_layers_2-19-20.pt,0ac51f252fb2ab1273a98712d278ee2d671bbf36dcd85fef242c3a9267e32cb7,0fb77190533c7ec44df94aa451f7c7bd738e1275198b9172057d2514dd63be9a,4.686209678649902,4.680893898010254,8.75732294488689,8.667626335159259,9.503400793225995e-08,6.115326798934611e-07,3.132204069359527e-08,3.413642432334021e-05,0.0014532536735023414,1.05549039861018,947.4269034723128,2.860411899313501e-08,2.860411899313501e-07,0.0,3.5102499297950014e-05,0.00022361359570661896,0.9206813108175993,1086.1521660648925,0.641420651055277,0.1899135138201494,False,False,"[{""layer_id"": 2, ""old_layer_type"": ""C3k2"", ""original_layer_params"": 6640, ""input_shapes"": ""((1, 32, 160, 160))"", ""output_shape"": ""(1, 64, 160, 160)"", ""adapter_repr"": ""DynamicNoParamLayerAdapter(target_channels=64, h_scale=1/1, w_scale=1/1, multi_input_policy=concat)""}, {""layer_id"": 19, ""old_layer_type"": ""C3k2"", ""original_layer_params"": 95232, ""input_shapes"": ""((1, 192, 40, 40))"", ""output_shape"": ""(1, 128, 40, 40)"", ""adapter_repr"": ""DynamicNoParamLayerAdapter(target_channels=128, h_scale=1/1, w_scale=1/1, multi_input_policy=concat)""}, {""layer_id"": 20, ""old_layer_type"": ""Conv"", ""original_layer_params"": 147712, ""input_shapes"": ""((1, 128, 40, 40))"", ""output_shape"": ""(1, 128, 20, 20)"", ""adapter_repr"": ""DynamicNoParamLayerAdapter(target_channels=128, h_scale=1/2, w_scale=1/2, multi_input_policy=concat)""}]","[{""layer_id"": 2, ""old_layer_type"": ""C3k2"", ""original_layer_params"": 6640, ""input_shapes"": ""((1, 32, 160, 160))"", ""output_shape"": ""(1, 64, 160, 160)"", ""adapter_repr"": ""DynamicNoParamLayerAdapter(target_channels=64, h_scale=1/1, w_scale=1/1, multi_input_policy=concat)""}, {""layer_id"": 19, ""old_layer_type"": ""C3k2"", ""original_layer_params"": 95232, ""input_shapes"": ""((1, 192, 40, 40))"", ""output_shape"": ""(1, 128, 40, 40)"", ""adapter_repr"": ""DynamicNoParamLayerAdapter(target_channels=128, h_scale=1/1, w_scale=1/1, multi_input_policy=concat)""}, {""layer_id"": 20, ""old_layer_type"": ""Conv"", ""original_layer_params"": 147712, ""input_shapes"": ""((1, 128, 40, 40))"", ""output_shape"": ""(1, 128, 20, 20)"", ""adapter_repr"": ""DynamicNoParamLayerAdapter(target_channels=128, h_scale=1/2, w_scale=1/2, multi_input_policy=concat)""}]"
C020,"1,9,19","Conv,SPPF,C3k2",3,10.546352004912105,10.551274073364926,10.548813039138516,0.29881303913851553,10.25,9.737499999999999,10.762500000000001,retain_signed,ok,,0.6414207460892849,0.1899135424242684,2508090,2506920,2243578,2242408,264512,264512,10.546352004912105,10.551274073364926,10.548813039138516,0.29881303913851553,True,True,True,/home/afm176/yolo_project/5_reproduction/stage3_results/near_target_20260729_172754/saved_near_target_models/GEN_C020_layers_1-9-19.pt,/home/afm176/yolo_project/5_reproduction/stage3_results/near_target_20260729_172754/saved_near_target_models/SNOW_C020_layers_1-9-19.pt,1310b184f2c7fb266cf4e473a9db4599490d03895534ae7075843d33b442a4db,04e207fb67c5d8c043ebb24eec0ff4f8e5b9f34ff6631d697758c59a52dba109,4.66103458404541,4.655791282653809,9.247493719211135,9.157421980105239,1.459369546518426e-10,1.459369546518426e-09,0.0,2.128136367573416e-07,4.738797482750777e-06,1.1998472226444972,833.4394422282961,0.0,0.0,0.0,0.0,0.0,0.996023453772068,1003.9924222796886,0.641420745943348,0.1899135424242684,False,False,"[{""layer_id"": 1, ""old_layer_type"": ""Conv"", ""original_layer_params"": 4672, ""input_shapes"": ""((1, 16, 320, 320))"", ""output_shape"": ""(1, 32, 160, 160)"", ""adapter_repr"": ""DynamicNoParamLayerAdapter(target_channels=32, h_scale=1/2, w_scale=1/2, multi_input_policy=concat)""}, {""layer_id"": 9, ""old_layer_type"": ""SPPF"", ""original_layer_params"": 164608, ""input_shapes"": ""((1, 256, 20, 20))"", ""output_shape"": ""(1, 256, 20, 20)"", ""adapter_repr"": ""DynamicNoParamLayerAdapter(target_channels=256, h_scale=1/1, w_scale=1/1, multi_input_policy=concat)""}, {""layer_id"": 19, ""old_layer_type"": ""C3k2"", ""original_layer_params"": 95232, ""input_shapes"": ""((1, 192, 40, 40))"", ""output_shape"": ""(1, 128, 40, 40)"", ""adapter_repr"": ""DynamicNoParamLayerAdapter(target_channels=128, h_scale=1/1, w_scale=1/1, multi_input_policy=concat)""}]","[{""layer_id"": 1, ""old_layer_type"": ""Conv"", ""original_layer_params"": 4672, ""input_shapes"": ""((1, 16, 320, 320))"", ""output_shape"": ""(1, 32, 160, 160)"", ""adapter_repr"": ""DynamicNoParamLayerAdapter(target_channels=32, h_scale=1/2, w_scale=1/2, multi_input_policy=concat)""}, {""layer_id"": 9, ""old_layer_type"": ""SPPF"", ""original_layer_params"": 164608, ""input_shapes"": ""((1, 256, 20, 20))"", ""output_shape"": ""(1, 256, 20, 20)"", ""adapter_repr"": ""DynamicNoParamLayerAdapter(target_channels=256, h_scale=1/1, w_scale=1/1, multi_input_policy=concat)""}, {""layer_id"": 19, ""old_layer_type"": ""C3k2"", ""original_layer_params"": 95232, ""input_shapes"": ""((1, 192, 40, 40))"", ""output_shape"": ""(1, 128, 40, 40)"", ""adapter_repr"": ""DynamicNoParamLayerAdapter(target_channels=128, h_scale=1/1, w_scale=1/1, multi_input_policy=concat)""}]"
C021,"13,16,19","C3k2,C3k2,C3k2",3,9.941589017937954,9.946228838574825,9.94390892825639,0.3060910717436105,10.25,9.737499999999999,10.762500000000001,retain_signed,ok,,0.6414207460892849,0.1899135424242684,2508090,2506920,2258746,2257576,249344,249344,9.941589017937954,9.946228838574825,9.94390892825639,0.3060910717436105,True,True,True,/home/afm176/yolo_project/5_reproduction/stage3_results/near_target_20260729_172754/saved_near_target_models/GEN_C021_layers_13-16-19.pt,/home/afm176/yolo_project/5_reproduction/stage3_results/near_target_20260729_172754/saved_near_target_models/SNOW_C021_layers_13-16-19.pt,e56301ed3c8071dbc69223e9edb6131328561e8294d64fe1a85febb0ad820589,ffaea65d892aae217beda406d375f0119fcedb3bf62cabfd458b8700a5b0beea,4.651823997497559,4.6464338302612305,9.426828113423712,9.340002136180383,8.114969498264567e-07,3.6735400311711952e-06,7.300762199573636e-08,0.00011678143667002649,0.010497670691218194,1.1170839737592773,895.1878493384348,3.272589485793197e-08,1.4033118158854897e-07,0.0,2.7607531334548064e-05,0.0008944543828264759,1.1282722000032663,886.3109451753796,0.641419934592335,0.18991350969837353,False,False,"[{""layer_id"": 13, ""old_layer_type"": ""C3k2"", ""original_layer_params"": 119808, ""input_shapes"": ""((1, 384, 40, 40))"", ""output_shape"": ""(1, 128, 40, 40)"", ""adapter_repr"": ""DynamicNoParamLayerAdapter(target_channels=128, h_scale=1/1, w_scale=1/1, multi_input_policy=concat)""}, {""layer_id"": 16, ""old_layer_type"": ""C3k2"", ""original_layer_params"": 34304, ""input_shapes"": ""((1, 256, 80, 80))"", ""output_shape"": ""(1, 64, 80, 80)"", ""adapter_repr"": ""DynamicNoParamLayerAdapter(target_channels=64, h_scale=1/1, w_scale=1/1, multi_input_policy=concat)""}, {""layer_id"": 19, ""old_layer_type"": ""C3k2"", ""original_layer_params"": 95232, ""input_shapes"": ""((1, 192, 40, 40))"", ""output_shape"": ""(1, 128, 40, 40)"", ""adapter_repr"": ""DynamicNoParamLayerAdapter(target_channels=128, h_scale=1/1, w_scale=1/1, multi_input_policy=concat)""}]","[{""layer_id"": 13, ""old_layer_type"": ""C3k2"", ""original_layer_params"": 119808, ""input_shapes"": ""((1, 384, 40, 40))"", ""output_shape"": ""(1, 128, 40, 40)"", ""adapter_repr"": ""DynamicNoParamLayerAdapter(target_channels=128, h_scale=1/1, w_scale=1/1, multi_input_policy=concat)""}, {""layer_id"": 16, ""old_layer_type"": ""C3k2"", ""original_layer_params"": 34304, ""input_shapes"": ""((1, 256, 80, 80))"", ""output_shape"": ""(1, 64, 80, 80)"", ""adapter_repr"": ""DynamicNoParamLayerAdapter(target_channels=64, h_scale=1/1, w_scale=1/1, multi_input_policy=concat)""}, {""layer_id"": 19, ""old_layer_type"": ""C3k2"", ""original_layer_params"": 95232, ""input_shapes"": ""((1, 192, 40, 40))"", ""output_shape"": ""(1, 128, 40, 40)"", ""adapter_repr"": ""DynamicNoParamLayerAdapter(target_channels=128, h_scale=1/1, w_scale=1/1, multi_input_policy=concat)""}]"
C022,"1,5,19","Conv,Conv,C3k2",3,9.872691968788999,9.877299634611395,9.874995801700198,0.375004198299802,10.25,9.737499999999999,10.762500000000001,retain_signed,ok,,0.6414207460892849,0.1899135424242684,2508090,2506920,2260474,2259304,247616,247616,9.872691968788999,9.877299634611395,9.874995801700198,0.375004198299802,True,True,True,/home/afm176/yolo_project/5_reproduction/stage3_results/near_target_20260729_172754/saved_near_target_models/GEN_C022_layers_1-5-19.pt,/home/afm176/yolo_project/5_reproduction/stage3_results/near_target_20260729_172754/saved_near_target_models/SNOW_C022_layers_1-5-19.pt,fcb4bcee9467e44c768328c92497f27415f47fd88e7a84f363e8393a84fdf664,336cd863f5880948c519e85ab9bc88d76cfd556dd708f5c2a65e698b3b7e0715,4.69748592376709,4.692187309265137,8.537769219770977,8.447272257678433,0.0,0.0,0.0,0.0,0.0,1.151880721222948,868.1454438601102,6.592827004219409e-08,6.592827004219409e-07,0.0,3.6158518947063925e-05,0.00022361359570661896,1.1219356767833233,891.3166955052875,0.6414207460892849,0.18991347649599835,False,False,"[{""layer_id"": 1, ""old_layer_type"": ""Conv"", ""original_layer_params"": 4672, ""input_shapes"": ""((1, 16, 320, 320))"", ""output_shape"": ""(1, 32, 160, 160)"", ""adapter_repr"": ""DynamicNoParamLayerAdapter(target_channels=32, h_scale=1/2, w_scale=1/2, multi_input_policy=concat)""}, {""layer_id"": 5, ""old_layer_type"": ""Conv"", ""original_layer_params"": 147712, ""input_shapes"": ""((1, 128, 80, 80))"", ""output_shape"": ""(1, 128, 40, 40)"", ""adapter_repr"": ""DynamicNoParamLayerAdapter(target_channels=128, h_scale=1/2, w_scale=1/2, multi_input_policy=concat)""}, {""layer_id"": 19, ""old_layer_type"": ""C3k2"", ""original_layer_params"": 95232, ""input_shapes"": ""((1, 192, 40, 40))"", ""output_shape"": ""(1, 128, 40, 40)"", ""adapter_repr"": ""DynamicNoParamLayerAdapter(target_channels=128, h_scale=1/1, w_scale=1/1, multi_input_policy=concat)""}]","[{""layer_id"": 1, ""old_layer_type"": ""Conv"", ""original_layer_params"": 4672, ""input_shapes"": ""((1, 16, 320, 320))"", ""output_shape"": ""(1, 32, 160, 160)"", ""adapter_repr"": ""DynamicNoParamLayerAdapter(target_channels=32, h_scale=1/2, w_scale=1/2, multi_input_policy=concat)""}, {""layer_id"": 5, ""old_layer_type"": ""Conv"", ""original_layer_params"": 147712, ""input_shapes"": ""((1, 128, 80, 80))"", ""output_shape"": ""(1, 128, 40, 40)"", ""adapter_repr"": ""DynamicNoParamLayerAdapter(target_channels=128, h_scale=1/2, w_scale=1/2, multi_input_policy=concat)""}, {""layer_id"": 19, ""old_layer_type"": ""C3k2"", ""original_layer_params"": 95232, ""input_shapes"": ""((1, 192, 40, 40))"", ""output_shape"": ""(1, 128, 40, 40)"", ""adapter_repr"": ""DynamicNoParamLayerAdapter(target_channels=128, h_scale=1/1, w_scale=1/1, multi_input_policy=concat)""}]"
C023,"1,19,20","Conv,C3k2,Conv",3,9.872691968788999,9.877299634611395,9.874995801700198,0.375004198299802,10.25,9.737499999999999,10.762500000000001,retain_signed,ok,,0.6414207460892849,0.1899135424242684,2508090,2506920,2260474,2259304,247616,247616,9.872691968788999,9.877299634611395,9.874995801700198,0.375004198299802,True,True,True,/home/afm176/yolo_project/5_reproduction/stage3_results/near_target_20260729_172754/saved_near_target_models/GEN_C023_layers_1-19-20.pt,/home/afm176/yolo_project/5_reproduction/stage3_results/near_target_20260729_172754/saved_near_target_models/SNOW_C023_layers_1-19-20.pt,f96e151201e47acfb6d09cc4a188a2b3012e2f843e4cc7cf103aac9164eb37b4,3e4cdba7c75eba1dbd61c6d4367fce1139ea10bbb9debd1ab769e7aafe5bd2d0,4.698107719421387,4.692809104919434,8.525662569840701,8.435139944005279,6.136369772733409e-10,6.13636977273341e-09,0.0,1.0479071721910586e-06,4.738797482750777e-06,1.1751140490682288,850.9812309647049,1.0775862068965518e-06,1.0775862068965518e-05,0.0,0.0001166044776119403,0.00022361359570661896,1.1605295445770025,861.6756072026469,0.6414207454756479,0.18991246483806148,False,False,"[{""layer_id"": 1, ""old_layer_type"": ""Conv"", ""original_layer_params"": 4672, ""input_shapes"": ""((1, 16, 320, 320))"", ""output_shape"": ""(1, 32, 160, 160)"", ""adapter_repr"": ""DynamicNoParamLayerAdapter(target_channels=32, h_scale=1/2, w_scale=1/2, multi_input_policy=concat)""}, {""layer_id"": 19, ""old_layer_type"": ""C3k2"", ""original_layer_params"": 95232, ""input_shapes"": ""((1, 192, 40, 40))"", ""output_shape"": ""(1, 128, 40, 40)"", ""adapter_repr"": ""DynamicNoParamLayerAdapter(target_channels=128, h_scale=1/1, w_scale=1/1, multi_input_policy=concat)""}, {""layer_id"": 20, ""old_layer_type"": ""Conv"", ""original_layer_params"": 147712, ""input_shapes"": ""((1, 128, 40, 40))"", ""output_shape"": ""(1, 128, 20, 20)"", ""adapter_repr"": ""DynamicNoParamLayerAdapter(target_channels=128, h_scale=1/2, w_scale=1/2, multi_input_policy=concat)""}]","[{""layer_id"": 1, ""old_layer_type"": ""Conv"", ""original_layer_params"": 4672, ""input_shapes"": ""((1, 16, 320, 320))"", ""output_shape"": ""(1, 32, 160, 160)"", ""adapter_repr"": ""DynamicNoParamLayerAdapter(target_channels=32, h_scale=1/2, w_scale=1/2, multi_input_policy=concat)""}, {""layer_id"": 19, ""old_layer_type"": ""C3k2"", ""original_layer_params"": 95232, ""input_shapes"": ""((1, 192, 40, 40))"", ""output_shape"": ""(1, 128, 40, 40)"", ""adapter_repr"": ""DynamicNoParamLayerAdapter(target_channels=128, h_scale=1/1, w_scale=1/1, multi_input_policy=concat)""}, {""layer_id"": 20, ""old_layer_type"": ""Conv"", ""original_layer_params"": 147712, ""input_shapes"": ""((1, 128, 40, 40))"", ""output_shape"": ""(1, 128, 20, 20)"", ""adapter_repr"": ""DynamicNoParamLayerAdapter(target_channels=128, h_scale=1/2, w_scale=1/2, multi_input_policy=concat)""}]"
C024,"2,9,19","C3k2,SPPF,C3k2",3,10.62481808866508,10.629776777878831,10.627297433271956,0.37729743327195564,10.25,9.737499999999999,10.762500000000001,retain_signed,ok,,0.6414207460892849,0.1899135424242684,2508090,2506920,2241610,2240440,266480,266480,10.62481808866508,10.629776777878831,10.627297433271956,0.37729743327195564,True,True,True,/home/afm176/yolo_project/5_reproduction/stage3_results/near_target_20260729_172754/saved_near_target_models/GEN_C024_layers_2-9-19.pt,/home/afm176/yolo_project/5_reproduction/stage3_results/near_target_20260729_172754/saved_near_target_models/SNOW_C024_layers_2-9-19.pt,132ee0f8563aa8e650a4a9735ee25ffddc00a0c1704e50b59753f0242cebc927,d993ec087c0a8009cbca949349dc02f32c6d19e3d6e14744a71656b2bbc42bdd,4.649153709411621,4.643893241882324,9.478819861590539,9.389573430084193,1.8275368226800674e-07,6.837855694999766e-07,2.561425546019084e-09,1.616732456468064e-05,0.0024564985044558756,1.0342763450674037,966.8595871588169,0.0,0.0,0.0,0.0,0.0,0.9135188162326813,1094.668201935855,0.6414205633356026,0.1899135424242684,False,False,"[{""layer_id"": 2, ""old_layer_type"": ""C3k2"", ""original_layer_params"": 6640, ""input_shapes"": ""((1, 32, 160, 160))"", ""output_shape"": ""(1, 64, 160, 160)"", ""adapter_repr"": ""DynamicNoParamLayerAdapter(target_channels=64, h_scale=1/1, w_scale=1/1, multi_input_policy=concat)""}, {""layer_id"": 9, ""old_layer_type"": ""SPPF"", ""original_layer_params"": 164608, ""input_shapes"": ""((1, 256, 20, 20))"", ""output_shape"": ""(1, 256, 20, 20)"", ""adapter_repr"": ""DynamicNoParamLayerAdapter(target_channels=256, h_scale=1/1, w_scale=1/1, multi_input_policy=concat)""}, {""layer_id"": 19, ""old_layer_type"": ""C3k2"", ""original_layer_params"": 95232, ""input_shapes"": ""((1, 192, 40, 40))"", ""output_shape"": ""(1, 128, 40, 40)"", ""adapter_repr"": ""DynamicNoParamLayerAdapter(target_channels=128, h_scale=1/1, w_scale=1/1, multi_input_policy=concat)""}]","[{""layer_id"": 2, ""old_layer_type"": ""C3k2"", ""original_layer_params"": 6640, ""input_shapes"": ""((1, 32, 160, 160))"", ""output_shape"": ""(1, 64, 160, 160)"", ""adapter_repr"": ""DynamicNoParamLayerAdapter(target_channels=64, h_scale=1/1, w_scale=1/1, multi_input_policy=concat)""}, {""layer_id"": 9, ""old_layer_type"": ""SPPF"", ""original_layer_params"": 164608, ""input_shapes"": ""((1, 256, 20, 20))"", ""output_shape"": ""(1, 256, 20, 20)"", ""adapter_repr"": ""DynamicNoParamLayerAdapter(target_channels=256, h_scale=1/1, w_scale=1/1, multi_input_policy=concat)""}, {""layer_id"": 19, ""old_layer_type"": ""C3k2"", ""original_layer_params"": 95232, ""input_shapes"": ""((1, 192, 40, 40))"", ""output_shape"": ""(1, 128, 40, 40)"", ""adapter_repr"": ""DynamicNoParamLayerAdapter(target_channels=128, h_scale=1/1, w_scale=1/1, multi_input_policy=concat)""}]"
C025,"5,13","Conv,C3k2",2,10.666283905282507,10.671261946930896,10.668772926106701,0.41877292610670125,10.25,9.737499999999999,10.762500000000001,retain_signed,ok,,0.6414207460892849,0.1899135424242684,2508090,2506920,2240570,2239400,267520,267520,10.666283905282507,10.671261946930894,10.668772926106701,0.41877292610670125,True,True,True,/home/afm176/yolo_project/5_reproduction/stage3_results/near_target_20260729_172754/saved_near_target_models/GEN_C025_layers_5-13.pt,/home/afm176/yolo_project/5_reproduction/stage3_results/near_target_20260729_172754/saved_near_target_models/SNOW_C025_layers_5-13.pt,9e775b440870c0d25a8209bf5a933b297bb24cf20136939f2b013b758c1536bd,41c920b8d8b45e6c4901f67aa21af16acbac431627fc4c4689ef82c063d4bdf0,4.660477638244629,4.655245780944824,9.258337712400218,9.168065666333835,0.001452709083152559,0.002677006768378677,0.001341066300916777,0.007287021960809007,0.01567338275114694,1.1949899461628362,836.827124120201,0.00015320768128973287,0.0002899158271474019,0.00016371533578349483,0.010479041916167664,0.0031305903398926656,1.1437927559018135,874.2842572136756,0.6399680370061324,0.18976033474297865,False,False,"[{""layer_id"": 5, ""old_layer_type"": ""Conv"", ""original_layer_params"": 147712, ""input_shapes"": ""((1, 128, 80, 80))"", ""output_shape"": ""(1, 128, 40, 40)"", ""adapter_repr"": ""DynamicNoParamLayerAdapter(target_channels=128, h_scale=1/2, w_scale=1/2, multi_input_policy=concat)""}, {""layer_id"": 13, ""old_layer_type"": ""C3k2"", ""original_layer_params"": 119808, ""input_shapes"": ""((1, 384, 40, 40))"", ""output_shape"": ""(1, 128, 40, 40)"", ""adapter_repr"": ""DynamicNoParamLayerAdapter(target_channels=128, h_scale=1/1, w_scale=1/1, multi_input_policy=concat)""}]","[{""layer_id"": 5, ""old_layer_type"": ""Conv"", ""original_layer_params"": 147712, ""input_shapes"": ""((1, 128, 80, 80))"", ""output_shape"": ""(1, 128, 40, 40)"", ""adapter_repr"": ""DynamicNoParamLayerAdapter(target_channels=128, h_scale=1/2, w_scale=1/2, multi_input_policy=concat)""}, {""layer_id"": 13, ""old_layer_type"": ""C3k2"", ""original_layer_params"": 119808, ""input_shapes"": ""((1, 384, 40, 40))"", ""output_shape"": ""(1, 128, 40, 40)"", ""adapter_repr"": ""DynamicNoParamLayerAdapter(target_channels=128, h_scale=1/1, w_scale=1/1, multi_input_policy=concat)""}]"
C026,"13,20","C3k2,Conv",2,10.666283905282507,10.671261946930896,10.668772926106701,0.41877292610670125,10.25,9.737499999999999,10.762500000000001,retain_signed,ok,,0.6414207460892849,0.1899135424242684,2508090,2506920,2240570,2239400,267520,267520,10.666283905282507,10.671261946930894,10.668772926106701,0.41877292610670125,True,True,True,/home/afm176/yolo_project/5_reproduction/stage3_results/near_target_20260729_172754/saved_near_target_models/GEN_C026_layers_13-20.pt,/home/afm176/yolo_project/5_reproduction/stage3_results/near_target_20260729_172754/saved_near_target_models/SNOW_C026_layers_13-20.pt,14b8b32bc6b201eff0cc83e929ce4053913b9e1d098249ac393c3de9ed99f36f,e7e8226c04cf96ba0021def5471e287d715da3127071cdcdfafe833fd3d6fb86,4.661105155944824,4.6559343338012695,9.246119651581013,9.15463080364669,0.004472580960310666,0.014456258760053152,0.0009645469479190751,0.07224218072347782,0.03176056303634455,1.1981799100441013,834.5992046913832,0.016135669142444388,0.04240047155225727,0.0056924603174603175,0.1447460210830922,0.073453073089701,1.0224187839776278,978.0727972441885,0.6369481651289742,0.173777873281824,False,False,"[{""layer_id"": 13, ""old_layer_type"": ""C3k2"", ""original_layer_params"": 119808, ""input_shapes"": ""((1, 384, 40, 40))"", ""output_shape"": ""(1, 128, 40, 40)"", ""adapter_repr"": ""DynamicNoParamLayerAdapter(target_channels=128, h_scale=1/1, w_scale=1/1, multi_input_policy=concat)""}, {""layer_id"": 20, ""old_layer_type"": ""Conv"", ""original_layer_params"": 147712, ""input_shapes"": ""((1, 128, 40, 40))"", ""output_shape"": ""(1, 128, 20, 20)"", ""adapter_repr"": ""DynamicNoParamLayerAdapter(target_channels=128, h_scale=1/2, w_scale=1/2, multi_input_policy=concat)""}]","[{""layer_id"": 13, ""old_layer_type"": ""C3k2"", ""original_layer_params"": 119808, ""input_shapes"": ""((1, 384, 40, 40))"", ""output_shape"": ""(1, 128, 40, 40)"", ""adapter_repr"": ""DynamicNoParamLayerAdapter(target_channels=128, h_scale=1/1, w_scale=1/1, multi_input_policy=concat)""}, {""layer_id"": 20, ""old_layer_type"": ""Conv"", ""original_layer_params"": 147712, ""input_shapes"": ""((1, 128, 40, 40))"", ""output_shape"": ""(1, 128, 20, 20)"", ""adapter_repr"": ""DynamicNoParamLayerAdapter(target_channels=128, h_scale=1/2, w_scale=1/2, multi_input_policy=concat)""}]"
C027,"0,5,13","Conv,Conv,C3k2",3,10.684784038850282,10.689770714661817,10.68727737675605,0.4372773767560503,10.25,9.737499999999999,10.762500000000001,retain_signed,ok,,0.6414207460892849,0.1899135424242684,2508090,2506920,2240106,2238936,267984,267984,10.68478403885028,10.689770714661815,10.687277376756047,0.4372773767560467,True,True,True,/home/afm176/yolo_project/5_reproduction/stage3_results/near_target_20260729_172754/saved_near_target_models/GEN_C027_layers_0-5-13.pt,/home/afm176/yolo_project/5_reproduction/stage3_results/near_target_20260729_172754/saved_near_target_models/SNOW_C027_layers_0-5-13.pt,303da759afdf48f99b37c2727b3fb576cd3330879efae262256d33e344ed1265,dc47ab00353fa42a4c5dab92eaf2ce6d4a9e41dacca041fefd56b0531d2535b2,4.66080379486084,4.655505180358887,9.25198729173127,9.163004333022334,0.0,0.0,0.0,0.0,0.0,1.1387579900805245,878.1497110982181,0.0,0.0,0.0,0.0,0.0,0.9645395167171955,1036.7641580963877,0.6414207460892849,0.1899135424242684,False,False,"[{""layer_id"": 0, ""old_layer_type"": ""Conv"", ""original_layer_params"": 464, ""input_shapes"": ""((1, 3, 640, 640))"", ""output_shape"": ""(1, 16, 320, 320)"", ""adapter_repr"": ""DynamicNoParamLayerAdapter(target_channels=16, h_scale=1/2, w_scale=1/2, multi_input_policy=concat)""}, {""layer_id"": 5, ""old_layer_type"": ""Conv"", ""original_layer_params"": 147712, ""input_shapes"": ""((1, 128, 80, 80))"", ""output_shape"": ""(1, 128, 40, 40)"", ""adapter_repr"": ""DynamicNoParamLayerAdapter(target_channels=128, h_scale=1/2, w_scale=1/2, multi_input_policy=concat)""}, {""layer_id"": 13, ""old_layer_type"": ""C3k2"", ""original_layer_params"": 119808, ""input_shapes"": ""((1, 384, 40, 40))"", ""output_shape"": ""(1, 128, 40, 40)"", ""adapter_repr"": ""DynamicNoParamLayerAdapter(target_channels=128, h_scale=1/1, w_scale=1/1, multi_input_policy=concat)""}]","[{""layer_id"": 0, ""old_layer_type"": ""Conv"", ""original_layer_params"": 464, ""input_shapes"": ""((1, 3, 640, 640))"", ""output_shape"": ""(1, 16, 320, 320)"", ""adapter_repr"": ""DynamicNoParamLayerAdapter(target_channels=16, h_scale=1/2, w_scale=1/2, multi_input_policy=concat)""}, {""layer_id"": 5, ""old_layer_type"": ""Conv"", ""original_layer_params"": 147712, ""input_shapes"": ""((1, 128, 80, 80))"", ""output_shape"": ""(1, 128, 40, 40)"", ""adapter_repr"": ""DynamicNoParamLayerAdapter(target_channels=128, h_scale=1/2, w_scale=1/2, multi_input_policy=concat)""}, {""layer_id"": 13, ""old_layer_type"": ""C3k2"", ""original_layer_params"": 119808, ""input_shapes"": ""((1, 384, 40, 40))"", ""output_shape"": ""(1, 128, 40, 40)"", ""adapter_repr"": ""DynamicNoParamLayerAdapter(target_channels=128, h_scale=1/1, w_scale=1/1, multi_input_policy=concat)""}]"
C028,"0,13,20","Conv,C3k2,Conv",3,10.684784038850282,10.689770714661817,10.68727737675605,0.4372773767560503,10.25,9.737499999999999,10.762500000000001,retain_signed,ok,,0.6414207460892849,0.1899135424242684,2508090,2506920,2240106,2238936,267984,267984,10.68478403885028,10.689770714661815,10.687277376756047,0.4372773767560467,True,True,True,/home/afm176/yolo_project/5_reproduction/stage3_results/near_target_20260729_172754/saved_near_target_models/GEN_C028_layers_0-13-20.pt,/home/afm176/yolo_project/5_reproduction/stage3_results/near_target_20260729_172754/saved_near_target_models/SNOW_C028_layers_0-13-20.pt,59baef4ddff27228d7a43df627e260a6dfbe2991495b0b56150dc2ce2cd76672,7db97c780ab5b457f2eb392387f5be0542c6c1f93cb38512bed13f5d1b01f4ef,4.661425590515137,4.656126976013184,9.239880641800994,9.15087201934918,0.0,0.0,0.0,0.0,0.0,1.158312943256037,863.3245495720554,0.0,0.0,0.0,0.0,0.0,1.1170773953199387,895.1931210760854,0.6414207460892849,0.1899135424242684,False,False,"[{""layer_id"": 0, ""old_layer_type"": ""Conv"", ""original_layer_params"": 464, ""input_shapes"": ""((1, 3, 640, 640))"", ""output_shape"": ""(1, 16, 320, 320)"", ""adapter_repr"": ""DynamicNoParamLayerAdapter(target_channels=16, h_scale=1/2, w_scale=1/2, multi_input_policy=concat)""}, {""layer_id"": 13, ""old_layer_type"": ""C3k2"", ""original_layer_params"": 119808, ""input_shapes"": ""((1, 384, 40, 40))"", ""output_shape"": ""(1, 128, 40, 40)"", ""adapter_repr"": ""DynamicNoParamLayerAdapter(target_channels=128, h_scale=1/1, w_scale=1/1, multi_input_policy=concat)""}, {""layer_id"": 20, ""old_layer_type"": ""Conv"", ""original_layer_params"": 147712, ""input_shapes"": ""((1, 128, 40, 40))"", ""output_shape"": ""(1, 128, 20, 20)"", ""adapter_repr"": ""DynamicNoParamLayerAdapter(target_channels=128, h_scale=1/2, w_scale=1/2, multi_input_policy=concat)""}]","[{""layer_id"": 0, ""old_layer_type"": ""Conv"", ""original_layer_params"": 464, ""input_shapes"": ""((1, 3, 640, 640))"", ""output_shape"": ""(1, 16, 320, 320)"", ""adapter_repr"": ""DynamicNoParamLayerAdapter(target_channels=16, h_scale=1/2, w_scale=1/2, multi_input_policy=concat)""}, {""layer_id"": 13, ""old_layer_type"": ""C3k2"", ""original_layer_params"": 119808, ""input_shapes"": ""((1, 384, 40, 40))"", ""output_shape"": ""(1, 128, 40, 40)"", ""adapter_repr"": ""DynamicNoParamLayerAdapter(target_channels=128, h_scale=1/1, w_scale=1/1, multi_input_policy=concat)""}, {""layer_id"": 20, ""old_layer_type"": ""Conv"", ""original_layer_params"": 147712, ""input_shapes"": ""((1, 128, 40, 40))"", ""output_shape"": ""(1, 128, 20, 20)"", ""adapter_repr"": ""DynamicNoParamLayerAdapter(target_channels=128, h_scale=1/2, w_scale=1/2, multi_input_policy=concat)""}]"
C029,"4,5,19","C3k2,Conv,C3k2",3,10.726249855467707,10.73125588371388,10.728752869590792,0.47875286959079233,10.25,9.737499999999999,10.762500000000001,retain_signed,ok,,0.6414207460892849,0.1899135424242684,2508090,2506920,2239066,2237896,269024,269024,10.726249855467707,10.73125588371388,10.728752869590792,0.47875286959079233,True,True,True,/home/afm176/yolo_project/5_reproduction/stage3_results/near_target_20260729_172754/saved_near_target_models/GEN_C029_layers_4-5-19.pt,/home/afm176/yolo_project/5_reproduction/stage3_results/near_target_20260729_172754/saved_near_target_models/SNOW_C029_layers_4-5-19.pt,318b8165d954df0508f0f52d3889e4abe7525e2d11affecfe369f67ae1166b7c,177fa1cf538bc8155b1efeb8ed5ca7c77870ad4da371fda24ffc90bc1010f7b0,4.648007392883301,4.642691612243652,9.501139176339299,9.413019312335996,6.614946249829307e-09,3.962834373141902e-08,0.0,5.8261531568313714e-06,8.547511267732529e-05,1.165351570837877,858.1101403424627,1.036159540928822e-06,3.952805328268375e-06,0.0,7.773192379444852e-05,0.0024597495527728087,0.9655090235173702,1035.7231011233623,0.6414207394743386,0.18991250626472747,False,False,"[{""layer_id"": 4, ""old_layer_type"": ""C3k2"", ""original_layer_params"": 26080, ""input_shapes"": ""((1, 64, 80, 80))"", ""output_shape"": ""(1, 128, 80, 80)"", ""adapter_repr"": ""DynamicNoParamLayerAdapter(target_channels=128, h_scale=1/1, w_scale=1/1, multi_input_policy=concat)""}, {""layer_id"": 5, ""old_layer_type"": ""Conv"", ""original_layer_params"": 147712, ""input_shapes"": ""((1, 128, 80, 80))"", ""output_shape"": ""(1, 128, 40, 40)"", ""adapter_repr"": ""DynamicNoParamLayerAdapter(target_channels=128, h_scale=1/2, w_scale=1/2, multi_input_policy=concat)""}, {""layer_id"": 19, ""old_layer_type"": ""C3k2"", ""original_layer_params"": 95232, ""input_shapes"": ""((1, 192, 40, 40))"", ""output_shape"": ""(1, 128, 40, 40)"", ""adapter_repr"": ""DynamicNoParamLayerAdapter(target_channels=128, h_scale=1/1, w_scale=1/1, multi_input_policy=concat)""}]","[{""layer_id"": 4, ""old_layer_type"": ""C3k2"", ""original_layer_params"": 26080, ""input_shapes"": ""((1, 64, 80, 80))"", ""output_shape"": ""(1, 128, 80, 80)"", ""adapter_repr"": ""DynamicNoParamLayerAdapter(target_channels=128, h_scale=1/1, w_scale=1/1, multi_input_policy=concat)""}, {""layer_id"": 5, ""old_layer_type"": ""Conv"", ""original_layer_params"": 147712, ""input_shapes"": ""((1, 128, 80, 80))"", ""output_shape"": ""(1, 128, 40, 40)"", ""adapter_repr"": ""DynamicNoParamLayerAdapter(target_channels=128, h_scale=1/2, w_scale=1/2, multi_input_policy=concat)""}, {""layer_id"": 19, ""old_layer_type"": ""C3k2"", ""original_layer_params"": 95232, ""input_shapes"": ""((1, 192, 40, 40))"", ""output_shape"": ""(1, 128, 40, 40)"", ""adapter_repr"": ""DynamicNoParamLayerAdapter(target_channels=128, h_scale=1/1, w_scale=1/1, multi_input_policy=concat)""}]"
C030,"4,19,20","C3k2,C3k2,Conv",3,10.726249855467707,10.73125588371388,10.728752869590792,0.47875286959079233,10.25,9.737499999999999,10.762500000000001,retain_signed,ok,,0.6414207460892849,0.1899135424242684,2508090,2506920,2239066,2237896,269024,269024,10.726249855467707,10.73125588371388,10.728752869590792,0.47875286959079233,True,True,True,/home/afm176/yolo_project/5_reproduction/stage3_results/near_target_20260729_172754/saved_near_target_models/GEN_C030_layers_4-19-20.pt,/home/afm176/yolo_project/5_reproduction/stage3_results/near_target_20260729_172754/saved_near_target_models/SNOW_C030_layers_4-19-20.pt,1d148dbed41f31640c06944e4ea3df5412196d23b393abc40c95f31df796abf8,f2c0a9af036648a280910d2e1504abccc2cf38be3e73811aed4e2fc691117d44,4.648612022399902,4.643296241760254,9.489366759075809,9.401221939837866,3.6656891495601174e-07,3.6656891495601173e-06,0.0,1.7669405424507466e-05,4.738797482750777e-06,1.150301971388134,869.3369435794706,0.0,0.0,0.0,0.0,0.0,0.9740608092397451,1026.6299501162564,0.6414203795203699,0.1899135424242684,False,False,"[{""layer_id"": 4, ""old_layer_type"": ""C3k2"", ""original_layer_params"": 26080, ""input_shapes"": ""((1, 64, 80, 80))"", ""output_shape"": ""(1, 128, 80, 80)"", ""adapter_repr"": ""DynamicNoParamLayerAdapter(target_channels=128, h_scale=1/1, w_scale=1/1, multi_input_policy=concat)""}, {""layer_id"": 19, ""old_layer_type"": ""C3k2"", ""original_layer_params"": 95232, ""input_shapes"": ""((1, 192, 40, 40))"", ""output_shape"": ""(1, 128, 40, 40)"", ""adapter_repr"": ""DynamicNoParamLayerAdapter(target_channels=128, h_scale=1/1, w_scale=1/1, multi_input_policy=concat)""}, {""layer_id"": 20, ""old_layer_type"": ""Conv"", ""original_layer_params"": 147712, ""input_shapes"": ""((1, 128, 40, 40))"", ""output_shape"": ""(1, 128, 20, 20)"", ""adapter_repr"": ""DynamicNoParamLayerAdapter(target_channels=128, h_scale=1/2, w_scale=1/2, multi_input_policy=concat)""}]","[{""layer_id"": 4, ""old_layer_type"": ""C3k2"", ""original_layer_params"": 26080, ""input_shapes"": ""((1, 64, 80, 80))"", ""output_shape"": ""(1, 128, 80, 80)"", ""adapter_repr"": ""DynamicNoParamLayerAdapter(target_channels=128, h_scale=1/1, w_scale=1/1, multi_input_policy=concat)""}, {""layer_id"": 19, ""old_layer_type"": ""C3k2"", ""original_layer_params"": 95232, ""input_shapes"": ""((1, 192, 40, 40))"", ""output_shape"": ""(1, 128, 40, 40)"", ""adapter_repr"": ""DynamicNoParamLayerAdapter(target_channels=128, h_scale=1/1, w_scale=1/1, multi_input_policy=concat)""}, {""layer_id"": 20, ""old_layer_type"": ""Conv"", ""original_layer_params"": 147712, ""input_shapes"": ""((1, 128, 40, 40))"", ""output_shape"": ""(1, 128, 20, 20)"", ""adapter_repr"": ""DynamicNoParamLayerAdapter(target_channels=128, h_scale=1/2, w_scale=1/2, multi_input_policy=concat)""}]"
C031,"5,6,16","Conv,C3k2,C3k2",3,10.727525726748244,10.732532350453944,10.730029038601094,0.4800290386010939,10.25,9.737499999999999,10.762500000000001,retain_signed,ok,,0.6414207460892849,0.1899135424242684,2508090,2506920,2239034,2237864,269056,269056,10.727525726748242,10.732532350453944,10.730029038601092,0.48002903860109214,True,True,True,/home/afm176/yolo_project/5_reproduction/stage3_results/near_target_20260729_172754/saved_near_target_models/GEN_C031_layers_5-6-16.pt,/home/afm176/yolo_project/5_reproduction/stage3_results/near_target_20260729_172754/saved_near_target_models/SNOW_C031_layers_5-6-16.pt,175a8d33969d64303b3c00bf359b4060d4b7c574f686367f917a14fd28124a1d,55224739ecdbe4e6fc9a09fb7faaa23e43b063425983b066ba52222d2c8f31f5,4.635550498962402,4.630206108093262,9.743680681537544,9.656633193638054,6.315122976191014e-09,3.957673884724584e-08,2.4960350483257344e-09,5.660357387670716e-06,0.00034893428149029436,1.1226286775517194,890.7664840531656,1.1345071192035428e-08,6.242197253433208e-08,0.0,8.501955449753444e-06,0.0004472271914132379,0.9720568358898163,1028.7464303304905,0.6414207397741619,0.1899135310791972,False,False,"[{""layer_id"": 5, ""old_layer_type"": ""Conv"", ""original_layer_params"": 147712, ""input_shapes"": ""((1, 128, 80, 80))"", ""output_shape"": ""(1, 128, 40, 40)"", ""adapter_repr"": ""DynamicNoParamLayerAdapter(target_channels=128, h_scale=1/2, w_scale=1/2, multi_input_policy=concat)""}, {""layer_id"": 6, ""old_layer_type"": ""C3k2"", ""original_layer_params"": 87040, ""input_shapes"": ""((1, 128, 40, 40))"", ""output_shape"": ""(1, 128, 40, 40)"", ""adapter_repr"": ""DynamicNoParamLayerAdapter(target_channels=128, h_scale=1/1, w_scale=1/1, multi_input_policy=concat)""}, {""layer_id"": 16, ""old_layer_type"": ""C3k2"", ""original_layer_params"": 34304, ""input_shapes"": ""((1, 256, 80, 80))"", ""output_shape"": ""(1, 64, 80, 80)"", ""adapter_repr"": ""DynamicNoParamLayerAdapter(target_channels=64, h_scale=1/1, w_scale=1/1, multi_input_policy=concat)""}]","[{""layer_id"": 5, ""old_layer_type"": ""Conv"", ""original_layer_params"": 147712, ""input_shapes"": ""((1, 128, 80, 80))"", ""output_shape"": ""(1, 128, 40, 40)"", ""adapter_repr"": ""DynamicNoParamLayerAdapter(target_channels=128, h_scale=1/2, w_scale=1/2, multi_input_policy=concat)""}, {""layer_id"": 6, ""old_layer_type"": ""C3k2"", ""original_layer_params"": 87040, ""input_shapes"": ""((1, 128, 40, 40))"", ""output_shape"": ""(1, 128, 40, 40)"", ""adapter_repr"": ""DynamicNoParamLayerAdapter(target_channels=128, h_scale=1/1, w_scale=1/1, multi_input_policy=concat)""}, {""layer_id"": 16, ""old_layer_type"": ""C3k2"", ""original_layer_params"": 34304, ""input_shapes"": ""((1, 256, 80, 80))"", ""output_shape"": ""(1, 64, 80, 80)"", ""adapter_repr"": ""DynamicNoParamLayerAdapter(target_channels=64, h_scale=1/1, w_scale=1/1, multi_input_policy=concat)""}]"
C032,"6,16,20","C3k2,C3k2,Conv",3,10.727525726748244,10.732532350453944,10.730029038601094,0.4800290386010939,10.25,9.737499999999999,10.762500000000001,retain_signed,ok,,0.6414207460892849,0.1899135424242684,2508090,2506920,2239034,2237864,269056,269056,10.727525726748242,10.732532350453944,10.730029038601092,0.48002903860109214,True,True,True,/home/afm176/yolo_project/5_reproduction/stage3_results/near_target_20260729_172754/saved_near_target_models/GEN_C032_layers_6-16-20.pt,/home/afm176/yolo_project/5_reproduction/stage3_results/near_target_20260729_172754/saved_near_target_models/SNOW_C032_layers_6-16-20.pt,c0b8627317f73a74eddc14bad6b9995183b75b0b7b8e30778f43ccd5895a4873,213083211b738da35ac118aff6b455e5dfd72f3c18c47ef9794a491b5552ebe9,4.636126518249512,4.630782127380371,9.7324653187187,9.645394056431634,1.0165406152541627e-08,3.26119568478587e-08,1.2727303272800583e-09,0.4545488243981027,4.738797482750777e-06,1.2028996149416673,831.3245657232115,2.7843364369403484e-09,2.7843364369403483e-08,0.0,4.188165918381023e-06,0.00022361359570661896,1.106911078095436,903.414935299601,0.6414207359238787,0.18991353963993196,False,False,"[{""layer_id"": 6, ""old_layer_type"": ""C3k2"", ""original_layer_params"": 87040, ""input_shapes"": ""((1, 128, 40, 40))"", ""output_shape"": ""(1, 128, 40, 40)"", ""adapter_repr"": ""DynamicNoParamLayerAdapter(target_channels=128, h_scale=1/1, w_scale=1/1, multi_input_policy=concat)""}, {""layer_id"": 16, ""old_layer_type"": ""C3k2"", ""original_layer_params"": 34304, ""input_shapes"": ""((1, 256, 80, 80))"", ""output_shape"": ""(1, 64, 80, 80)"", ""adapter_repr"": ""DynamicNoParamLayerAdapter(target_channels=64, h_scale=1/1, w_scale=1/1, multi_input_policy=concat)""}, {""layer_id"": 20, ""old_layer_type"": ""Conv"", ""original_layer_params"": 147712, ""input_shapes"": ""((1, 128, 40, 40))"", ""output_shape"": ""(1, 128, 20, 20)"", ""adapter_repr"": ""DynamicNoParamLayerAdapter(target_channels=128, h_scale=1/2, w_scale=1/2, multi_input_policy=concat)""}]","[{""layer_id"": 6, ""old_layer_type"": ""C3k2"", ""original_layer_params"": 87040, ""input_shapes"": ""((1, 128, 40, 40))"", ""output_shape"": ""(1, 128, 40, 40)"", ""adapter_repr"": ""DynamicNoParamLayerAdapter(target_channels=128, h_scale=1/1, w_scale=1/1, multi_input_policy=concat)""}, {""layer_id"": 16, ""old_layer_type"": ""C3k2"", ""original_layer_params"": 34304, ""input_shapes"": ""((1, 256, 80, 80))"", ""output_shape"": ""(1, 64, 80, 80)"", ""adapter_repr"": ""DynamicNoParamLayerAdapter(target_channels=64, h_scale=1/1, w_scale=1/1, multi_input_policy=concat)""}, {""layer_id"": 20, ""old_layer_type"": ""Conv"", ""original_layer_params"": 147712, ""input_shapes"": ""((1, 128, 40, 40))"", ""output_shape"": ""(1, 128, 20, 20)"", ""adapter_repr"": ""DynamicNoParamLayerAdapter(target_channels=128, h_scale=1/2, w_scale=1/2, multi_input_policy=concat)""}]"
