rank_by_sensitivity_ascending,ratio_percent,group_id,group_kind,representative_root,mAP_GEN2_baseline,mAP_GEN2_pruned,AD_GEN2,NAD_GEN2_signed,D_GEN2_nonnegative_harm,mAP_NGN2_baseline,mAP_NGN2_pruned,AD_NGN2,NAD_NGN2_signed,D_NGN2_nonnegative_harm,sensitivity_S_GEN_PROTECTED
1,37.5,DG026,GENERIC,model.22.m.0.1.ffn.0.conv,0.29238744923632365,0.2923277921063388,5.965712998484696e-05,0.0002040345101701981,0.0002040345101701981,0.2556081270327769,0.25554548561650076,6.26414162761546e-05,0.0002450681713579554,0.0002450681713579554,0.00022455134076407676
2,37.5,DG039,GENERIC,model.8.m.0.cv2.conv,0.29238744923632365,0.29121023667570756,0.0011772125606160921,0.004026207567017024,0.004026207567017024,0.2556081270327769,0.2554377465612968,0.0001703804714801027,0.0006665690698412521,0.0006665690698412521,0.004026207567017024
3,37.5,DG033,GENERIC,model.6.m.0.cv2.conv,0.29238744923632365,0.2913099396144412,0.0010775096218824665,0.0036852116077375255,0.0036852116077375255,0.2556081270327769,0.2534229292722301,0.00218519776054682,0.008549015189437265,0.008549015189437265,0.006117113398587395
4,37.5,DG007,GENERIC,model.13.m.0.cv2.conv,0.29238744923632365,0.2899853188058779,0.002402130430445737,0.008215572989606004,0.008215572989606004,0.2556081270327769,0.2529862843202488,0.002621842712528133,0.01025727445744294,0.01025727445744294,0.009236423723524472
5,37.5,DG018,GENERIC,model.19.m.0.cv2.conv,0.29238744923632365,0.28936292269090685,0.0030245265454167947,0.010344242043618656,0.010344242043618656,0.2556081270327769,0.254485964152192,0.0011221628805849204,0.004390169020099366,0.004390169020099366,0.010344242043618656
6,37.5,DG034,GENERIC,model.6.m.0.m.0.cv1.conv,0.29238744923632365,0.2899608789917268,0.0024265702445968595,0.008299160073165697,0.008299160073165697,0.2556081270327769,0.25210536292572067,0.0035027641070562443,0.013703649205985853,0.013703649205985853,0.011001404639575775
7,37.5,DG040,GENERIC,model.8.m.0.m.0.cv1.conv,0.29238744923632365,0.28849669001412503,0.0038907592221986143,0.013306861263575949,0.013306861263575949,0.2556081270327769,0.2504325076560401,0.005175619376736829,0.02024825828825526,0.02024825828825526,0.016777559775915607
8,37.5,DG004,GENERIC,model.10.m.0.ffn.0.conv,0.29238744923632365,0.28654823540825275,0.005839213828070899,0.019970808744773874,0.019970808744773874,0.2556081270327769,0.2537695419371657,0.0018385850956111893,0.007192983716732237,0.007192983716732237,0.019970808744773874
9,37.5,DG025,GENERIC,model.22.m.0.0.cv1.conv,0.29238744923632365,0.2854529322706554,0.006934516965668269,0.02371687630156591,0.02371687630156591,0.2556081270327769,0.2484122946966002,0.007195832336176711,0.028151813558158035,0.028151813558158035,0.02593434492986197
10,37.5,DG041,GENERIC,model.8.m.0.m.1.cv1.conv,0.29238744923632365,0.28558862195873874,0.006798827277584907,0.023252801361147754,0.023252801361147754,0.2556081270327769,0.2472522387320195,0.008355888300757397,0.03269022936694776,0.03269022936694776,0.027971515364047756
11,37.5,DG012,GENERIC,model.16.m.0.cv2.conv,0.29238744923632365,0.2826342940962212,0.009753155140102443,0.03335695552451503,0.03335695552451503,0.2556081270327769,0.2503147217325132,0.005293405300263732,0.02070906493354553,0.02070906493354553,0.03335695552451503
12,37.5,DG035,GENERIC,model.6.m.0.m.1.cv1.conv,0.29238744923632365,0.28260299338526507,0.009784455851058582,0.03346400769463345,0.03346400769463345,0.2556081270327769,0.24989098200382126,0.00571714502895565,0.02236683588790013,0.02236683588790013,0.03346400769463345
13,37.5,DG019,GENERIC,model.19.m.0.m.0.cv1.conv,0.29238744923632365,0.27972474380848006,0.01266270542784359,0.043307965033782606,0.043307965033782606,0.2556081270327769,0.24739527238376344,0.008212854649013474,0.03213064758289289,0.03213064758289289,0.043307965033782606
14,37.5,DG009,GENERIC,model.13.m.0.m.1.cv1.conv,0.29238744923632365,0.2779214466446358,0.014466002591687843,0.049475456725215396,0.049475456725215396,0.2556081270327769,0.2407860327900318,0.01482209424274511,0.05798757032809233,0.05798757032809233,0.05373151352665387
15,37.5,DG038,GENERIC,model.8.m.0.cv1.conv,0.29238744923632365,0.2765938134539975,0.015793635782326176,0.05401612081358831,0.05401612081358831,0.2556081270327769,0.24909752202786198,0.006510605004914932,0.025471040692223647,0.025471040692223647,0.05401612081358831
16,37.5,DG042,GENERIC,model.9.cv1.conv,0.29238744923632365,0.2710482628113059,0.021339186425017753,0.07298256638837547,0.07298256638837547,0.2556081270327769,0.24273032620331836,0.012877800829458552,0.05038103044277312,0.05038103044277312,0.07298256638837547
17,37.5,DG014,GENERIC,model.16.m.0.m.1.cv1.conv,0.29238744923632365,0.27133084203393737,0.02105660720238628,0.07201611169488732,0.07201611169488732,0.2556081270327769,0.23572221876374522,0.019885908269031694,0.0777984194003413,0.0777984194003413,0.07490726554761432
18,37.5,DG008,GENERIC,model.13.m.0.m.0.cv1.conv,0.29238744923632365,0.26796858731651957,0.02441886191980408,0.08351542442598968,0.08351542442598968,0.2556081270327769,0.24587678302079893,0.009731344011977977,0.03807134039494024,0.03807134039494024,0.08351542442598968
19,37.5,DG020,GENERIC,model.19.m.0.m.1.cv1.conv,0.29238744923632365,0.2644295922798836,0.02795785695644004,0.0956192101591986,0.0956192101591986,0.2556081270327769,0.22974281733689397,0.025865309695882938,0.10119126491062704,0.10119126491062704,0.09840523753491282
20,37.5,DG001,GENERIC,model.0.conv,0.29238744923632365,0.2632488768662778,0.029138572370045857,0.09965739790183148,0.09965739790183148,0.2556081270327769,0.23316588394015267,0.022442243092624242,0.08779941136122972,0.08779941136122972,0.09965739790183148
21,37.5,DG022,GENERIC,model.2.m.0.cv1.conv,0.29238744923632365,0.26290257230310465,0.029484876933218995,0.10084180087151311,0.10084180087151311,0.2556081270327769,0.23542842944610537,0.02017969758667154,0.07894779333085868,0.07894779333085868,0.10084180087151311
22,37.5,DG023,GENERIC,model.20.conv,0.29238744923632365,0.26358039833933616,0.028807050896987485,0.09852355486607785,0.09852355486607785,0.2556081270327769,0.22348111000849552,0.03212701702428139,0.1256885584868814,0.1256885584868814,0.11210605667647963
23,37.5,DG029,GENERIC,model.4.m.0.cv1.conv,0.29238744923632365,0.26137848523239426,0.031008964003929385,0.10605436069475825,0.10605436069475825,0.2556081270327769,0.2238912559884301,0.03171687104434681,0.1240839695221417,0.1240839695221417,0.11506916510844997
24,37.5,CDG005,CUSTOM,model.10,0.29238744923632365,0.25706776743819687,0.03531968179812678,0.12079753043564967,0.12079753043564967,0.2556081270327769,0.23539556646932608,0.020212560563450832,0.07907636113956171,0.07907636113956171,0.12079753043564967
25,37.5,DG013,GENERIC,model.16.m.0.m.0.cv1.conv,0.29238744923632365,0.2590937581993561,0.033293691036967554,0.11386840004222534,0.11386840004222534,0.2556081270327769,0.22033026600768457,0.03527786102509234,0.13801541224300987,0.13801541224300987,0.1259419061426176
26,37.5,CDG009,CUSTOM,model.22,0.29238744923632365,0.2600555820617315,0.03233186717459213,0.11057884754984725,0.11057884754984725,0.2556081270327769,0.21661784636540657,0.03899028066737034,0.15253928394213606,0.15253928394213606,0.13155906574599166
27,37.5,DG003,GENERIC,model.10.cv2.conv,0.29238744923632365,0.2523478548624929,0.040039594373830756,0.13694019520471465,0.13694019520471465,0.2556081270327769,0.23963380859837088,0.015974318434406026,0.062495346371978316,0.062495346371978316,0.13694019520471465
28,37.5,DG036,GENERIC,model.7.conv,0.29238744923632365,0.2437179626411313,0.04866948659519235,0.16645545738132894,0.16645545738132894,0.2556081270327769,0.2339375082038631,0.0216706188289138,0.08478063307484333,0.08478063307484333,0.16645545738132894
29,37.5,DG005,GENERIC,model.13.cv2.conv,0.29238744923632365,0.2393923603802327,0.052995088856090944,0.1812495337761827,0.1812495337761827,0.2556081270327769,0.21438740366382966,0.04122072336894725,0.16126530813968004,0.16126530813968004,0.1812495337761827
30,37.5,DG024,GENERIC,model.22.cv2.conv,0.29238744923632365,0.23970969143002724,0.05267775780629641,0.18016422368293702,0.18016422368293702,0.2556081270327769,0.206529863735053,0.04907826329772391,0.19200587973257421,0.19200587973257421,0.18608505170775563
31,37.5,CDG004,CUSTOM,model.8,0.29238744923632365,0.23626737302146236,0.056120076214861286,0.19193736380080373,0.19193736380080373,0.2556081270327769,0.23155842331767937,0.024049703715097542,0.09408818097561358,0.09408818097561358,0.19193736380080373
32,37.5,DG037,GENERIC,model.8.cv2.conv,0.29238744923632365,0.22829991485920714,0.0640875343771165,0.2191870223722135,0.2191870223722135,0.2556081270327769,0.21036108310435778,0.045247043928419134,0.17701723514689757,0.17701723514689757,0.2191870223722135
33,37.5,DG015,GENERIC,model.17.conv,0.29238744923632365,0.22891056580270724,0.0634768834336164,0.2170985232075091,0.2170985232075091,0.2556081270327769,0.19631130150243153,0.059296825530345376,0.23198333409305752,0.23198333409305752,0.2245409286502833
34,37.5,DG006,GENERIC,model.13.m.0.cv1.conv,0.29238744923632365,0.22208224650547778,0.07030520273084587,0.2404521907984543,0.2404521907984543,0.2556081270327769,0.1880692784393983,0.06753884859337861,0.26422809547334164,0.26422809547334164,0.252340143135898
35,37.5,CDG006,CUSTOM,model.13,0.29238744923632365,0.21112370752221385,0.0812637417141098,0.27793170304115195,0.27793170304115195,0.2556081270327769,0.19140234371051815,0.06420578332225876,0.25118834861626127,0.25118834861626127,0.27793170304115195
36,37.5,DG017,GENERIC,model.19.m.0.cv1.conv,0.29238744923632365,0.20315381748915504,0.08923363174716861,0.30518967890117976,0.30518967890117976,0.2556081270327769,0.1908335323033903,0.0647745947293866,0.25341367460151404,0.25341367460151404,0.30518967890117976
37,37.5,DG032,GENERIC,model.6.m.0.cv1.conv,0.29238744923632365,0.2200505981972425,0.07233685103908116,0.24740067067863278,0.24740067067863278,0.2556081270327769,0.15476872049532597,0.10083940653745094,0.39450782613230523,0.39450782613230523,0.320954248405469
38,37.5,CDG003,CUSTOM,model.6,0.29238744923632365,0.1967250232491319,0.09566242598719174,0.3271769230760384,0.3271769230760384,0.2556081270327769,0.17055896375087312,0.08504916328190379,0.3327326257940063,0.3327326257940063,0.32995477443502236
39,37.5,DG010,GENERIC,model.16.cv2.conv,0.29238744923632365,0.19048146611273664,0.10190598312358701,0.3485306342312285,0.3485306342312285,0.2556081270327769,0.19669771296568006,0.05891041406709685,0.2304716002224088,0.2304716002224088,0.3485306342312285
40,37.5,DG031,GENERIC,model.6.cv2.conv,0.29238744923632365,0.18705554118076603,0.10533190805555762,0.36024770670105805,0.36024770670105805,0.2556081270327769,0.21359525541589602,0.04201287161688089,0.1643643811508917,0.1643643811508917,0.36024770670105805
41,37.5,DG002,GENERIC,model.1.conv,0.29238744923632365,0.19344099212757712,0.09894645710874653,0.33840870176603427,0.33840870176603427,0.2556081270327769,0.1375633309652623,0.11804479606751461,0.4618194164553211,0.4618194164553211,0.40011405911067766
42,37.5,DG011,GENERIC,model.16.m.0.cv1.conv,0.29238744923632365,0.1346724425490123,0.15771500668731134,0.5394041608121057,0.5394041608121057,0.2556081270327769,0.13879599813335172,0.11681212889942519,0.4569969282879892,0.4569969282879892,0.5394041608121057
43,37.5,CDG008,CUSTOM,model.19,0.29238744923632365,0.1313156363516886,0.16107181288463504,0.5508848389536991,0.5508848389536991,0.2556081270327769,0.12793072891785345,0.12767739811492346,0.4995044547177142,0.4995044547177142,0.5508848389536991
44,37.5,DG021,GENERIC,model.2.cv2.conv,0.29238744923632365,0.12874426063704048,0.16364318859928317,0.5596792510304289,0.5596792510304289,0.2556081270327769,0.20750424316322336,0.048103883869553554,0.18819387485040778,0.18819387485040778,0.5596792510304289
45,37.5,DG028,GENERIC,model.4.cv2.conv,0.29238744923632365,0.11033624278377929,0.18205120645254436,0.622636870796053,0.622636870796053,0.2556081270327769,0.16808783602418123,0.08752029100859568,0.3424002672550895,0.3424002672550895,0.622636870796053
46,37.5,DG030,GENERIC,model.5.conv,0.29238744923632365,0.09957395809589967,0.19281349114042398,0.6594451699073495,0.6594451699073495,0.2556081270327769,0.18216709020643637,0.07344103682634054,0.28731886454034034,0.28731886454034034,0.6594451699073495
47,37.5,CDG001,CUSTOM,model.2,0.29238744923632365,0.08610914210726937,0.20627830712905426,0.705496448865453,0.705496448865453,0.2556081270327769,0.07402012117183118,0.18158800586094573,0.7104156192876468,0.7104156192876468,0.70795603407655
48,37.5,DG016,GENERIC,model.19.cv2.conv,0.29238744923632365,0.08248237806574643,0.20990507117057722,0.717900415078762,0.717900415078762,0.2556081270327769,0.122372209685171,0.13323591734760593,0.5212507086307194,0.5212507086307194,0.717900415078762
49,37.5,CDG007,CUSTOM,model.16,0.29238744923632365,0.05817483202800241,0.23421261720832123,0.8010351258922119,0.8010351258922119,0.2556081270327769,0.08650881999141329,0.1690993070413636,0.6615568487760948,0.6615568487760948,0.8010351258922119
50,37.5,CDG002,CUSTOM,model.4,0.29238744923632365,0.00011284373512024586,0.2922746055012034,0.999614060947503,0.999614060947503,0.2556081270327769,0.006943594431875876,0.24866453260090104,0.9728350013261297,0.9728350013261297,0.999614060947503
51,37.5,DG027,GENERIC,model.3.conv,0.29238744923632365,0.0,0.29238744923632365,1.0,1.0,0.2556081270327769,0.1570443939771443,0.09856373305563262,0.3856048483270397,0.3856048483270397,1.0
